{
  "fio version" : "fio-3.40",
  "timestamp" : 1762981935,
  "timestamp_ms" : 1762981935382,
  "time" : "Wed Nov 12 21:12:15 2025",
  "global options" : {
    "ioengine" : "librawstor",
    "filename" : "ost://127.0.0.1:8080/01988675-e1e5-7788-9ed4-2f2d30910d23"
  },
  "jobs" : [
    {
      "jobname" : "rawstor",
      "groupid" : 0,
      "job_start" : 1762981925236,
      "error" : 0,
      "eta" : 0,
      "elapsed" : 11,
      "job options" : {
        "name" : "rawstor",
        "iodepth" : "2",
        "rw" : "randrw",
        "bs" : "4k",
        "size" : "1G",
        "numjobs" : "1",
        "runtime" : "10",
        "time_based" : "",
        "group_reporting" : ""
      },
      "read" : {
        "io_bytes" : 413646848,
        "io_kbytes" : 403952,
        "bw_bytes" : 41360548,
        "bw" : 40391,
        "iops" : 10097.790221,
        "runtime" : 10001,
        "total_ios" : 100988,
        "short_ios" : 0,
        "drop_ios" : 0,
        "slat_ns" : {
          "min" : 0,
          "max" : 0,
          "mean" : 0.000000,
          "stddev" : 0.000000,
          "N" : 100988
        },
        "clat_ns" : {
          "min" : 105987004,
          "max" : 10105172957,
          "mean" : 5052899590.256214,
          "stddev" : 2899950605.052990,
          "N" : 100988,
          "percentile" : {
            "1.000000" : 214958080,
            "5.000000" : 583008256,
            "10.000000" : 1069547520,
            "20.000000" : 2021654528,
            "30.000000" : 3003121664,
            "40.000000" : 4009754624,
            "50.000000" : 5066719232,
            "60.000000" : 6073352192,
            "70.000000" : 7079985152,
            "80.000000" : 8086618112,
            "90.000000" : 9059696640,
            "95.000000" : 9596567552,
            "99.000000" : 9999220736,
            "99.500000" : 9999220736,
            "99.900000" : 10133438464,
            "99.950000" : 10133438464,
            "99.990000" : 10133438464
          }
        },
        "lat_ns" : {
          "min" : 30727,
          "max" : 33716006,
          "mean" : 84704.974532,
          "stddev" : 313064.016344,
          "N" : 100988
        },
        "bw_min" : 37440,
        "bw_max" : 43976,
        "bw_agg" : 100.000000,
        "bw_mean" : 40395.200000,
        "bw_dev" : 1751.432544,
        "bw_samples" : 20,
        "iops_min" : 9360,
        "iops_max" : 10994,
        "iops_mean" : 10098.800000,
        "iops_stddev" : 437.858136,
        "iops_samples" : 20
      },
      "write" : {
        "io_bytes" : 412991488,
        "io_kbytes" : 403312,
        "bw_bytes" : 41295019,
        "bw" : 40327,
        "iops" : 10081.791821,
        "runtime" : 10001,
        "total_ios" : 100828,
        "short_ios" : 0,
        "drop_ios" : 0,
        "slat_ns" : {
          "min" : 0,
          "max" : 0,
          "mean" : 0.000000,
          "stddev" : 0.000000,
          "N" : 100828
        },
        "clat_ns" : {
          "min" : 106221455,
          "max" : 10105176093,
          "mean" : 5062252948.469220,
          "stddev" : 2908049347.977931,
          "N" : 100828,
          "percentile" : {
            "1.000000" : 208666624,
            "5.000000" : 583008256,
            "10.000000" : 1069547520,
            "20.000000" : 2021654528,
            "30.000000" : 3003121664,
            "40.000000" : 4009754624,
            "50.000000" : 5066719232,
            "60.000000" : 6073352192,
            "70.000000" : 7079985152,
            "80.000000" : 8086618112,
            "90.000000" : 9059696640,
            "95.000000" : 9596567552,
            "99.000000" : 9999220736,
            "99.500000" : 9999220736,
            "99.900000" : 10133438464,
            "99.950000" : 10133438464,
            "99.990000" : 10133438464
          }
        },
        "lat_ns" : {
          "min" : 47789,
          "max" : 33738989,
          "mean" : 110534.069455,
          "stddev" : 339062.816814,
          "N" : 100828
        },
        "bw_min" : 37808,
        "bw_max" : 43632,
        "bw_agg" : 100.000000,
        "bw_mean" : 40331.200000,
        "bw_dev" : 1652.383338,
        "bw_samples" : 20,
        "iops_min" : 9452,
        "iops_max" : 10908,
        "iops_mean" : 10082.800000,
        "iops_stddev" : 413.095834,
        "iops_samples" : 20
      },
      "trim" : {
        "io_bytes" : 0,
        "io_kbytes" : 0,
        "bw_bytes" : 0,
        "bw" : 0,
        "iops" : 0.000000,
        "runtime" : 0,
        "total_ios" : 0,
        "short_ios" : 0,
        "drop_ios" : 0,
        "slat_ns" : {
          "min" : 0,
          "max" : 0,
          "mean" : 0.000000,
          "stddev" : 0.000000,
          "N" : 0
        },
        "clat_ns" : {
          "min" : 0,
          "max" : 0,
          "mean" : 0.000000,
          "stddev" : 0.000000,
          "N" : 0
        },
        "lat_ns" : {
          "min" : 0,
          "max" : 0,
          "mean" : 0.000000,
          "stddev" : 0.000000,
          "N" : 0
        },
        "bw_min" : 0,
        "bw_max" : 0,
        "bw_agg" : 0.000000,
        "bw_mean" : 0.000000,
        "bw_dev" : 0.000000,
        "bw_samples" : 0,
        "iops_min" : 0,
        "iops_max" : 0,
        "iops_mean" : 0.000000,
        "iops_stddev" : 0.000000,
        "iops_samples" : 0
      },
      "sync" : {
        "total_ios" : 0,
        "lat_ns" : {
          "min" : 0,
          "max" : 0,
          "mean" : 0.000000,
          "stddev" : 0.000000,
          "N" : 0
        }
      },
      "job_runtime" : 10000,
      "usr_cpu" : 10.980000,
      "sys_cpu" : 49.740000,
      "ctx" : 131513,
      "majf" : 0,
      "minf" : 42,
      "iodepth_level" : {
        "1" : 0.100000,
        "2" : 99.999504,
        "4" : 0.000000,
        "8" : 0.000000,
        "16" : 0.000000,
        "32" : 0.000000,
        ">=64" : 0.000000
      },
      "iodepth_submit" : {
        "0" : 0.000000,
        "4" : 100.000000,
        "8" : 0.000000,
        "16" : 0.000000,
        "32" : 0.000000,
        "64" : 0.000000,
        ">=64" : 0.000000
      },
      "iodepth_complete" : {
        "0" : 0.000000,
        "4" : 100.000000,
        "8" : 0.000000,
        "16" : 0.000000,
        "32" : 0.000000,
        "64" : 0.000000,
        ">=64" : 0.000000
      },
      "latency_ns" : {
        "2" : 0.000000,
        "4" : 0.000000,
        "10" : 0.000000,
        "20" : 0.000000,
        "50" : 0.000000,
        "100" : 0.000000,
        "250" : 0.000000,
        "500" : 0.000000,
        "750" : 0.000000,
        "1000" : 0.000000
      },
      "latency_us" : {
        "2" : 0.000000,
        "4" : 0.000000,
        "10" : 0.000000,
        "20" : 0.000000,
        "50" : 0.000000,
        "100" : 0.000000,
        "250" : 0.000000,
        "500" : 0.000000,
        "750" : 0.000000,
        "1000" : 0.000000
      },
      "latency_ms" : {
        "2" : 0.000000,
        "4" : 0.000000,
        "10" : 0.000000,
        "20" : 0.000000,
        "50" : 0.000000,
        "100" : 0.000000,
        "250" : 1.381456,
        "500" : 2.695029,
        "750" : 2.797102,
        "1000" : 2.688092,
        "2000" : 10.247949,
        ">=2000" : 80.190371
      },
      "latency_depth" : 2,
      "latency_target" : 0,
      "latency_percentile" : 100.000000,
      "latency_window" : 0
    }
  ],
  "disk_util" : [
    {
      "name" : "sdb",
      "read_ios" : 0,
      "write_ios" : 138,
      "read_sectors" : 0,
      "write_sectors" : 37464,
      "read_merges" : 0,
      "write_merges" : 1037,
      "read_ticks" : 0,
      "write_ticks" : 361,
      "in_queue" : 366,
      "util" : 0.120108
    }
  ]
}
