{
  "fio version" : "fio-3.40",
  "timestamp" : 1766875426,
  "timestamp_ms" : 1766875426893,
  "time" : "Sat Dec 27 22:43:46 2025",
  "global options" : {
    "ioengine" : "librawstor",
    "filename" : "file:///tmp/objects/019b61fb-47ad-7b5e-9ae8-569979d04442"
  },
  "jobs" : [
    {
      "jobname" : "rawstor",
      "groupid" : 0,
      "job_start" : 1766875416746,
      "error" : 0,
      "eta" : 0,
      "elapsed" : 11,
      "job options" : {
        "name" : "rawstor",
        "iodepth" : "1",
        "rw" : "randrw",
        "bs" : "4k",
        "size" : "1G",
        "numjobs" : "1",
        "runtime" : "10",
        "time_based" : "",
        "group_reporting" : ""
      },
      "read" : {
        "io_bytes" : 7391686656,
        "io_kbytes" : 7218444,
        "bw_bytes" : 739094756,
        "bw" : 721772,
        "iops" : 180443.055694,
        "runtime" : 10001,
        "total_ios" : 1804611,
        "short_ios" : 0,
        "drop_ios" : 0,
        "slat_ns" : {
          "min" : 9,
          "max" : 24396,
          "mean" : 26.328516,
          "stddev" : 60.596840,
          "N" : 1804611
        },
        "clat_ns" : {
          "min" : 1573,
          "max" : 112201,
          "mean" : 2192.655986,
          "stddev" : 1176.763172,
          "N" : 1804611,
          "percentile" : {
            "1.000000" : 1832,
            "5.000000" : 1880,
            "10.000000" : 1896,
            "20.000000" : 1928,
            "30.000000" : 1960,
            "40.000000" : 1976,
            "50.000000" : 2008,
            "60.000000" : 2024,
            "70.000000" : 2040,
            "80.000000" : 2096,
            "90.000000" : 2256,
            "95.000000" : 3312,
            "99.000000" : 6496,
            "99.500000" : 10176,
            "99.900000" : 16512,
            "99.950000" : 19584,
            "99.990000" : 28032
          }
        },
        "lat_ns" : {
          "min" : 1593,
          "max" : 112231,
          "mean" : 2218.984501,
          "stddev" : 1179.751612,
          "N" : 1804611
        },
        "bw_min" : 391160,
        "bw_max" : 795840,
        "bw_agg" : 100.000000,
        "bw_mean" : 721844.400000,
        "bw_dev" : 123063.276546,
        "bw_samples" : 20,
        "iops_min" : 97790,
        "iops_max" : 198960,
        "iops_mean" : 180461.100000,
        "iops_stddev" : 30765.819137,
        "iops_samples" : 20
      },
      "write" : {
        "io_bytes" : 7384879104,
        "io_kbytes" : 7211796,
        "bw_bytes" : 738414068,
        "bw" : 721107,
        "iops" : 180276.872313,
        "runtime" : 10001,
        "total_ios" : 1802949,
        "short_ios" : 0,
        "drop_ios" : 0,
        "slat_ns" : {
          "min" : 29,
          "max" : 28624,
          "mean" : 39.700868,
          "stddev" : 68.583934,
          "N" : 1802949
        },
        "clat_ns" : {
          "min" : 1953,
          "max" : 105728,
          "mean" : 2783.187849,
          "stddev" : 1102.027026,
          "N" : 1802949,
          "percentile" : {
            "1.000000" : 2224,
            "5.000000" : 2288,
            "10.000000" : 2288,
            "20.000000" : 2320,
            "30.000000" : 2352,
            "40.000000" : 2384,
            "50.000000" : 2416,
            "60.000000" : 2416,
            "70.000000" : 2480,
            "80.000000" : 2640,
            "90.000000" : 4448,
            "95.000000" : 4832,
            "99.000000" : 5856,
            "99.500000" : 7520,
            "99.900000" : 13504,
            "99.950000" : 15168,
            "99.990000" : 21632
          }
        },
        "lat_ns" : {
          "min" : 1993,
          "max" : 105768,
          "mean" : 2822.888717,
          "stddev" : 1106.399196,
          "N" : 1802949
        },
        "bw_min" : 391632,
        "bw_max" : 796448,
        "bw_agg" : 100.000000,
        "bw_mean" : 721179.600000,
        "bw_dev" : 122946.132382,
        "bw_samples" : 20,
        "iops_min" : 97908,
        "iops_max" : 199112,
        "iops_mean" : 180294.900000,
        "iops_stddev" : 30736.533095,
        "iops_samples" : 20
      },
      "trim" : {
        "io_bytes" : 0,
        "io_kbytes" : 0,
        "bw_bytes" : 0,
        "bw" : 0,
        "iops" : 0.000000,
        "runtime" : 0,
        "total_ios" : 0,
        "short_ios" : 0,
        "drop_ios" : 0,
        "slat_ns" : {
          "min" : 0,
          "max" : 0,
          "mean" : 0.000000,
          "stddev" : 0.000000,
          "N" : 0
        },
        "clat_ns" : {
          "min" : 0,
          "max" : 0,
          "mean" : 0.000000,
          "stddev" : 0.000000,
          "N" : 0
        },
        "lat_ns" : {
          "min" : 0,
          "max" : 0,
          "mean" : 0.000000,
          "stddev" : 0.000000,
          "N" : 0
        },
        "bw_min" : 0,
        "bw_max" : 0,
        "bw_agg" : 0.000000,
        "bw_mean" : 0.000000,
        "bw_dev" : 0.000000,
        "bw_samples" : 0,
        "iops_min" : 0,
        "iops_max" : 0,
        "iops_mean" : 0.000000,
        "iops_stddev" : 0.000000,
        "iops_samples" : 0
      },
      "sync" : {
        "total_ios" : 0,
        "lat_ns" : {
          "min" : 0,
          "max" : 0,
          "mean" : 0.000000,
          "stddev" : 0.000000,
          "N" : 0
        }
      },
      "job_runtime" : 10000,
      "usr_cpu" : 30.670000,
      "sys_cpu" : 69.310000,
      "ctx" : 73,
      "majf" : 0,
      "minf" : 37,
      "iodepth_level" : {
        "1" : 100.000000,
        "2" : 0.000000,
        "4" : 0.000000,
        "8" : 0.000000,
        "16" : 0.000000,
        "32" : 0.000000,
        ">=64" : 0.000000
      },
      "iodepth_submit" : {
        "0" : 0.000000,
        "4" : 100.000000,
        "8" : 0.000000,
        "16" : 0.000000,
        "32" : 0.000000,
        "64" : 0.000000,
        ">=64" : 0.000000
      },
      "iodepth_complete" : {
        "0" : 0.000000,
        "4" : 100.000000,
        "8" : 0.000000,
        "16" : 0.000000,
        "32" : 0.000000,
        "64" : 0.000000,
        ">=64" : 0.000000
      },
      "latency_ns" : {
        "2" : 0.000000,
        "4" : 0.000000,
        "10" : 0.000000,
        "20" : 0.000000,
        "50" : 0.000000,
        "100" : 0.000000,
        "250" : 0.000000,
        "500" : 0.000000,
        "750" : 0.000000,
        "1000" : 0.000000
      },
      "latency_us" : {
        "2" : 24.991435,
        "4" : 66.925041,
        "10" : 7.678098,
        "20" : 0.375489,
        "50" : 0.026306,
        "100" : 0.010000,
        "250" : 0.010000,
        "500" : 0.000000,
        "750" : 0.000000,
        "1000" : 0.000000
      },
      "latency_ms" : {
        "2" : 0.000000,
        "4" : 0.000000,
        "10" : 0.000000,
        "20" : 0.000000,
        "50" : 0.000000,
        "100" : 0.000000,
        "250" : 0.000000,
        "500" : 0.000000,
        "750" : 0.000000,
        "1000" : 0.000000,
        "2000" : 0.000000,
        ">=2000" : 0.000000
      },
      "latency_depth" : 1,
      "latency_target" : 0,
      "latency_percentile" : 100.000000,
      "latency_window" : 0
    }
  ],
  "disk_util" : [
    {
      "name" : "sdb",
      "read_ios" : 0,
      "write_ios" : 32,
      "read_sectors" : 0,
      "write_sectors" : 16536,
      "read_merges" : 0,
      "write_merges" : 51,
      "read_ticks" : 0,
      "write_ticks" : 33,
      "in_queue" : 33,
      "util" : 0.040040
    }
  ]
}
