{
  "fio version" : "fio-3.40",
  "timestamp" : 1778423955,
  "timestamp_ms" : 1778423955287,
  "time" : "Sun May 10 14:39:15 2026",
  "global options" : {
    "ioengine" : "librawstor",
    "filename" : "file:///tmp/objects/019e1253-aeac-7bf3-8ade-8c185426d49b"
  },
  "jobs" : [
    {
      "jobname" : "randread",
      "groupid" : 0,
      "job_start" : 1778423934896,
      "error" : 0,
      "eta" : 0,
      "elapsed" : 21,
      "job options" : {
        "name" : "randread",
        "iodepth" : "1",
        "rw" : "randread",
        "bs" : "4k",
        "size" : "1G",
        "numjobs" : "1",
        "runtime" : "10",
        "time_based" : "",
        "group_reporting" : ""
      },
      "read" : {
        "io_bytes" : 16668049408,
        "io_kbytes" : 16277392,
        "bw_bytes" : 1666804940,
        "bw" : 1627739,
        "iops" : 406934.800000,
        "runtime" : 10000,
        "total_ios" : 4069348,
        "short_ios" : 0,
        "drop_ios" : 0,
        "slat_ns" : {
          "min" : 0,
          "max" : 0,
          "mean" : 0.000000,
          "stddev" : 0.000000,
          "N" : 4069348
        },
        "clat_ns" : {
          "min" : 111226202,
          "max" : 10110910032,
          "mean" : 5289361684.404819,
          "stddev" : 2800175453.745738,
          "N" : 4069348,
          "percentile" : {
            "1.000000" : 263192576,
            "5.000000" : 926941184,
            "10.000000" : 1417674752,
            "20.000000" : 2399141888,
            "30.000000" : 3372220416,
            "40.000000" : 4328521728,
            "50.000000" : 5335154688,
            "60.000000" : 6274678784,
            "70.000000" : 7214202880,
            "80.000000" : 8220835840,
            "90.000000" : 9193914368,
            "95.000000" : 9596567552,
            "99.000000" : 9999220736,
            "99.500000" : 9999220736,
            "99.900000" : 10133438464,
            "99.950000" : 10133438464,
            "99.990000" : 10133438464
          }
        },
        "lat_ns" : {
          "min" : 1693,
          "max" : 673932,
          "mean" : 2200.065561,
          "stddev" : 3335.364753,
          "N" : 4069348
        },
        "bw_min" : 843987,
        "bw_max" : 1718901,
        "bw_agg" : 100.000000,
        "bw_mean" : 1637604.105263,
        "bw_dev" : 194049.449434,
        "bw_samples" : 19,
        "iops_min" : 210996,
        "iops_max" : 429725,
        "iops_mean" : 409400.894737,
        "iops_stddev" : 48512.515674,
        "iops_samples" : 19
      },
      "write" : {
        "io_bytes" : 0,
        "io_kbytes" : 0,
        "bw_bytes" : 0,
        "bw" : 0,
        "iops" : 0.000000,
        "runtime" : 0,
        "total_ios" : 0,
        "short_ios" : 0,
        "drop_ios" : 0,
        "slat_ns" : {
          "min" : 0,
          "max" : 0,
          "mean" : 0.000000,
          "stddev" : 0.000000,
          "N" : 0
        },
        "clat_ns" : {
          "min" : 0,
          "max" : 0,
          "mean" : 0.000000,
          "stddev" : 0.000000,
          "N" : 0
        },
        "lat_ns" : {
          "min" : 0,
          "max" : 0,
          "mean" : 0.000000,
          "stddev" : 0.000000,
          "N" : 0
        },
        "bw_min" : 0,
        "bw_max" : 0,
        "bw_agg" : 0.000000,
        "bw_mean" : 0.000000,
        "bw_dev" : 0.000000,
        "bw_samples" : 0,
        "iops_min" : 0,
        "iops_max" : 0,
        "iops_mean" : 0.000000,
        "iops_stddev" : 0.000000,
        "iops_samples" : 0
      },
      "trim" : {
        "io_bytes" : 0,
        "io_kbytes" : 0,
        "bw_bytes" : 0,
        "bw" : 0,
        "iops" : 0.000000,
        "runtime" : 0,
        "total_ios" : 0,
        "short_ios" : 0,
        "drop_ios" : 0,
        "slat_ns" : {
          "min" : 0,
          "max" : 0,
          "mean" : 0.000000,
          "stddev" : 0.000000,
          "N" : 0
        },
        "clat_ns" : {
          "min" : 0,
          "max" : 0,
          "mean" : 0.000000,
          "stddev" : 0.000000,
          "N" : 0
        },
        "lat_ns" : {
          "min" : 0,
          "max" : 0,
          "mean" : 0.000000,
          "stddev" : 0.000000,
          "N" : 0
        },
        "bw_min" : 0,
        "bw_max" : 0,
        "bw_agg" : 0.000000,
        "bw_mean" : 0.000000,
        "bw_dev" : 0.000000,
        "bw_samples" : 0,
        "iops_min" : 0,
        "iops_max" : 0,
        "iops_mean" : 0.000000,
        "iops_stddev" : 0.000000,
        "iops_samples" : 0
      },
      "sync" : {
        "total_ios" : 0,
        "lat_ns" : {
          "min" : 0,
          "max" : 0,
          "mean" : 0.000000,
          "stddev" : 0.000000,
          "N" : 0
        }
      },
      "job_runtime" : 10000,
      "usr_cpu" : 32.770000,
      "sys_cpu" : 67.210000,
      "ctx" : 59,
      "majf" : 0,
      "minf" : 21,
      "iodepth_level" : {
        "1" : 100.000000,
        "2" : 0.000000,
        "4" : 0.000000,
        "8" : 0.000000,
        "16" : 0.000000,
        "32" : 0.000000,
        ">=64" : 0.000000
      },
      "iodepth_submit" : {
        "0" : 0.000000,
        "4" : 100.000000,
        "8" : 0.000000,
        "16" : 0.000000,
        "32" : 0.000000,
        "64" : 0.000000,
        ">=64" : 0.000000
      },
      "iodepth_complete" : {
        "0" : 0.000000,
        "4" : 100.000000,
        "8" : 0.000000,
        "16" : 0.000000,
        "32" : 0.000000,
        "64" : 0.000000,
        ">=64" : 0.000000
      },
      "latency_ns" : {
        "2" : 0.000000,
        "4" : 0.000000,
        "10" : 0.000000,
        "20" : 0.000000,
        "50" : 0.000000,
        "100" : 0.000000,
        "250" : 0.000000,
        "500" : 0.000000,
        "750" : 0.000000,
        "1000" : 0.000000
      },
      "latency_us" : {
        "2" : 0.000000,
        "4" : 0.000000,
        "10" : 0.000000,
        "20" : 0.000000,
        "50" : 0.000000,
        "100" : 0.000000,
        "250" : 0.000000,
        "500" : 0.000000,
        "750" : 0.000000,
        "1000" : 0.000000
      },
      "latency_ms" : {
        "2" : 0.000000,
        "4" : 0.000000,
        "10" : 0.000000,
        "20" : 0.000000,
        "50" : 0.000000,
        "100" : 0.000000,
        "250" : 0.910858,
        "500" : 1.327068,
        "750" : 1.069336,
        "1000" : 2.468332,
        "2000" : 10.136784,
        ">=2000" : 84.087623
      },
      "latency_depth" : 1,
      "latency_target" : 0,
      "latency_percentile" : 100.000000,
      "latency_window" : 0
    },
    {
      "jobname" : "randwrite",
      "groupid" : 1,
      "job_start" : 1778423945108,
      "error" : 0,
      "eta" : 0,
      "elapsed" : 21,
      "job options" : {
        "name" : "randwrite",
        "stonewall" : "",
        "iodepth" : "1",
        "rw" : "randwrite",
        "bs" : "4k",
        "size" : "1G",
        "numjobs" : "1",
        "runtime" : "10",
        "time_based" : "",
        "group_reporting" : ""
      },
      "read" : {
        "io_bytes" : 0,
        "io_kbytes" : 0,
        "bw_bytes" : 0,
        "bw" : 0,
        "iops" : 0.000000,
        "runtime" : 0,
        "total_ios" : 0,
        "short_ios" : 0,
        "drop_ios" : 0,
        "slat_ns" : {
          "min" : 0,
          "max" : 0,
          "mean" : 0.000000,
          "stddev" : 0.000000,
          "N" : 0
        },
        "clat_ns" : {
          "min" : 0,
          "max" : 0,
          "mean" : 0.000000,
          "stddev" : 0.000000,
          "N" : 0
        },
        "lat_ns" : {
          "min" : 0,
          "max" : 0,
          "mean" : 0.000000,
          "stddev" : 0.000000,
          "N" : 0
        },
        "bw_min" : 0,
        "bw_max" : 0,
        "bw_agg" : 0.000000,
        "bw_mean" : 0.000000,
        "bw_dev" : 0.000000,
        "bw_samples" : 0,
        "iops_min" : 0,
        "iops_max" : 0,
        "iops_mean" : 0.000000,
        "iops_stddev" : 0.000000,
        "iops_samples" : 0
      },