{
  "fio version" : "fio-3.40",
  "timestamp" : 1762786023,
  "timestamp_ms" : 1762786023127,
  "time" : "Mon Nov 10 14:47:03 2025",
  "global options" : {
    "ioengine" : "librawstor",
    "filename" : "ost://127.0.0.1:8080/01988675-e1e5-7788-9ed4-2f2d30910d23"
  },
  "jobs" : [
    {
      "jobname" : "rawstor",
      "groupid" : 0,
      "job_start" : 1762786012981,
      "error" : 0,
      "eta" : 0,
      "elapsed" : 11,
      "job options" : {
        "name" : "rawstor",
        "iodepth" : "1",
        "rw" : "randrw",
        "bs" : "4k",
        "size" : "1G",
        "numjobs" : "1",
        "runtime" : "10",
        "time_based" : "",
        "group_reporting" : ""
      },
      "read" : {
        "io_bytes" : 239255552,
        "io_kbytes" : 233648,
        "bw_bytes" : 23923162,
        "bw" : 23362,
        "iops" : 5840.615938,
        "runtime" : 10001,
        "total_ios" : 58412,
        "short_ios" : 0,
        "drop_ios" : 0,
        "slat_ns" : {
          "min" : 40,
          "max" : 20418,
          "mean" : 179.401270,
          "stddev" : 243.003725,
          "N" : 58412
        },
        "clat_ns" : {
          "min" : 41357,
          "max" : 27886932,
          "mean" : 71455.392745,
          "stddev" : 184084.817309,
          "N" : 58412,
          "percentile" : {
            "1.000000" : 52480,
            "5.000000" : 56064,
            "10.000000" : 58112,
            "20.000000" : 61696,
            "30.000000" : 64768,
            "40.000000" : 67072,
            "50.000000" : 69120,
            "60.000000" : 71168,
            "70.000000" : 73216,
            "80.000000" : 77312,
            "90.000000" : 82432,
            "95.000000" : 88576,
            "99.000000" : 102912,
            "99.500000" : 111104,
            "99.900000" : 132096,
            "99.950000" : 171008,
            "99.990000" : 634880
          }
        },
        "lat_ns" : {
          "min" : 41498,
          "max" : 27887112,
          "mean" : 71634.794015,
          "stddev" : 184086.192553,
          "N" : 58412
        },
        "bw_min" : 21408,
        "bw_max" : 26016,
        "bw_agg" : 100.000000,
        "bw_mean" : 23390.736842,
        "bw_dev" : 1169.448913,
        "bw_samples" : 19,
        "iops_min" : 5352,
        "iops_max" : 6504,
        "iops_mean" : 5847.684211,
        "iops_stddev" : 292.362228,
        "iops_samples" : 19
      },
      "write" : {
        "io_bytes" : 238407680,
        "io_kbytes" : 232820,
        "bw_bytes" : 23838384,
        "bw" : 23279,
        "iops" : 5819.918008,
        "runtime" : 10001,
        "total_ios" : 58205,
        "short_ios" : 0,
        "drop_ios" : 0,
        "slat_ns" : {
          "min" : 90,
          "max" : 22352,
          "mean" : 270.008333,
          "stddev" : 269.832206,
          "N" : 58205
        },
        "clat_ns" : {
          "min" : 57216,
          "max" : 26227559,
          "mean" : 96407.396907,
          "stddev" : 224614.887310,
          "N" : 58205,
          "percentile" : {
            "1.000000" : 76288,
            "5.000000" : 79360,
            "10.000000" : 82432,
            "20.000000" : 85504,
            "30.000000" : 88576,
            "40.000000" : 90624,
            "50.000000" : 93696,
            "60.000000" : 95744,
            "70.000000" : 97792,
            "80.000000" : 100864,
            "90.000000" : 107008,
            "95.000000" : 113152,
            "99.000000" : 126464,
            "99.500000" : 134144,
            "99.900000" : 166912,
            "99.950000" : 254976,
            "99.990000" : 4292608
          }
        },
        "lat_ns" : {
          "min" : 57467,
          "max" : 26227739,
          "mean" : 96677.405240,
          "stddev" : 224615.584907,
          "N" : 58205
        },
        "bw_min" : 21432,
        "bw_max" : 25632,
        "bw_agg" : 99.945567,
        "bw_mean" : 23267.368421,
        "bw_dev" : 1133.393930,
        "bw_samples" : 19,
        "iops_min" : 5358,
        "iops_max" : 6408,
        "iops_mean" : 5816.842105,
        "iops_stddev" : 283.348483,
        "iops_samples" : 19
      },
      "trim" : {
        "io_bytes" : 0,
        "io_kbytes" : 0,
        "bw_bytes" : 0,
        "bw" : 0,
        "iops" : 0.000000,
        "runtime" : 0,
        "total_ios" : 0,
        "short_ios" : 0,
        "drop_ios" : 0,
        "slat_ns" : {
          "min" : 0,
          "max" : 0,
          "mean" : 0.000000,
          "stddev" : 0.000000,
          "N" : 0
        },
        "clat_ns" : {
          "min" : 0,
          "max" : 0,
          "mean" : 0.000000,
          "stddev" : 0.000000,
          "N" : 0
        },
        "lat_ns" : {
          "min" : 0,
          "max" : 0,
          "mean" : 0.000000,
          "stddev" : 0.000000,
          "N" : 0
        },
        "bw_min" : 0,
        "bw_max" : 0,
        "bw_agg" : 0.000000,
        "bw_mean" : 0.000000,
        "bw_dev" : 0.000000,
        "bw_samples" : 0,
        "iops_min" : 0,
        "iops_max" : 0,
        "iops_mean" : 0.000000,
        "iops_stddev" : 0.000000,
        "iops_samples" : 0
      },
      "sync" : {
        "total_ios" : 0,
        "lat_ns" : {
          "min" : 0,
          "max" : 0,
          "mean" : 0.000000,
          "stddev" : 0.000000,
          "N" : 0
        }
      },
      "job_runtime" : 10000,
      "usr_cpu" : 9.090000,
      "sys_cpu" : 31.590000,
      "ctx" : 116696,
      "majf" : 0,
      "minf" : 43,
      "iodepth_level" : {
        "1" : 100.000000,
        "2" : 0.000000,
        "4" : 0.000000,
        "8" : 0.000000,
        "16" : 0.000000,
        "32" : 0.000000,
        ">=64" : 0.000000
      },
      "iodepth_submit" : {
        "0" : 0.000000,
        "4" : 100.000000,
        "8" : 0.000000,
        "16" : 0.000000,
        "32" : 0.000000,
        "64" : 0.000000,
        ">=64" : 0.000000
      },
      "iodepth_complete" : {
        "0" : 0.000000,
        "4" : 100.000000,
        "8" : 0.000000,
        "16" : 0.000000,
        "32" : 0.000000,
        "64" : 0.000000,
        ">=64" : 0.000000
      },
      "latency_ns" : {
        "2" : 0.000000,
        "4" : 0.000000,
        "10" : 0.000000,
        "20" : 0.000000,
        "50" : 0.000000,
        "100" : 0.000000,
        "250" : 0.000000,
        "500" : 0.000000,
        "750" : 0.000000,
        "1000" : 0.000000
      },
      "latency_us" : {
        "2" : 0.000000,
        "4" : 0.000000,
        "10" : 0.000000,
        "20" : 0.000000,
        "50" : 0.081463,
        "100" : 87.891131,
        "250" : 11.992248,
        "500" : 0.019723,
        "750" : 0.010000,
        "1000" : 0.010000
      },
      "latency_ms" : {
        "2" : 0.010000,
        "4" : 0.010000,
        "10" : 0.010000,
        "20" : 0.000000,
        "50" : 0.010000,
        "100" : 0.000000,
        "250" : 0.000000,
        "500" : 0.000000,
        "750" : 0.000000,
        "1000" : 0.000000,
        "2000" : 0.000000,
        ">=2000" : 0.000000
      },
      "latency_depth" : 1,
      "latency_target" : 0,
      "latency_percentile" : 100.000000,
      "latency_window" : 0
    }
  ],
  "disk_util" : [
    {
      "name" : "sdb",
      "read_ios" : 1,
      "write_ios" : 261,
      "read_sectors" : 256,
      "write_sectors" : 42336,
      "read_merges" : 0,
      "write_merges" : 1361,
      "read_ticks" : 0,
      "write_ticks" : 272,
      "in_queue" : 279,
      "util" : 0.250200
    }
  ]
}
