{
  "fio version" : "fio-3.40",
  "timestamp" : 1754824757,
  "timestamp_ms" : 1754824757378,
  "time" : "Sun Aug 10 11:19:17 2025",
  "global options" : {
    "ioengine" : "librawstor",
    "filename" : "019893b4-a7e0-70ee-a027-85697848eb42"
  },
  "jobs" : [
    {
      "jobname" : "rawstor",
      "groupid" : 0,
      "job_start" : 1754824747231,
      "error" : 0,
      "eta" : 0,
      "elapsed" : 11,
      "job options" : {
        "name" : "rawstor",
        "iodepth" : "1",
        "rw" : "randrw",
        "bs" : "4k",
        "size" : "1G",
        "numjobs" : "1",
        "runtime" : "10",
        "time_based" : "",
        "group_reporting" : ""
      },
      "read" : {
        "io_bytes" : 5648187392,
        "io_kbytes" : 5515808,
        "bw_bytes" : 564762262,
        "bw" : 551525,
        "iops" : 137881.411859,
        "runtime" : 10001,
        "total_ios" : 1378952,
        "short_ios" : 0,
        "drop_ios" : 0,
        "slat_ns" : {
          "min" : 10,
          "max" : 18274,
          "mean" : 27.960613,
          "stddev" : 55.146510,
          "N" : 1378952
        },
        "clat_ns" : {
          "min" : 2204,
          "max" : 133350,
          "mean" : 2956.139697,
          "stddev" : 1431.662053,
          "N" : 1378952,
          "percentile" : {
            "1.000000" : 2480,
            "5.000000" : 2512,
            "10.000000" : 2576,
            "20.000000" : 2608,
            "30.000000" : 2640,
            "40.000000" : 2672,
            "50.000000" : 2704,
            "60.000000" : 2736,
            "70.000000" : 2768,
            "80.000000" : 2800,
            "90.000000" : 3056,
            "95.000000" : 4192,
            "99.000000" : 8768,
            "99.500000" : 13248,
            "99.900000" : 20096,
            "99.950000" : 23680,
            "99.990000" : 34048
          }
        },
        "lat_ns" : {
          "min" : 2234,
          "max" : 133380,
          "mean" : 2984.100310,
          "stddev" : 1434.011322,
          "N" : 1378952
        },
        "bw_min" : 326256,
        "bw_max" : 618224,
        "bw_agg" : 99.468085,
        "bw_mean" : 548592.000000,
        "bw_dev" : 94640.796089,
        "bw_samples" : 19,
        "iops_min" : 81564,
        "iops_max" : 154556,
        "iops_mean" : 137148.105263,
        "iops_stddev" : 23660.239160,
        "iops_samples" : 19
      },
      "write" : {
        "io_bytes" : 5641367552,
        "io_kbytes" : 5509148,
        "bw_bytes" : 564080347,
        "bw" : 550859,
        "iops" : 137714.928507,
        "runtime" : 10001,
        "total_ios" : 1377287,
        "short_ios" : 0,
        "drop_ios" : 0,
        "slat_ns" : {
          "min" : 29,
          "max" : 33643,
          "mean" : 41.202852,
          "stddev" : 74.362833,
          "N" : 1377287
        },
        "clat_ns" : {
          "min" : 2605,
          "max" : 108012,
          "mean" : 3701.681041,
          "stddev" : 1408.651536,
          "N" : 1377287,
          "percentile" : {
            "1.000000" : 2928,
            "5.000000" : 2960,
            "10.000000" : 2992,
            "20.000000" : 3056,
            "30.000000" : 3088,
            "40.000000" : 3120,
            "50.000000" : 3152,
            "60.000000" : 3184,
            "70.000000" : 3280,
            "80.000000" : 4320,
            "90.000000" : 5664,
            "95.000000" : 5984,
            "99.000000" : 7584,
            "99.500000" : 9408,
            "99.900000" : 17024,
            "99.950000" : 20096,
            "99.990000" : 29312
          }
        },
        "lat_ns" : {
          "min" : 2655,
          "max" : 108052,
          "mean" : 3742.883893,
          "stddev" : 1412.766123,
          "N" : 1377287
        },
        "bw_min" : 325808,
        "bw_max" : 614880,
        "bw_agg" : 99.467793,
        "bw_mean" : 547928.842105,
        "bw_dev" : 94277.777861,
        "bw_samples" : 19,
        "iops_min" : 81452,
        "iops_max" : 153720,
        "iops_mean" : 136982.315789,
        "iops_stddev" : 23569.521433,
        "iops_samples" : 19
      },
      "trim" : {
        "io_bytes" : 0,
        "io_kbytes" : 0,
        "bw_bytes" : 0,
        "bw" : 0,
        "iops" : 0.000000,
        "runtime" : 0,
        "total_ios" : 0,
        "short_ios" : 0,
        "drop_ios" : 0,
        "slat_ns" : {
          "min" : 0,
          "max" : 0,
          "mean" : 0.000000,
          "stddev" : 0.000000,
          "N" : 0
        },
        "clat_ns" : {
          "min" : 0,
          "max" : 0,
          "mean" : 0.000000,
          "stddev" : 0.000000,
          "N" : 0
        },
        "lat_ns" : {
          "min" : 0,
          "max" : 0,
          "mean" : 0.000000,
          "stddev" : 0.000000,
          "N" : 0
        },
        "bw_min" : 0,
        "bw_max" : 0,
        "bw_agg" : 0.000000,
        "bw_mean" : 0.000000,
        "bw_dev" : 0.000000,
        "bw_samples" : 0,
        "iops_min" : 0,
        "iops_max" : 0,
        "iops_mean" : 0.000000,
        "iops_stddev" : 0.000000,
        "iops_samples" : 0
      },
      "sync" : {
        "total_ios" : 0,
        "lat_ns" : {
          "min" : 0,
          "max" : 0,
          "mean" : 0.000000,
          "stddev" : 0.000000,
          "N" : 0
        }
      },
      "job_runtime" : 10000,
      "usr_cpu" : 41.440000,
      "sys_cpu" : 58.540000,
      "ctx" : 83,
      "majf" : 0,
      "minf" : 26,
      "iodepth_level" : {
        "1" : 100.000000,
        "2" : 0.000000,
        "4" : 0.000000,
        "8" : 0.000000,
        "16" : 0.000000,
        "32" : 0.000000,
        ">=64" : 0.000000
      },
      "iodepth_submit" : {
        "0" : 0.000000,
        "4" : 100.000000,
        "8" : 0.000000,
        "16" : 0.000000,
        "32" : 0.000000,
        "64" : 0.000000,
        ">=64" : 0.000000
      },
      "iodepth_complete" : {
        "0" : 0.000000,
        "4" : 100.000000,
        "8" : 0.000000,
        "16" : 0.000000,
        "32" : 0.000000,
        "64" : 0.000000,
        ">=64" : 0.000000
      },
      "latency_ns" : {
        "2" : 0.000000,
        "4" : 0.000000,
        "10" : 0.000000,
        "20" : 0.000000,
        "50" : 0.000000,
        "100" : 0.000000,
        "250" : 0.000000,
        "500" : 0.000000,
        "750" : 0.000000,
        "1000" : 0.000000
      },
      "latency_us" : {
        "2" : 0.000000,
        "4" : 86.610523,
        "10" : 12.763189,
        "20" : 0.549662,
        "50" : 0.071547,
        "100" : 0.010000,
        "250" : 0.010000,
        "500" : 0.000000,
        "750" : 0.000000,
        "1000" : 0.000000
      },
      "latency_ms" : {
        "2" : 0.000000,
        "4" : 0.000000,
        "10" : 0.000000,
        "20" : 0.000000,
        "50" : 0.000000,
        "100" : 0.000000,
        "250" : 0.000000,
        "500" : 0.000000,
        "750" : 0.000000,
        "1000" : 0.000000,
        "2000" : 0.000000,
        ">=2000" : 0.000000
      },
      "latency_depth" : 1,
      "latency_target" : 0,
      "latency_percentile" : 100.000000,
      "latency_window" : 0
    }
  ],
  "disk_util" : [
    {
      "name" : "sdb",
      "read_ios" : 0,
      "write_ios" : 94,
      "read_sectors" : 0,
      "write_sectors" : 30896,
      "read_merges" : 0,
      "write_merges" : 765,
      "read_ticks" : 0,
      "write_ticks" : 437,
      "in_queue" : 436,
      "util" : 0.070063
    }
  ]
}
