{
  "fio version" : "fio-3.40",
  "timestamp" : 1759508495,
  "timestamp_ms" : 1759508495052,
  "time" : "Fri Oct  3 16:21:35 2025",
  "global options" : {
    "ioengine" : "librawstor",
    "filename" : "01988675-e1e5-7788-9ed4-2f2d30910d23"
  },
  "jobs" : [
    {
      "jobname" : "rawstor",
      "groupid" : 0,
      "job_start" : 1759508484906,
      "error" : 0,
      "eta" : 0,
      "elapsed" : 11,
      "job options" : {
        "name" : "rawstor",
        "iodepth" : "1",
        "rw" : "randrw",
        "bs" : "4k",
        "size" : "1G",
        "numjobs" : "1",
        "runtime" : "10",
        "time_based" : "",
        "group_reporting" : ""
      },
      "read" : {
        "io_bytes" : 232087552,
        "io_kbytes" : 226648,
        "bw_bytes" : 23206434,
        "bw" : 22662,
        "iops" : 5665.633437,
        "runtime" : 10001,
        "total_ios" : 56662,
        "short_ios" : 0,
        "drop_ios" : 0,
        "slat_ns" : {
          "min" : 40,
          "max" : 17312,
          "mean" : 181.827327,
          "stddev" : 198.410695,
          "N" : 56662
        },
        "clat_ns" : {
          "min" : 41437,
          "max" : 26759673,
          "mean" : 73979.670238,
          "stddev" : 171802.949392,
          "N" : 56662,
          "percentile" : {
            "1.000000" : 55040,
            "5.000000" : 58624,
            "10.000000" : 60672,
            "20.000000" : 64768,
            "30.000000" : 68096,
            "40.000000" : 70144,
            "50.000000" : 71168,
            "60.000000" : 73216,
            "70.000000" : 76288,
            "80.000000" : 79360,
            "90.000000" : 84480,
            "95.000000" : 90624,
            "99.000000" : 103936,
            "99.500000" : 111104,
            "99.900000" : 138240,
            "99.950000" : 185344,
            "99.990000" : 452608
          }
        },
        "lat_ns" : {
          "min" : 41527,
          "max" : 26759733,
          "mean" : 74161.497565,
          "stddev" : 171804.096840,
          "N" : 56662
        },
        "bw_min" : 20920,
        "bw_max" : 24800,
        "bw_agg" : 100.000000,
        "bw_mean" : 22664.800000,
        "bw_dev" : 1057.969137,
        "bw_samples" : 20,
        "iops_min" : 5230,
        "iops_max" : 6200,
        "iops_mean" : 5666.200000,
        "iops_stddev" : 264.492284,
        "iops_samples" : 20
      },
      "write" : {
        "io_bytes" : 231051264,
        "io_kbytes" : 225636,
        "bw_bytes" : 23102816,
        "bw" : 22561,
        "iops" : 5640.335966,
        "runtime" : 10001,
        "total_ios" : 56409,
        "short_ios" : 0,
        "drop_ios" : 0,
        "slat_ns" : {
          "min" : 70,
          "max" : 19606,
          "mean" : 267.046110,
          "stddev" : 279.318630,
          "N" : 56409
        },
        "clat_ns" : {
          "min" : 55934,
          "max" : 29442628,
          "mean" : 99034.741779,
          "stddev" : 219665.424913,
          "N" : 56409,
          "percentile" : {
            "1.000000" : 77312,
            "5.000000" : 81408,
            "10.000000" : 84480,
            "20.000000" : 87552,
            "30.000000" : 90624,
            "40.000000" : 93696,
            "50.000000" : 96768,
            "60.000000" : 98816,
            "70.000000" : 100864,
            "80.000000" : 103936,
            "90.000000" : 111104,
            "95.000000" : 116224,
            "99.000000" : 130560,
            "99.500000" : 138240,
            "99.900000" : 164864,
            "99.950000" : 211968,
            "99.990000" : 2375680
          }
        },
        "lat_ns" : {
          "min" : 56084,
          "max" : 29442829,
          "mean" : 99301.787888,
          "stddev" : 219666.050425,
          "N" : 56409
        },
        "bw_min" : 21112,
        "bw_max" : 24528,
        "bw_agg" : 100.000000,
        "bw_mean" : 22563.600000,
        "bw_dev" : 1051.311682,
        "bw_samples" : 20,
        "iops_min" : 5278,
        "iops_max" : 6132,
        "iops_mean" : 5640.900000,
        "iops_stddev" : 262.827920,
        "iops_samples" : 20
      },
      "trim" : {
        "io_bytes" : 0,
        "io_kbytes" : 0,
        "bw_bytes" : 0,
        "bw" : 0,
        "iops" : 0.000000,
        "runtime" : 0,
        "total_ios" : 0,
        "short_ios" : 0,
        "drop_ios" : 0,
        "slat_ns" : {
          "min" : 0,
          "max" : 0,
          "mean" : 0.000000,
          "stddev" : 0.000000,
          "N" : 0
        },
        "clat_ns" : {
          "min" : 0,
          "max" : 0,
          "mean" : 0.000000,
          "stddev" : 0.000000,
          "N" : 0
        },
        "lat_ns" : {
          "min" : 0,
          "max" : 0,
          "mean" : 0.000000,
          "stddev" : 0.000000,
          "N" : 0
        },
        "bw_min" : 0,
        "bw_max" : 0,
        "bw_agg" : 0.000000,
        "bw_mean" : 0.000000,
        "bw_dev" : 0.000000,
        "bw_samples" : 0,
        "iops_min" : 0,
        "iops_max" : 0,
        "iops_mean" : 0.000000,
        "iops_stddev" : 0.000000,
        "iops_samples" : 0
      },
      "sync" : {
        "total_ios" : 0,
        "lat_ns" : {
          "min" : 0,
          "max" : 0,
          "mean" : 0.000000,
          "stddev" : 0.000000,
          "N" : 0
        }
      },
      "job_runtime" : 10000,
      "usr_cpu" : 8.990000,
      "sys_cpu" : 31.620000,
      "ctx" : 113123,
      "majf" : 0,
      "minf" : 301,
      "iodepth_level" : {
        "1" : 100.000000,
        "2" : 0.000000,
        "4" : 0.000000,
        "8" : 0.000000,
        "16" : 0.000000,
        "32" : 0.000000,
        ">=64" : 0.000000
      },
      "iodepth_submit" : {
        "0" : 0.000000,
        "4" : 100.000000,
        "8" : 0.000000,
        "16" : 0.000000,
        "32" : 0.000000,
        "64" : 0.000000,
        ">=64" : 0.000000
      },
      "iodepth_complete" : {
        "0" : 0.000000,
        "4" : 100.000000,
        "8" : 0.000000,
        "16" : 0.000000,
        "32" : 0.000000,
        "64" : 0.000000,
        ">=64" : 0.000000
      },
      "latency_ns" : {
        "2" : 0.000000,
        "4" : 0.000000,
        "10" : 0.000000,
        "20" : 0.000000,
        "50" : 0.000000,
        "100" : 0.000000,
        "250" : 0.000000,
        "500" : 0.000000,
        "750" : 0.000000,
        "1000" : 0.000000
      },
      "latency_us" : {
        "2" : 0.000000,
        "4" : 0.000000,
        "10" : 0.000000,
        "20" : 0.000000,
        "50" : 0.046873,
        "100" : 81.906059,
        "250" : 18.010807,
        "500" : 0.022994,
        "750" : 0.010000,
        "1000" : 0.010000
      },
      "latency_ms" : {
        "2" : 0.000000,
        "4" : 0.010000,
        "10" : 0.000000,
        "20" : 0.010000,
        "50" : 0.010000,
        "100" : 0.000000,
        "250" : 0.000000,
        "500" : 0.000000,
        "750" : 0.000000,
        "1000" : 0.000000,
        "2000" : 0.000000,
        ">=2000" : 0.000000
      },
      "latency_depth" : 1,
      "latency_target" : 0,
      "latency_percentile" : 100.000000,
      "latency_window" : 0
    }
  ],
  "disk_util" : [
    {
      "name" : "sdb",
      "read_ios" : 0,
      "write_ios" : 128,
      "read_sectors" : 0,
      "write_sectors" : 37240,
      "read_merges" : 0,
      "write_merges" : 993,
      "read_ticks" : 0,
      "write_ticks" : 244,
      "in_queue" : 248,
      "util" : 0.160144
    }
  ]
}
