{
  "fio version" : "fio-3.40",
  "timestamp" : 1758541893,
  "timestamp_ms" : 1758541893586,
  "time" : "Mon Sep 22 11:51:33 2025",
  "global options" : {
    "ioengine" : "librawstor",
    "filename" : "01988675-e1e5-7788-9ed4-2f2d30910d23"
  },
  "jobs" : [
    {
      "jobname" : "rawstor",
      "groupid" : 0,
      "job_start" : 1758541883446,
      "error" : 0,
      "eta" : 0,
      "elapsed" : 11,
      "job options" : {
        "name" : "rawstor",
        "iodepth" : "1",
        "rw" : "randrw",
        "bs" : "4k",
        "size" : "1G",
        "numjobs" : "1",
        "runtime" : "10",
        "time_based" : "",
        "group_reporting" : ""
      },
      "read" : {
        "io_bytes" : 243212288,
        "io_kbytes" : 237512,
        "bw_bytes" : 24318796,
        "bw" : 23748,
        "iops" : 5937.206279,
        "runtime" : 10001,
        "total_ios" : 59378,
        "short_ios" : 0,
        "drop_ios" : 0,
        "slat_ns" : {
          "min" : 40,
          "max" : 18535,
          "mean" : 161.683873,
          "stddev" : 170.056254,
          "N" : 59378
        },
        "clat_ns" : {
          "min" : 41719,
          "max" : 29838833,
          "mean" : 70544.099717,
          "stddev" : 202027.785390,
          "N" : 59378,
          "percentile" : {
            "1.000000" : 51456,
            "5.000000" : 55040,
            "10.000000" : 57088,
            "20.000000" : 60672,
            "30.000000" : 63232,
            "40.000000" : 65280,
            "50.000000" : 67072,
            "60.000000" : 69120,
            "70.000000" : 72192,
            "80.000000" : 75264,
            "90.000000" : 81408,
            "95.000000" : 88576,
            "99.000000" : 103936,
            "99.500000" : 112128,
            "99.900000" : 138240,
            "99.950000" : 173056,
            "99.990000" : 2637824
          }
        },
        "lat_ns" : {
          "min" : 41849,
          "max" : 29838973,
          "mean" : 70705.783590,
          "stddev" : 202028.822472,
          "N" : 59378
        },
        "bw_min" : 22064,
        "bw_max" : 25504,
        "bw_agg" : 100.000000,
        "bw_mean" : 23751.200000,
        "bw_dev" : 958.644306,
        "bw_samples" : 20,
        "iops_min" : 5516,
        "iops_max" : 6376,
        "iops_mean" : 5937.800000,
        "iops_stddev" : 239.661076,
        "iops_samples" : 20
      },
      "write" : {
        "io_bytes" : 242552832,
        "io_kbytes" : 236868,
        "bw_bytes" : 24252857,
        "bw" : 23684,
        "iops" : 5921.107889,
        "runtime" : 10001,
        "total_ios" : 59217,
        "short_ios" : 0,
        "drop_ios" : 0,
        "slat_ns" : {
          "min" : 90,
          "max" : 17312,
          "mean" : 236.850769,
          "stddev" : 235.527777,
          "N" : 59217
        },
        "clat_ns" : {
          "min" : 54792,
          "max" : 31190017,
          "mean" : 94464.879950,
          "stddev" : 224735.852341,
          "N" : 59217,
          "percentile" : {
            "1.000000" : 73216,
            "5.000000" : 77312,
            "10.000000" : 80384,
            "20.000000" : 83456,
            "30.000000" : 86528,
            "40.000000" : 88576,
            "50.000000" : 91648,
            "60.000000" : 93696,
            "70.000000" : 95744,
            "80.000000" : 99840,
            "90.000000" : 105984,
            "95.000000" : 112128,
            "99.000000" : 128512,
            "99.500000" : 138240,
            "99.900000" : 171008,
            "99.950000" : 199680,
            "99.990000" : 4079616
          }
        },
        "lat_ns" : {
          "min" : 54993,
          "max" : 31190157,
          "mean" : 94701.730719,
          "stddev" : 224736.425878,
          "N" : 59217
        },
        "bw_min" : 21840,
        "bw_max" : 25944,
        "bw_agg" : 100.000000,
        "bw_mean" : 23686.800000,
        "bw_dev" : 1013.489729,
        "bw_samples" : 20,
        "iops_min" : 5460,
        "iops_max" : 6486,
        "iops_mean" : 5921.700000,
        "iops_stddev" : 253.372432,
        "iops_samples" : 20
      },
      "trim" : {
        "io_bytes" : 0,
        "io_kbytes" : 0,
        "bw_bytes" : 0,
        "bw" : 0,
        "iops" : 0.000000,
        "runtime" : 0,
        "total_ios" : 0,
        "short_ios" : 0,
        "drop_ios" : 0,
        "slat_ns" : {
          "min" : 0,
          "max" : 0,
          "mean" : 0.000000,
          "stddev" : 0.000000,
          "N" : 0
        },
        "clat_ns" : {
          "min" : 0,
          "max" : 0,
          "mean" : 0.000000,
          "stddev" : 0.000000,
          "N" : 0
        },
        "lat_ns" : {
          "min" : 0,
          "max" : 0,
          "mean" : 0.000000,
          "stddev" : 0.000000,
          "N" : 0
        },
        "bw_min" : 0,
        "bw_max" : 0,
        "bw_agg" : 0.000000,
        "bw_mean" : 0.000000,
        "bw_dev" : 0.000000,
        "bw_samples" : 0,
        "iops_min" : 0,
        "iops_max" : 0,
        "iops_mean" : 0.000000,
        "iops_stddev" : 0.000000,
        "iops_samples" : 0
      },
      "sync" : {
        "total_ios" : 0,
        "lat_ns" : {
          "min" : 0,
          "max" : 0,
          "mean" : 0.000000,
          "stddev" : 0.000000,
          "N" : 0
        }
      },
      "job_runtime" : 10000,
      "usr_cpu" : 8.320000,
      "sys_cpu" : 31.450000,
      "ctx" : 118680,
      "majf" : 0,
      "minf" : 295,
      "iodepth_level" : {
        "1" : 100.000000,
        "2" : 0.000000,
        "4" : 0.000000,
        "8" : 0.000000,
        "16" : 0.000000,
        "32" : 0.000000,
        ">=64" : 0.000000
      },
      "iodepth_submit" : {
        "0" : 0.000000,
        "4" : 100.000000,
        "8" : 0.000000,
        "16" : 0.000000,
        "32" : 0.000000,
        "64" : 0.000000,
        ">=64" : 0.000000
      },
      "iodepth_complete" : {
        "0" : 0.000000,
        "4" : 100.000000,
        "8" : 0.000000,
        "16" : 0.000000,
        "32" : 0.000000,
        "64" : 0.000000,
        ">=64" : 0.000000
      },
      "latency_ns" : {
        "2" : 0.000000,
        "4" : 0.000000,
        "10" : 0.000000,
        "20" : 0.000000,
        "50" : 0.000000,
        "100" : 0.000000,
        "250" : 0.000000,
        "500" : 0.000000,
        "750" : 0.000000,
        "1000" : 0.000000
      },
      "latency_us" : {
        "2" : 0.000000,
        "4" : 0.000000,
        "10" : 0.000000,
        "20" : 0.000000,
        "50" : 0.167798,
        "100" : 89.477634,
        "250" : 10.322526,
        "500" : 0.019394,
        "750" : 0.010000,
        "1000" : 0.000000
      },
      "latency_ms" : {
        "2" : 0.000000,
        "4" : 0.010000,
        "10" : 0.010000,
        "20" : 0.010000,
        "50" : 0.010000,
        "100" : 0.000000,
        "250" : 0.000000,
        "500" : 0.000000,
        "750" : 0.000000,
        "1000" : 0.000000,
        "2000" : 0.000000,
        ">=2000" : 0.000000
      },
      "latency_depth" : 1,
      "latency_target" : 0,
      "latency_percentile" : 100.000000,
      "latency_window" : 0
    }
  ],
  "disk_util" : [
    {
      "name" : "sda",
      "read_ios" : 0,
      "write_ios" : 127,
      "read_sectors" : 0,
      "write_sectors" : 37984,
      "read_merges" : 0,
      "write_merges" : 993,
      "read_ticks" : 0,
      "write_ticks" : 242,
      "in_queue" : 249,
      "util" : 0.190285
    }
  ]
}
