{
  "fio version" : "fio-3.40",
  "timestamp" : 1763118936,
  "timestamp_ms" : 1763118936555,
  "time" : "Fri Nov 14 11:15:36 2025",
  "global options" : {
    "ioengine" : "librawstor",
    "filename" : "ost://127.0.0.1:8080/01988675-e1e5-7788-9ed4-2f2d30910d23"
  },
  "jobs" : [
    {
      "jobname" : "rawstor",
      "groupid" : 0,
      "job_start" : 1763118926407,
      "error" : 0,
      "eta" : 0,
      "elapsed" : 11,
      "job options" : {
        "name" : "rawstor",
        "iodepth" : "1",
        "rw" : "randrw",
        "bs" : "4k",
        "size" : "1G",
        "numjobs" : "1",
        "runtime" : "10",
        "time_based" : "",
        "group_reporting" : ""
      },
      "read" : {
        "io_bytes" : 361713664,
        "io_kbytes" : 353236,
        "bw_bytes" : 36167749,
        "bw" : 35320,
        "iops" : 8830.016998,
        "runtime" : 10001,
        "total_ios" : 88309,
        "short_ios" : 0,
        "drop_ios" : 0,
        "slat_ns" : {
          "min" : 20,
          "max" : 16691,
          "mean" : 101.855802,
          "stddev" : 265.549012,
          "N" : 88309
        },
        "clat_ns" : {
          "min" : 18466,
          "max" : 43861689,
          "mean" : 45159.870025,
          "stddev" : 151195.974058,
          "N" : 88309,
          "percentile" : {
            "1.000000" : 29824,
            "5.000000" : 34560,
            "10.000000" : 36096,
            "20.000000" : 37632,
            "30.000000" : 39680,
            "40.000000" : 41216,
            "50.000000" : 43264,
            "60.000000" : 45312,
            "70.000000" : 47360,
            "80.000000" : 49920,
            "90.000000" : 54016,
            "95.000000" : 58624,
            "99.000000" : 73216,
            "99.500000" : 82432,
            "99.900000" : 108032,
            "99.950000" : 173056,
            "99.990000" : 407552
          }
        },
        "lat_ns" : {
          "min" : 18524,
          "max" : 43861752,
          "mean" : 45261.725826,
          "stddev" : 151196.149245,
          "N" : 88309
        },
        "bw_min" : 33368,
        "bw_max" : 38784,
        "bw_agg" : 100.000000,
        "bw_mean" : 35440.000000,
        "bw_dev" : 1725.877297,
        "bw_samples" : 19,
        "iops_min" : 8342,
        "iops_max" : 9696,
        "iops_mean" : 8860.000000,
        "iops_stddev" : 431.469324,
        "iops_samples" : 19
      },
      "write" : {
        "io_bytes" : 360660992,
        "io_kbytes" : 352208,
        "bw_bytes" : 36062492,
        "bw" : 35217,
        "iops" : 8804.319568,
        "runtime" : 10001,
        "total_ios" : 88052,
        "short_ios" : 0,
        "drop_ios" : 0,
        "slat_ns" : {
          "min" : 45,
          "max" : 16227,
          "mean" : 143.849543,
          "stddev" : 265.146109,
          "N" : 88052
        },
        "clat_ns" : {
          "min" : 22285,
          "max" : 47561457,
          "mean" : 66357.465486,
          "stddev" : 396978.645124,
          "N" : 88052,
          "percentile" : {
            "1.000000" : 37120,
            "5.000000" : 48896,
            "10.000000" : 50944,
            "20.000000" : 54016,
            "30.000000" : 56576,
            "40.000000" : 58624,
            "50.000000" : 61184,
            "60.000000" : 63232,
            "70.000000" : 66048,
            "80.000000" : 68096,
            "90.000000" : 73216,
            "95.000000" : 78336,
            "99.000000" : 93696,
            "99.500000" : 103936,
            "99.900000" : 146432,
            "99.950000" : 242688,
            "99.990000" : 10944512
          }
        },
        "lat_ns" : {
          "min" : 22367,
          "max" : 47561540,
          "mean" : 66501.315030,
          "stddev" : 396978.466755,
          "N" : 88052
        },
        "bw_min" : 32232,
        "bw_max" : 38096,
        "bw_agg" : 100.000000,
        "bw_mean" : 35305.263158,
        "bw_dev" : 1748.075286,
        "bw_samples" : 19,
        "iops_min" : 8058,
        "iops_max" : 9524,
        "iops_mean" : 8826.315789,
        "iops_stddev" : 437.018821,
        "iops_samples" : 19
      },
      "trim" : {
        "io_bytes" : 0,
        "io_kbytes" : 0,
        "bw_bytes" : 0,
        "bw" : 0,
        "iops" : 0.000000,
        "runtime" : 0,
        "total_ios" : 0,
        "short_ios" : 0,
        "drop_ios" : 0,
        "slat_ns" : {
          "min" : 0,
          "max" : 0,
          "mean" : 0.000000,
          "stddev" : 0.000000,
          "N" : 0
        },
        "clat_ns" : {
          "min" : 0,
          "max" : 0,
          "mean" : 0.000000,
          "stddev" : 0.000000,
          "N" : 0
        },
        "lat_ns" : {
          "min" : 0,
          "max" : 0,
          "mean" : 0.000000,
          "stddev" : 0.000000,
          "N" : 0
        },
        "bw_min" : 0,
        "bw_max" : 0,
        "bw_agg" : 0.000000,
        "bw_mean" : 0.000000,
        "bw_dev" : 0.000000,
        "bw_samples" : 0,
        "iops_min" : 0,
        "iops_max" : 0,
        "iops_mean" : 0.000000,
        "iops_stddev" : 0.000000,
        "iops_samples" : 0
      },
      "sync" : {
        "total_ios" : 0,
        "lat_ns" : {
          "min" : 0,
          "max" : 0,
          "mean" : 0.000000,
          "stddev" : 0.000000,
          "N" : 0
        }
      },
      "job_runtime" : 10000,
      "usr_cpu" : 10.020000,
      "sys_cpu" : 25.290000,
      "ctx" : 176986,
      "majf" : 0,
      "minf" : 43,
      "iodepth_level" : {
        "1" : 100.000000,
        "2" : 0.000000,
        "4" : 0.000000,
        "8" : 0.000000,
        "16" : 0.000000,
        "32" : 0.000000,
        ">=64" : 0.000000
      },
      "iodepth_submit" : {
        "0" : 0.000000,
        "4" : 100.000000,
        "8" : 0.000000,
        "16" : 0.000000,
        "32" : 0.000000,
        "64" : 0.000000,
        ">=64" : 0.000000
      },
      "iodepth_complete" : {
        "0" : 0.000000,
        "4" : 100.000000,
        "8" : 0.000000,
        "16" : 0.000000,
        "32" : 0.000000,
        "64" : 0.000000,
        ">=64" : 0.000000
      },
      "latency_ns" : {
        "2" : 0.000000,
        "4" : 0.000000,
        "10" : 0.000000,
        "20" : 0.000000,
        "50" : 0.000000,
        "100" : 0.000000,
        "250" : 0.000000,
        "500" : 0.000000,
        "750" : 0.000000,
        "1000" : 0.000000
      },
      "latency_us" : {
        "2" : 0.000000,
        "4" : 0.000000,
        "10" : 0.000000,
        "20" : 0.010000,
        "50" : 43.766479,
        "100" : 55.824133,
        "250" : 0.361191,
        "500" : 0.026083,
        "750" : 0.010000,
        "1000" : 0.010000
      },
      "latency_ms" : {
        "2" : 0.000000,
        "4" : 0.010000,
        "10" : 0.010000,
        "20" : 0.010000,
        "50" : 0.010000,
        "100" : 0.000000,
        "250" : 0.000000,
        "500" : 0.000000,
        "750" : 0.000000,
        "1000" : 0.000000,
        "2000" : 0.000000,
        ">=2000" : 0.000000
      },
      "latency_depth" : 1,
      "latency_target" : 0,
      "latency_percentile" : 100.000000,
      "latency_window" : 0
    }
  ],
  "disk_util" : [
    {
      "name" : "sdb",
      "read_ios" : 0,
      "write_ios" : 347,
      "read_sectors" : 0,
      "write_sectors" : 42856,
      "read_merges" : 0,
      "write_merges" : 1499,
      "read_ticks" : 0,
      "write_ticks" : 258,
      "in_queue" : 262,
      "util" : 0.180108
    }
  ]
}
