{
  "fio version" : "fio-3.40",
  "timestamp" : 1760606780,
  "timestamp_ms" : 1760606780675,
  "time" : "Thu Oct 16 09:26:20 2025",
  "global options" : {
    "ioengine" : "librawstor",
    "filename" : "file:///tmp/objects/0199ec57-5463-7471-b477-09a29aa7217c"
  },
  "jobs" : [
    {
      "jobname" : "rawstor",
      "groupid" : 0,
      "job_start" : 1760606770536,
      "error" : 0,
      "eta" : 0,
      "elapsed" : 11,
      "job options" : {
        "name" : "rawstor",
        "iodepth" : "1",
        "rw" : "randrw",
        "bs" : "4k",
        "size" : "1G",
        "numjobs" : "1",
        "runtime" : "10",
        "time_based" : "",
        "group_reporting" : ""
      },
      "read" : {
        "io_bytes" : 1281404928,
        "io_kbytes" : 1251372,
        "bw_bytes" : 128127680,
        "bw" : 125124,
        "iops" : 31281.171883,
        "runtime" : 10001,
        "total_ios" : 312843,
        "short_ios" : 0,
        "drop_ios" : 0,
        "slat_ns" : {
          "min" : 10,
          "max" : 14708,
          "mean" : 41.181928,
          "stddev" : 60.925778,
          "N" : 312843
        },
        "clat_ns" : {
          "min" : 1323,
          "max" : 120193,
          "mean" : 3371.412143,
          "stddev" : 2943.660120,
          "N" : 312843,
          "percentile" : {
            "1.000000" : 1672,
            "5.000000" : 1768,
            "10.000000" : 1816,
            "20.000000" : 1896,
            "30.000000" : 2064,
            "40.000000" : 2256,
            "50.000000" : 2384,
            "60.000000" : 2640,
            "70.000000" : 3312,
            "80.000000" : 4256,
            "90.000000" : 5728,
            "95.000000" : 7776,
            "99.000000" : 15552,
            "99.500000" : 19328,
            "99.900000" : 27008,
            "99.950000" : 32384,
            "99.990000" : 82432
          }
        },
        "lat_ns" : {
          "min" : 1353,
          "max" : 120273,
          "mean" : 3412.594071,
          "stddev" : 2948.959406,
          "N" : 312843
        },
        "bw_min" : 107448,
        "bw_max" : 138800,
        "bw_agg" : 99.174673,
        "bw_mean" : 124092.631579,
        "bw_dev" : 10402.297290,
        "bw_samples" : 19,
        "iops_min" : 26862,
        "iops_max" : 34700,
        "iops_mean" : 31023.157895,
        "iops_stddev" : 2600.574323,
        "iops_samples" : 19
      },
      "write" : {
        "io_bytes" : 1280225280,
        "io_kbytes" : 1250220,
        "bw_bytes" : 128009727,
        "bw" : 125009,
        "iops" : 31252.374763,
        "runtime" : 10001,
        "total_ios" : 312555,
        "short_ios" : 0,
        "drop_ios" : 0,
        "slat_ns" : {
          "min" : 30,
          "max" : 14837,
          "mean" : 89.487287,
          "stddev" : 126.777202,
          "N" : 312555
        },
        "clat_ns" : {
          "min" : 7524,
          "max" : 589714,
          "mean" : 27645.443931,
          "stddev" : 4331.366456,
          "N" : 312555,
          "percentile" : {
            "1.000000" : 21376,
            "5.000000" : 22656,
            "10.000000" : 23424,
            "20.000000" : 24448,
            "30.000000" : 25472,
            "40.000000" : 26496,
            "50.000000" : 27008,
            "60.000000" : 27520,
            "70.000000" : 28544,
            "80.000000" : 30848,
            "90.000000" : 33024,
            "95.000000" : 34048,
            "99.000000" : 41216,
            "99.500000" : 45312,
            "99.900000" : 51456,
            "99.950000" : 55040,
            "99.990000" : 93696
          }
        },
        "lat_ns" : {
          "min" : 7584,
          "max" : 589855,
          "mean" : 27734.931219,
          "stddev" : 4345.615739,
          "N" : 312555
        },
        "bw_min" : 106232,
        "bw_max" : 139880,
        "bw_agg" : 99.251658,
        "bw_mean" : 124074.947368,
        "bw_dev" : 10576.711763,
        "bw_samples" : 19,
        "iops_min" : 26558,
        "iops_max" : 34970,
        "iops_mean" : 31018.736842,
        "iops_stddev" : 2644.177941,
        "iops_samples" : 19
      },
      "trim" : {
        "io_bytes" : 0,
        "io_kbytes" : 0,
        "bw_bytes" : 0,
        "bw" : 0,
        "iops" : 0.000000,
        "runtime" : 0,
        "total_ios" : 0,
        "short_ios" : 0,
        "drop_ios" : 0,
        "slat_ns" : {
          "min" : 0,
          "max" : 0,
          "mean" : 0.000000,
          "stddev" : 0.000000,
          "N" : 0
        },
        "clat_ns" : {
          "min" : 0,
          "max" : 0,
          "mean" : 0.000000,
          "stddev" : 0.000000,
          "N" : 0
        },
        "lat_ns" : {
          "min" : 0,
          "max" : 0,
          "mean" : 0.000000,
          "stddev" : 0.000000,
          "N" : 0
        },
        "bw_min" : 0,
        "bw_max" : 0,
        "bw_agg" : 0.000000,
        "bw_mean" : 0.000000,
        "bw_dev" : 0.000000,
        "bw_samples" : 0,
        "iops_min" : 0,
        "iops_max" : 0,
        "iops_mean" : 0.000000,
        "iops_stddev" : 0.000000,
        "iops_samples" : 0
      },
      "sync" : {
        "total_ios" : 0,
        "lat_ns" : {
          "min" : 0,
          "max" : 0,
          "mean" : 0.000000,
          "stddev" : 0.000000,
          "N" : 0
        }
      },
      "job_runtime" : 10000,
      "usr_cpu" : 9.030000,
      "sys_cpu" : 39.520000,
      "ctx" : 312300,
      "majf" : 0,
      "minf" : 25,
      "iodepth_level" : {
        "1" : 100.000000,
        "2" : 0.000000,
        "4" : 0.000000,
        "8" : 0.000000,
        "16" : 0.000000,
        "32" : 0.000000,
        ">=64" : 0.000000
      },
      "iodepth_submit" : {
        "0" : 0.000000,
        "4" : 100.000000,
        "8" : 0.000000,
        "16" : 0.000000,
        "32" : 0.000000,
        "64" : 0.000000,
        ">=64" : 0.000000
      },
      "iodepth_complete" : {
        "0" : 0.000000,
        "4" : 100.000000,
        "8" : 0.000000,
        "16" : 0.000000,
        "32" : 0.000000,
        "64" : 0.000000,
        ">=64" : 0.000000
      },
      "latency_ns" : {
        "2" : 0.000000,
        "4" : 0.000000,
        "10" : 0.000000,
        "20" : 0.000000,
        "50" : 0.000000,
        "100" : 0.000000,
        "250" : 0.000000,
        "500" : 0.000000,
        "750" : 0.000000,
        "1000" : 0.000000
      },
      "latency_us" : {
        "2" : 13.945360,
        "4" : 24.984250,
        "10" : 9.687111,
        "20" : 1.384239,
        "50" : 49.913495,
        "100" : 0.078670,
        "250" : 0.010000,
        "500" : 0.010000,
        "750" : 0.010000,
        "1000" : 0.000000
      },
      "latency_ms" : {
        "2" : 0.000000,
        "4" : 0.000000,
        "10" : 0.000000,
        "20" : 0.000000,
        "50" : 0.000000,
        "100" : 0.000000,
        "250" : 0.000000,
        "500" : 0.000000,
        "750" : 0.000000,
        "1000" : 0.000000,
        "2000" : 0.000000,
        ">=2000" : 0.000000
      },
      "latency_depth" : 1,
      "latency_target" : 0,
      "latency_percentile" : 100.000000,
      "latency_window" : 0
    }
  ],
  "disk_util" : [
    {
      "name" : "sda",
      "read_ios" : 1,
      "write_ios" : 30,
      "read_sectors" : 24,
      "write_sectors" : 7616,
      "read_merges" : 0,
      "write_merges" : 52,
      "read_ticks" : 0,
      "write_ticks" : 20,
      "in_queue" : 20,
      "util" : 0.020028
    }
  ]
}
