{
  "fio version" : "fio-3.40",
  "timestamp" : 1761288766,
  "timestamp_ms" : 1761288766122,
  "time" : "Fri Oct 24 06:52:46 2025",
  "global options" : {
    "ioengine" : "librawstor",
    "filename" : "file:///tmp/objects/019a14fd-9a09-72c3-89e1-4c6869d4282d"
  },
  "jobs" : [
    {
      "jobname" : "rawstor",
      "groupid" : 0,
      "job_start" : 1761288755976,
      "error" : 0,
      "eta" : 0,
      "elapsed" : 11,
      "job options" : {
        "name" : "rawstor",
        "iodepth" : "1",
        "rw" : "randrw",
        "bs" : "4k",
        "size" : "1G",
        "numjobs" : "1",
        "runtime" : "10",
        "time_based" : "",
        "group_reporting" : ""
      },
      "read" : {
        "io_bytes" : 1282748416,
        "io_kbytes" : 1252684,
        "bw_bytes" : 128262015,
        "bw" : 125255,
        "iops" : 31313.968603,
        "runtime" : 10001,
        "total_ios" : 313171,
        "short_ios" : 0,
        "drop_ios" : 0,
        "slat_ns" : {
          "min" : 9,
          "max" : 16431,
          "mean" : 56.315042,
          "stddev" : 120.796729,
          "N" : 313171
        },
        "clat_ns" : {
          "min" : 1372,
          "max" : 143909,
          "mean" : 3536.425212,
          "stddev" : 3037.034110,
          "N" : 313171,
          "percentile" : {
            "1.000000" : 1720,
            "5.000000" : 1816,
            "10.000000" : 1880,
            "20.000000" : 1960,
            "30.000000" : 2128,
            "40.000000" : 2320,
            "50.000000" : 2480,
            "60.000000" : 2832,
            "70.000000" : 3472,
            "80.000000" : 4512,
            "90.000000" : 6112,
            "95.000000" : 8256,
            "99.000000" : 16064,
            "99.500000" : 19840,
            "99.900000" : 28032,
            "99.950000" : 32640,
            "99.990000" : 82432
          }
        },
        "lat_ns" : {
          "min" : 1402,
          "max" : 144149,
          "mean" : 3592.740254,
          "stddev" : 3048.532168,
          "N" : 313171
        },
        "bw_min" : 104912,
        "bw_max" : 145960,
        "bw_agg" : 100.000000,
        "bw_mean" : 125268.400000,
        "bw_dev" : 13384.090848,
        "bw_samples" : 20,
        "iops_min" : 26228,
        "iops_max" : 36490,
        "iops_mean" : 31317.100000,
        "iops_stddev" : 3346.022712,
        "iops_samples" : 20
      },
      "write" : {
        "io_bytes" : 1281667072,
        "io_kbytes" : 1251628,
        "bw_bytes" : 128153891,
        "bw" : 125150,
        "iops" : 31287.571243,
        "runtime" : 10001,
        "total_ios" : 312907,
        "short_ios" : 0,
        "drop_ios" : 0,
        "slat_ns" : {
          "min" : 29,
          "max" : 19126,
          "mean" : 82.303176,
          "stddev" : 123.275801,
          "N" : 312907
        },
        "clat_ns" : {
          "min" : 8967,
          "max" : 787559,
          "mean" : 27355.279061,
          "stddev" : 4813.444542,
          "N" : 312907,
          "percentile" : {
            "1.000000" : 21120,
            "5.000000" : 22400,
            "10.000000" : 22912,
            "20.000000" : 23936,
            "30.000000" : 24960,
            "40.000000" : 25984,
            "50.000000" : 26496,
            "60.000000" : 27264,
            "70.000000" : 28288,
            "80.000000" : 30592,
            "90.000000" : 33024,
            "95.000000" : 34048,
            "99.000000" : 41216,
            "99.500000" : 45312,
            "99.900000" : 51968,
            "99.950000" : 55552,
            "99.990000" : 99840
          }
        },
        "lat_ns" : {
          "min" : 9117,
          "max" : 787659,
          "mean" : 27437.582237,
          "stddev" : 4828.230928,
          "N" : 312907
        },
        "bw_min" : 103816,
        "bw_max" : 145112,
        "bw_agg" : 100.000000,
        "bw_mean" : 125162.800000,
        "bw_dev" : 13057.018865,
        "bw_samples" : 20,
        "iops_min" : 25954,
        "iops_max" : 36278,
        "iops_mean" : 31290.700000,
        "iops_stddev" : 3264.254716,
        "iops_samples" : 20
      },
      "trim" : {
        "io_bytes" : 0,
        "io_kbytes" : 0,
        "bw_bytes" : 0,
        "bw" : 0,
        "iops" : 0.000000,
        "runtime" : 0,
        "total_ios" : 0,
        "short_ios" : 0,
        "drop_ios" : 0,
        "slat_ns" : {
          "min" : 0,
          "max" : 0,
          "mean" : 0.000000,
          "stddev" : 0.000000,
          "N" : 0
        },
        "clat_ns" : {
          "min" : 0,
          "max" : 0,
          "mean" : 0.000000,
          "stddev" : 0.000000,
          "N" : 0
        },
        "lat_ns" : {
          "min" : 0,
          "max" : 0,
          "mean" : 0.000000,
          "stddev" : 0.000000,
          "N" : 0
        },
        "bw_min" : 0,
        "bw_max" : 0,
        "bw_agg" : 0.000000,
        "bw_mean" : 0.000000,
        "bw_dev" : 0.000000,
        "bw_samples" : 0,
        "iops_min" : 0,
        "iops_max" : 0,
        "iops_mean" : 0.000000,
        "iops_stddev" : 0.000000,
        "iops_samples" : 0
      },
      "sync" : {
        "total_ios" : 0,
        "lat_ns" : {
          "min" : 0,
          "max" : 0,
          "mean" : 0.000000,
          "stddev" : 0.000000,
          "N" : 0
        }
      },
      "job_runtime" : 10000,
      "usr_cpu" : 10.360000,
      "sys_cpu" : 38.780000,
      "ctx" : 312551,
      "majf" : 0,
      "minf" : 22,
      "iodepth_level" : {
        "1" : 100.000000,
        "2" : 0.000000,
        "4" : 0.000000,
        "8" : 0.000000,
        "16" : 0.000000,
        "32" : 0.000000,
        ">=64" : 0.000000
      },
      "iodepth_submit" : {
        "0" : 0.000000,
        "4" : 100.000000,
        "8" : 0.000000,
        "16" : 0.000000,
        "32" : 0.000000,
        "64" : 0.000000,
        ">=64" : 0.000000
      },
      "iodepth_complete" : {
        "0" : 0.000000,
        "4" : 100.000000,
        "8" : 0.000000,
        "16" : 0.000000,
        "32" : 0.000000,
        "64" : 0.000000,
        ">=64" : 0.000000
      },
      "latency_ns" : {
        "2" : 0.000000,
        "4" : 0.000000,
        "10" : 0.000000,
        "20" : 0.000000,
        "50" : 0.000000,
        "100" : 0.000000,
        "250" : 0.000000,
        "500" : 0.000000,
        "750" : 0.000000,
        "1000" : 0.000000
      },
      "latency_us" : {
        "2" : 11.837662,
        "4" : 25.906357,
        "10" : 10.722146,
        "20" : 1.615454,
        "50" : 49.819990,
        "100" : 0.091203,
        "250" : 0.010000,
        "500" : 0.000000,
        "750" : 0.010000,
        "1000" : 0.010000
      },
      "latency_ms" : {
        "2" : 0.000000,
        "4" : 0.000000,
        "10" : 0.000000,
        "20" : 0.000000,
        "50" : 0.000000,
        "100" : 0.000000,
        "250" : 0.000000,
        "500" : 0.000000,
        "750" : 0.000000,
        "1000" : 0.000000,
        "2000" : 0.000000,
        ">=2000" : 0.000000
      },
      "latency_depth" : 1,
      "latency_target" : 0,
      "latency_percentile" : 100.000000,
      "latency_window" : 0
    }
  ],
  "disk_util" : [
    {
      "name" : "sdb",
      "read_ios" : 0,
      "write_ios" : 134,
      "read_sectors" : 0,
      "write_sectors" : 16024,
      "read_merges" : 0,
      "write_merges" : 330,
      "read_ticks" : 0,
      "write_ticks" : 118,
      "in_queue" : 119,
      "util" : 0.070063
    }
  ]
}
