{
  "fio version" : "fio-3.40",
  "timestamp" : 1758467909,
  "timestamp_ms" : 1758467909703,
  "time" : "Sun Sep 21 15:18:29 2025",
  "global options" : {
    "ioengine" : "librawstor",
    "filename" : "01988675-e1e5-7788-9ed4-2f2d30910d23"
  },
  "jobs" : [
    {
      "jobname" : "rawstor",
      "groupid" : 0,
      "job_start" : 1758467899563,
      "error" : 0,
      "eta" : 0,
      "elapsed" : 11,
      "job options" : {
        "name" : "rawstor",
        "iodepth" : "1",
        "rw" : "randrw",
        "bs" : "4k",
        "size" : "1G",
        "numjobs" : "1",
        "runtime" : "10",
        "time_based" : "",
        "group_reporting" : ""
      },
      "read" : {
        "io_bytes" : 246374400,
        "io_kbytes" : 240600,
        "bw_bytes" : 24634976,
        "bw" : 24057,
        "iops" : 6014.398560,
        "runtime" : 10001,
        "total_ios" : 60150,
        "short_ios" : 0,
        "drop_ios" : 0,
        "slat_ns" : {
          "min" : 50,
          "max" : 16481,
          "mean" : 164.906650,
          "stddev" : 156.019241,
          "N" : 60150
        },
        "clat_ns" : {
          "min" : 40125,
          "max" : 26802247,
          "mean" : 69422.955378,
          "stddev" : 171003.937234,
          "N" : 60150,
          "percentile" : {
            "1.000000" : 51968,
            "5.000000" : 55552,
            "10.000000" : 57088,
            "20.000000" : 60160,
            "30.000000" : 62208,
            "40.000000" : 64256,
            "50.000000" : 66048,
            "60.000000" : 69120,
            "70.000000" : 71168,
            "80.000000" : 74240,
            "90.000000" : 80384,
            "95.000000" : 86528,
            "99.000000" : 100864,
            "99.500000" : 108032,
            "99.900000" : 134144,
            "99.950000" : 171008,
            "99.990000" : 1400832
          }
        },
        "lat_ns" : {
          "min" : 40305,
          "max" : 26802348,
          "mean" : 69587.862028,
          "stddev" : 171004.444838,
          "N" : 60150
        },
        "bw_min" : 21792,
        "bw_max" : 26352,
        "bw_agg" : 100.000000,
        "bw_mean" : 24087.947368,
        "bw_dev" : 1249.378533,
        "bw_samples" : 19,
        "iops_min" : 5448,
        "iops_max" : 6588,
        "iops_mean" : 6021.947368,
        "iops_stddev" : 312.342845,
        "iops_samples" : 19
      },
      "write" : {
        "io_bytes" : 245870592,
        "io_kbytes" : 240108,
        "bw_bytes" : 24584600,
        "bw" : 24008,
        "iops" : 6002.099790,
        "runtime" : 10001,
        "total_ios" : 60027,
        "short_ios" : 0,
        "drop_ios" : 0,
        "slat_ns" : {
          "min" : 80,
          "max" : 16922,
          "mean" : 253.473520,
          "stddev" : 223.790072,
          "N" : 60027
        },
        "clat_ns" : {
          "min" : 54271,
          "max" : 27089587,
          "mean" : 93420.045963,
          "stddev" : 208894.216376,
          "N" : 60027,
          "percentile" : {
            "1.000000" : 73216,
            "5.000000" : 77312,
            "10.000000" : 80384,
            "20.000000" : 83456,
            "30.000000" : 85504,
            "40.000000" : 87552,
            "50.000000" : 90624,
            "60.000000" : 92672,
            "70.000000" : 94720,
            "80.000000" : 98816,
            "90.000000" : 103936,
            "95.000000" : 110080,
            "99.000000" : 123392,
            "99.500000" : 130560,
            "99.900000" : 156672,
            "99.950000" : 183296,
            "99.990000" : 880640
          }
        },
        "lat_ns" : {
          "min" : 54562,
          "max" : 27089798,
          "mean" : 93673.519483,
          "stddev" : 208894.540168,
          "N" : 60027
        },
        "bw_min" : 22528,
        "bw_max" : 26160,
        "bw_agg" : 99.898375,
        "bw_mean" : 23984.263158,
        "bw_dev" : 1105.557066,
        "bw_samples" : 19,
        "iops_min" : 5632,
        "iops_max" : 6540,
        "iops_mean" : 5996.052632,
        "iops_stddev" : 276.375444,
        "iops_samples" : 19
      },
      "trim" : {
        "io_bytes" : 0,
        "io_kbytes" : 0,
        "bw_bytes" : 0,
        "bw" : 0,
        "iops" : 0.000000,
        "runtime" : 0,
        "total_ios" : 0,
        "short_ios" : 0,
        "drop_ios" : 0,
        "slat_ns" : {
          "min" : 0,
          "max" : 0,
          "mean" : 0.000000,
          "stddev" : 0.000000,
          "N" : 0
        },
        "clat_ns" : {
          "min" : 0,
          "max" : 0,
          "mean" : 0.000000,
          "stddev" : 0.000000,
          "N" : 0
        },
        "lat_ns" : {
          "min" : 0,
          "max" : 0,
          "mean" : 0.000000,
          "stddev" : 0.000000,
          "N" : 0
        },
        "bw_min" : 0,
        "bw_max" : 0,
        "bw_agg" : 0.000000,
        "bw_mean" : 0.000000,
        "bw_dev" : 0.000000,
        "bw_samples" : 0,
        "iops_min" : 0,
        "iops_max" : 0,
        "iops_mean" : 0.000000,
        "iops_stddev" : 0.000000,
        "iops_samples" : 0
      },
      "sync" : {
        "total_ios" : 0,
        "lat_ns" : {
          "min" : 0,
          "max" : 0,
          "mean" : 0.000000,
          "stddev" : 0.000000,
          "N" : 0
        }
      },
      "job_runtime" : 10000,
      "usr_cpu" : 6.310000,
      "sys_cpu" : 33.770000,
      "ctx" : 120285,
      "majf" : 0,
      "minf" : 294,
      "iodepth_level" : {
        "1" : 100.000000,
        "2" : 0.000000,
        "4" : 0.000000,
        "8" : 0.000000,
        "16" : 0.000000,
        "32" : 0.000000,
        ">=64" : 0.000000
      },
      "iodepth_submit" : {
        "0" : 0.000000,
        "4" : 100.000000,
        "8" : 0.000000,
        "16" : 0.000000,
        "32" : 0.000000,
        "64" : 0.000000,
        ">=64" : 0.000000
      },
      "iodepth_complete" : {
        "0" : 0.000000,
        "4" : 100.000000,
        "8" : 0.000000,
        "16" : 0.000000,
        "32" : 0.000000,
        "64" : 0.000000,
        ">=64" : 0.000000
      },
      "latency_ns" : {
        "2" : 0.000000,
        "4" : 0.000000,
        "10" : 0.000000,
        "20" : 0.000000,
        "50" : 0.000000,
        "100" : 0.000000,
        "250" : 0.000000,
        "500" : 0.000000,
        "750" : 0.000000,
        "1000" : 0.000000
      },
      "latency_us" : {
        "2" : 0.000000,
        "4" : 0.000000,
        "10" : 0.000000,
        "20" : 0.000000,
        "50" : 0.188888,
        "100" : 90.957504,
        "250" : 8.824484,
        "500" : 0.010817,
        "750" : 0.010000,
        "1000" : 0.010000
      },
      "latency_ms" : {
        "2" : 0.010000,
        "4" : 0.000000,
        "10" : 0.010000,
        "20" : 0.000000,
        "50" : 0.010000,
        "100" : 0.000000,
        "250" : 0.000000,
        "500" : 0.000000,
        "750" : 0.000000,
        "1000" : 0.000000,
        "2000" : 0.000000,
        ">=2000" : 0.000000
      },
      "latency_depth" : 1,
      "latency_target" : 0,
      "latency_percentile" : 100.000000,
      "latency_window" : 0
    }
  ],
  "disk_util" : [
    {
      "name" : "sda",
      "read_ios" : 0,
      "write_ios" : 129,
      "read_sectors" : 0,
      "write_sectors" : 37344,
      "read_merges" : 0,
      "write_merges" : 1000,
      "read_ticks" : 0,
      "write_ticks" : 201,
      "in_queue" : 207,
      "util" : 0.170255
    }
  ]
}
