{
  "fio version" : "fio-3.40",
  "timestamp" : 1759673131,
  "timestamp_ms" : 1759673131064,
  "time" : "Sun Oct  5 14:05:31 2025",
  "global options" : {
    "ioengine" : "librawstor",
    "filename" : "01988675-e1e5-7788-9ed4-2f2d30910d23"
  },
  "jobs" : [
    {
      "jobname" : "rawstor",
      "groupid" : 0,
      "job_start" : 1759673120924,
      "error" : 0,
      "eta" : 0,
      "elapsed" : 11,
      "job options" : {
        "name" : "rawstor",
        "iodepth" : "1",
        "rw" : "randrw",
        "bs" : "4k",
        "size" : "1G",
        "numjobs" : "1",
        "runtime" : "10",
        "time_based" : "",
        "group_reporting" : ""
      },
      "read" : {
        "io_bytes" : 223580160,
        "io_kbytes" : 218340,
        "bw_bytes" : 22355780,
        "bw" : 21831,
        "iops" : 5457.954205,
        "runtime" : 10001,
        "total_ios" : 54585,
        "short_ios" : 0,
        "drop_ios" : 0,
        "slat_ns" : {
          "min" : 40,
          "max" : 19396,
          "mean" : 170.396519,
          "stddev" : 250.678540,
          "N" : 54585
        },
        "clat_ns" : {
          "min" : 44905,
          "max" : 28983727,
          "mean" : 77294.212751,
          "stddev" : 225581.785424,
          "N" : 54585,
          "percentile" : {
            "1.000000" : 56064,
            "5.000000" : 60160,
            "10.000000" : 62720,
            "20.000000" : 67072,
            "30.000000" : 70144,
            "40.000000" : 72192,
            "50.000000" : 74240,
            "60.000000" : 76288,
            "70.000000" : 78336,
            "80.000000" : 82432,
            "90.000000" : 87552,
            "95.000000" : 94720,
            "99.000000" : 110080,
            "99.500000" : 118272,
            "99.900000" : 142336,
            "99.950000" : 179200,
            "99.990000" : 2768896
          }
        },
        "lat_ns" : {
          "min" : 45005,
          "max" : 28983817,
          "mean" : 77464.609270,
          "stddev" : 225582.561138,
          "N" : 54585
        },
        "bw_min" : 20328,
        "bw_max" : 23688,
        "bw_agg" : 100.000000,
        "bw_mean" : 21895.315789,
        "bw_dev" : 1032.220479,
        "bw_samples" : 19,
        "iops_min" : 5082,
        "iops_max" : 5922,
        "iops_mean" : 5473.684211,
        "iops_stddev" : 257.886507,
        "iops_samples" : 19
      },
      "write" : {
        "io_bytes" : 222543872,
        "io_kbytes" : 217328,
        "bw_bytes" : 22252161,
        "bw" : 21730,
        "iops" : 5432.656734,
        "runtime" : 10001,
        "total_ios" : 54332,
        "short_ios" : 0,
        "drop_ios" : 0,
        "slat_ns" : {
          "min" : 80,
          "max" : 21881,
          "mean" : 232.267596,
          "stddev" : 280.204102,
          "N" : 54332
        },
        "clat_ns" : {
          "min" : 57718,
          "max" : 28971785,
          "mean" : 102583.265884,
          "stddev" : 198756.218873,
          "N" : 54332,
          "percentile" : {
            "1.000000" : 79360,
            "5.000000" : 84480,
            "10.000000" : 87552,
            "20.000000" : 91648,
            "30.000000" : 94720,
            "40.000000" : 96768,
            "50.000000" : 99840,
            "60.000000" : 101888,
            "70.000000" : 104960,
            "80.000000" : 108032,
            "90.000000" : 115200,
            "95.000000" : 121344,
            "99.000000" : 138240,
            "99.500000" : 146432,
            "99.900000" : 177152,
            "99.950000" : 201728,
            "99.990000" : 2375680
          }
        },
        "lat_ns" : {
          "min" : 57928,
          "max" : 28971945,
          "mean" : 102815.533479,
          "stddev" : 198757.428702,
          "N" : 54332
        },
        "bw_min" : 19992,
        "bw_max" : 23616,
        "bw_agg" : 100.000000,
        "bw_mean" : 21810.578947,
        "bw_dev" : 1007.838684,
        "bw_samples" : 19,
        "iops_min" : 4998,
        "iops_max" : 5904,
        "iops_mean" : 5452.631579,
        "iops_stddev" : 251.941839,
        "iops_samples" : 19
      },
      "trim" : {
        "io_bytes" : 0,
        "io_kbytes" : 0,
        "bw_bytes" : 0,
        "bw" : 0,
        "iops" : 0.000000,
        "runtime" : 0,
        "total_ios" : 0,
        "short_ios" : 0,
        "drop_ios" : 0,
        "slat_ns" : {
          "min" : 0,
          "max" : 0,
          "mean" : 0.000000,
          "stddev" : 0.000000,
          "N" : 0
        },
        "clat_ns" : {
          "min" : 0,
          "max" : 0,
          "mean" : 0.000000,
          "stddev" : 0.000000,
          "N" : 0
        },
        "lat_ns" : {
          "min" : 0,
          "max" : 0,
          "mean" : 0.000000,
          "stddev" : 0.000000,
          "N" : 0
        },
        "bw_min" : 0,
        "bw_max" : 0,
        "bw_agg" : 0.000000,
        "bw_mean" : 0.000000,
        "bw_dev" : 0.000000,
        "bw_samples" : 0,
        "iops_min" : 0,
        "iops_max" : 0,
        "iops_mean" : 0.000000,
        "iops_stddev" : 0.000000,
        "iops_samples" : 0
      },
      "sync" : {
        "total_ios" : 0,
        "lat_ns" : {
          "min" : 0,
          "max" : 0,
          "mean" : 0.000000,
          "stddev" : 0.000000,
          "N" : 0
        }
      },
      "job_runtime" : 10000,
      "usr_cpu" : 9.100000,
      "sys_cpu" : 31.130000,
      "ctx" : 108967,
      "majf" : 0,
      "minf" : 304,
      "iodepth_level" : {
        "1" : 100.000000,
        "2" : 0.000000,
        "4" : 0.000000,
        "8" : 0.000000,
        "16" : 0.000000,
        "32" : 0.000000,
        ">=64" : 0.000000
      },
      "iodepth_submit" : {
        "0" : 0.000000,
        "4" : 100.000000,
        "8" : 0.000000,
        "16" : 0.000000,
        "32" : 0.000000,
        "64" : 0.000000,
        ">=64" : 0.000000
      },
      "iodepth_complete" : {
        "0" : 0.000000,
        "4" : 100.000000,
        "8" : 0.000000,
        "16" : 0.000000,
        "32" : 0.000000,
        "64" : 0.000000,
        ">=64" : 0.000000
      },
      "latency_ns" : {
        "2" : 0.000000,
        "4" : 0.000000,
        "10" : 0.000000,
        "20" : 0.000000,
        "50" : 0.000000,
        "100" : 0.000000,
        "250" : 0.000000,
        "500" : 0.000000,
        "750" : 0.000000,
        "1000" : 0.000000
      },
      "latency_us" : {
        "2" : 0.000000,
        "4" : 0.000000,
        "10" : 0.000000,
        "20" : 0.000000,
        "50" : 0.020199,
        "100" : 74.205129,
        "250" : 25.736111,
        "500" : 0.023871,
        "750" : 0.000000,
        "1000" : 0.010000
      },
      "latency_ms" : {
        "2" : 0.010000,
        "4" : 0.010000,
        "10" : 0.010000,
        "20" : 0.000000,
        "50" : 0.010000,
        "100" : 0.000000,
        "250" : 0.000000,
        "500" : 0.000000,
        "750" : 0.000000,
        "1000" : 0.000000,
        "2000" : 0.000000,
        ">=2000" : 0.000000
      },
      "latency_depth" : 1,
      "latency_target" : 0,
      "latency_percentile" : 100.000000,
      "latency_window" : 0
    }
  ],
  "disk_util" : [
    {
      "name" : "sda",
      "read_ios" : 0,
      "write_ios" : 214,
      "read_sectors" : 0,
      "write_sectors" : 33640,
      "read_merges" : 0,
      "write_merges" : 852,
      "read_ticks" : 0,
      "write_ticks" : 256,
      "in_queue" : 256,
      "util" : 0.080128
    }
  ]
}
