{
  "fio version" : "fio-3.40",
  "timestamp" : 1756934497,
  "timestamp_ms" : 1756934497402,
  "time" : "Wed Sep  3 21:21:37 2025",
  "global options" : {
    "ioengine" : "librawstor",
    "filename" : "01991174-bbdb-7bc3-86f0-61746360a5b2"
  },
  "jobs" : [
    {
      "jobname" : "rawstor",
      "groupid" : 0,
      "job_start" : 1756934487262,
      "error" : 0,
      "eta" : 0,
      "elapsed" : 11,
      "job options" : {
        "name" : "rawstor",
        "iodepth" : "1",
        "rw" : "randrw",
        "bs" : "4k",
        "size" : "1G",
        "numjobs" : "1",
        "runtime" : "10",
        "time_based" : "",
        "group_reporting" : ""
      },
      "read" : {
        "io_bytes" : 704557056,
        "io_kbytes" : 688044,
        "bw_bytes" : 70448660,
        "bw" : 68797,
        "iops" : 17199.380062,
        "runtime" : 10001,
        "total_ios" : 172011,
        "short_ios" : 0,
        "drop_ios" : 0,
        "slat_ns" : {
          "min" : 20,
          "max" : 15759,
          "mean" : 61.179773,
          "stddev" : 102.382379,
          "N" : 172011
        },
        "clat_ns" : {
          "min" : 17062,
          "max" : 6640803,
          "mean" : 27639.372366,
          "stddev" : 17179.396036,
          "N" : 172011,
          "percentile" : {
            "1.000000" : 21376,
            "5.000000" : 22144,
            "10.000000" : 22912,
            "20.000000" : 23680,
            "30.000000" : 24448,
            "40.000000" : 25472,
            "50.000000" : 26240,
            "60.000000" : 27520,
            "70.000000" : 28800,
            "80.000000" : 30592,
            "90.000000" : 33024,
            "95.000000" : 36608,
            "99.000000" : 46848,
            "99.500000" : 50432,
            "99.900000" : 78336,
            "99.950000" : 120320,
            "99.990000" : 244736
          }
        },
        "lat_ns" : {
          "min" : 17102,
          "max" : 6641204,
          "mean" : 27700.552139,
          "stddev" : 17183.520842,
          "N" : 172011
        },
        "bw_min" : 63024,
        "bw_max" : 77184,
        "bw_agg" : 100.000000,
        "bw_mean" : 68804.400000,
        "bw_dev" : 4405.885805,
        "bw_samples" : 20,
        "iops_min" : 15756,
        "iops_max" : 19296,
        "iops_mean" : 17201.100000,
        "iops_stddev" : 1101.471451,
        "iops_samples" : 20
      },
      "write" : {
        "io_bytes" : 703885312,
        "io_kbytes" : 687388,
        "bw_bytes" : 70381493,
        "bw" : 68731,
        "iops" : 17182.981702,
        "runtime" : 10001,
        "total_ios" : 171847,
        "short_ios" : 0,
        "drop_ios" : 0,
        "slat_ns" : {
          "min" : 40,
          "max" : 19747,
          "mean" : 86.399198,
          "stddev" : 129.056469,
          "N" : 171847
        },
        "clat_ns" : {
          "min" : 17543,
          "max" : 6277473,
          "mean" : 29285.100461,
          "stddev" : 16152.740246,
          "N" : 171847,
          "percentile" : {
            "1.000000" : 22400,
            "5.000000" : 23936,
            "10.000000" : 24960,
            "20.000000" : 26240,
            "30.000000" : 27008,
            "40.000000" : 27520,
            "50.000000" : 28032,
            "60.000000" : 29056,
            "70.000000" : 30592,
            "80.000000" : 32128,
            "90.000000" : 34048,
            "95.000000" : 36096,
            "99.000000" : 45824,
            "99.500000" : 48896,
            "99.900000" : 60672,
            "99.950000" : 126464,
            "99.990000" : 252928
          }
        },
        "lat_ns" : {
          "min" : 17623,
          "max" : 6277663,
          "mean" : 29371.499660,
          "stddev" : 16157.254130,
          "N" : 171847
        },
        "bw_min" : 63784,
        "bw_max" : 76936,
        "bw_agg" : 100.000000,
        "bw_mean" : 68738.800000,
        "bw_dev" : 4197.869956,
        "bw_samples" : 20,
        "iops_min" : 15946,
        "iops_max" : 19234,
        "iops_mean" : 17184.700000,
        "iops_stddev" : 1049.467489,
        "iops_samples" : 20
      },
      "trim" : {
        "io_bytes" : 0,
        "io_kbytes" : 0,
        "bw_bytes" : 0,
        "bw" : 0,
        "iops" : 0.000000,
        "runtime" : 0,
        "total_ios" : 0,
        "short_ios" : 0,
        "drop_ios" : 0,
        "slat_ns" : {
          "min" : 0,
          "max" : 0,
          "mean" : 0.000000,
          "stddev" : 0.000000,
          "N" : 0
        },
        "clat_ns" : {
          "min" : 0,
          "max" : 0,
          "mean" : 0.000000,
          "stddev" : 0.000000,
          "N" : 0
        },
        "lat_ns" : {
          "min" : 0,
          "max" : 0,
          "mean" : 0.000000,
          "stddev" : 0.000000,
          "N" : 0
        },
        "bw_min" : 0,
        "bw_max" : 0,
        "bw_agg" : 0.000000,
        "bw_mean" : 0.000000,
        "bw_dev" : 0.000000,
        "bw_samples" : 0,
        "iops_min" : 0,
        "iops_max" : 0,
        "iops_mean" : 0.000000,
        "iops_stddev" : 0.000000,
        "iops_samples" : 0
      },
      "sync" : {
        "total_ios" : 0,
        "lat_ns" : {
          "min" : 0,
          "max" : 0,
          "mean" : 0.000000,
          "stddev" : 0.000000,
          "N" : 0
        }
      },
      "job_runtime" : 10000,
      "usr_cpu" : 9.050000,
      "sys_cpu" : 28.060000,
      "ctx" : 344755,
      "majf" : 0,
      "minf" : 575,
      "iodepth_level" : {
        "1" : 100.000000,
        "2" : 0.000000,
        "4" : 0.000000,
        "8" : 0.000000,
        "16" : 0.000000,
        "32" : 0.000000,
        ">=64" : 0.000000
      },
      "iodepth_submit" : {
        "0" : 0.000000,
        "4" : 100.000000,
        "8" : 0.000000,
        "16" : 0.000000,
        "32" : 0.000000,
        "64" : 0.000000,
        ">=64" : 0.000000
      },
      "iodepth_complete" : {
        "0" : 0.000000,
        "4" : 100.000000,
        "8" : 0.000000,
        "16" : 0.000000,
        "32" : 0.000000,
        "64" : 0.000000,
        ">=64" : 0.000000
      },
      "latency_ns" : {
        "2" : 0.000000,
        "4" : 0.000000,
        "10" : 0.000000,
        "20" : 0.000000,
        "50" : 0.000000,
        "100" : 0.000000,
        "250" : 0.000000,
        "500" : 0.000000,
        "750" : 0.000000,
        "1000" : 0.000000
      },
      "latency_us" : {
        "2" : 0.000000,
        "4" : 0.000000,
        "10" : 0.000000,
        "20" : 0.078521,
        "50" : 99.462569,
        "100" : 0.393476,
        "250" : 0.054674,
        "500" : 0.010179,
        "750" : 0.000000,
        "1000" : 0.000000
      },
      "latency_ms" : {
        "2" : 0.000000,
        "4" : 0.000000,
        "10" : 0.010000,
        "20" : 0.000000,
        "50" : 0.000000,
        "100" : 0.000000,
        "250" : 0.000000,
        "500" : 0.000000,
        "750" : 0.000000,
        "1000" : 0.000000,
        "2000" : 0.000000,
        ">=2000" : 0.000000
      },
      "latency_depth" : 1,
      "latency_target" : 0,
      "latency_percentile" : 100.000000,
      "latency_window" : 0
    }
  ],
  "disk_util" : [
    {
      "name" : "sda",
      "read_ios" : 0,
      "write_ios" : 105,
      "read_sectors" : 0,
      "write_sectors" : 26984,
      "read_merges" : 0,
      "write_merges" : 655,
      "read_ticks" : 0,
      "write_ticks" : 172,
      "in_queue" : 172,
      "util" : 0.030045
    }
  ]
}
