{
  "fio version" : "fio-3.40",
  "timestamp" : 1767001082,
  "timestamp_ms" : 1767001082850,
  "time" : "Mon Dec 29 09:38:02 2025",
  "global options" : {
    "ioengine" : "librawstor",
    "filename" : "file:///tmp/objects/019b6978-a343-7790-81a0-eb104beb9411"
  },
  "jobs" : [
    {
      "jobname" : "rawstor",
      "groupid" : 0,
      "job_start" : 1767001072704,
      "error" : 0,
      "eta" : 0,
      "elapsed" : 11,
      "job options" : {
        "name" : "rawstor",
        "iodepth" : "1",
        "rw" : "randrw",
        "bs" : "4k",
        "size" : "1G",
        "numjobs" : "1",
        "runtime" : "10",
        "time_based" : "",
        "group_reporting" : ""
      },
      "read" : {
        "io_bytes" : 1328914432,
        "io_kbytes" : 1297768,
        "bw_bytes" : 132878155,
        "bw" : 129763,
        "iops" : 32440.955904,
        "runtime" : 10001,
        "total_ios" : 324442,
        "short_ios" : 0,
        "drop_ios" : 0,
        "slat_ns" : {
          "min" : 9,
          "max" : 16341,
          "mean" : 50.961824,
          "stddev" : 110.341497,
          "N" : 324442
        },
        "clat_ns" : {
          "min" : 1353,
          "max" : 150892,
          "mean" : 3207.758453,
          "stddev" : 2769.025377,
          "N" : 324442,
          "percentile" : {
            "1.000000" : 1640,
            "5.000000" : 1704,
            "10.000000" : 1736,
            "20.000000" : 1800,
            "30.000000" : 1912,
            "40.000000" : 2192,
            "50.000000" : 2320,
            "60.000000" : 2544,
            "70.000000" : 3152,
            "80.000000" : 4080,
            "90.000000" : 5344,
            "95.000000" : 7456,
            "99.000000" : 14784,
            "99.500000" : 18560,
            "99.900000" : 26496,
            "99.950000" : 30848,
            "99.990000" : 70144
          }
        },
        "lat_ns" : {
          "min" : 1382,
          "max" : 150953,
          "mean" : 3258.720277,
          "stddev" : 2779.890062,
          "N" : 324442
        },
        "bw_min" : 106192,
        "bw_max" : 147176,
        "bw_agg" : 99.619445,
        "bw_mean" : 129270.736842,
        "bw_dev" : 12050.911634,
        "bw_samples" : 19,
        "iops_min" : 26548,
        "iops_max" : 36794,
        "iops_mean" : 32317.684211,
        "iops_stddev" : 3012.727908,
        "iops_samples" : 19
      },
      "write" : {
        "io_bytes" : 1327296512,
        "io_kbytes" : 1296188,
        "bw_bytes" : 132716379,
        "bw" : 129605,
        "iops" : 32401.459854,
        "runtime" : 10001,
        "total_ios" : 324047,
        "short_ios" : 0,
        "drop_ios" : 0,
        "slat_ns" : {
          "min" : 29,
          "max" : 22753,
          "mean" : 80.228316,
          "stddev" : 133.031746,
          "N" : 324047
        },
        "clat_ns" : {
          "min" : 7605,
          "max" : 789821,
          "mean" : 26702.309329,
          "stddev" : 4176.129062,
          "N" : 324047,
          "percentile" : {
            "1.000000" : 20864,
            "5.000000" : 22400,
            "10.000000" : 22912,
            "20.000000" : 23680,
            "30.000000" : 24448,
            "40.000000" : 25472,
            "50.000000" : 25984,
            "60.000000" : 26496,
            "70.000000" : 27520,
            "80.000000" : 29312,
            "90.000000" : 31616,
            "95.000000" : 33024,
            "99.000000" : 40192,
            "99.500000" : 43264,
            "99.900000" : 49408,
            "99.950000" : 51968,
            "99.990000" : 93696
          }
        },
        "lat_ns" : {
          "min" : 7665,
          "max" : 789941,
          "mean" : 26782.537644,
          "stddev" : 4189.730353,
          "N" : 324047
        },
        "bw_min" : 108160,
        "bw_max" : 145400,
        "bw_agg" : 99.687638,
        "bw_mean" : 129201.263158,
        "bw_dev" : 11818.683593,
        "bw_samples" : 19,
        "iops_min" : 27040,
        "iops_max" : 36350,
        "iops_mean" : 32300.315789,
        "iops_stddev" : 2954.670898,
        "iops_samples" : 19
      },
      "trim" : {
        "io_bytes" : 0,
        "io_kbytes" : 0,
        "bw_bytes" : 0,
        "bw" : 0,
        "iops" : 0.000000,
        "runtime" : 0,
        "total_ios" : 0,
        "short_ios" : 0,
        "drop_ios" : 0,
        "slat_ns" : {
          "min" : 0,
          "max" : 0,
          "mean" : 0.000000,
          "stddev" : 0.000000,
          "N" : 0
        },
        "clat_ns" : {
          "min" : 0,
          "max" : 0,
          "mean" : 0.000000,
          "stddev" : 0.000000,
          "N" : 0
        },
        "lat_ns" : {
          "min" : 0,
          "max" : 0,
          "mean" : 0.000000,
          "stddev" : 0.000000,
          "N" : 0
        },
        "bw_min" : 0,
        "bw_max" : 0,
        "bw_agg" : 0.000000,
        "bw_mean" : 0.000000,
        "bw_dev" : 0.000000,
        "bw_samples" : 0,
        "iops_min" : 0,
        "iops_max" : 0,
        "iops_mean" : 0.000000,
        "iops_stddev" : 0.000000,
        "iops_samples" : 0
      },
      "sync" : {
        "total_ios" : 0,
        "lat_ns" : {
          "min" : 0,
          "max" : 0,
          "mean" : 0.000000,
          "stddev" : 0.000000,
          "N" : 0
        }
      },
      "job_runtime" : 10000,
      "usr_cpu" : 9.570000,
      "sys_cpu" : 39.430000,
      "ctx" : 323728,
      "majf" : 0,
      "minf" : 23,
      "iodepth_level" : {
        "1" : 100.000000,
        "2" : 0.000000,
        "4" : 0.000000,
        "8" : 0.000000,
        "16" : 0.000000,
        "32" : 0.000000,
        ">=64" : 0.000000
      },
      "iodepth_submit" : {
        "0" : 0.000000,
        "4" : 100.000000,
        "8" : 0.000000,
        "16" : 0.000000,
        "32" : 0.000000,
        "64" : 0.000000,
        ">=64" : 0.000000
      },
      "iodepth_complete" : {
        "0" : 0.000000,
        "4" : 100.000000,
        "8" : 0.000000,
        "16" : 0.000000,
        "32" : 0.000000,
        "64" : 0.000000,
        ">=64" : 0.000000
      },
      "latency_ns" : {
        "2" : 0.000000,
        "4" : 0.000000,
        "10" : 0.000000,
        "20" : 0.000000,
        "50" : 0.000000,
        "100" : 0.000000,
        "250" : 0.000000,
        "500" : 0.000000,
        "750" : 0.000000,
        "1000" : 0.000000
      },
      "latency_us" : {
        "2" : 16.242373,
        "4" : 23.420906,
        "10" : 9.124442,
        "20" : 1.366716,
        "50" : 49.793597,
        "100" : 0.047032,
        "250" : 0.010000,
        "500" : 0.010000,
        "750" : 0.000000,
        "1000" : 0.010000
      },
      "latency_ms" : {
        "2" : 0.000000,
        "4" : 0.000000,
        "10" : 0.000000,
        "20" : 0.000000,
        "50" : 0.000000,
        "100" : 0.000000,
        "250" : 0.000000,
        "500" : 0.000000,
        "750" : 0.000000,
        "1000" : 0.000000,
        "2000" : 0.000000,
        ">=2000" : 0.000000
      },
      "latency_depth" : 1,
      "latency_target" : 0,
      "latency_percentile" : 100.000000,
      "latency_window" : 0
    }
  ],
  "disk_util" : [
    {
      "name" : "sdb",
      "read_ios" : 0,
      "write_ios" : 5,
      "read_sectors" : 0,
      "write_sectors" : 832,
      "read_merges" : 0,
      "write_merges" : 17,
      "read_ticks" : 0,
      "write_ticks" : 2,
      "in_queue" : 2,
      "util" : 0.010008
    }
  ]
}
