{
  "fio version" : "fio-3.40",
  "timestamp" : 1773568318,
  "timestamp_ms" : 1773568318890,
  "time" : "Sun Mar 15 09:51:58 2026",
  "global options" : {
    "ioengine" : "librawstor",
    "filename" : "file:///tmp/objects/019cf0e8-8cfb-7b83-8148-e8884dd1f95f",
    "thread" : ""
  },
  "jobs" : [
    {
      "jobname" : "randread",
      "groupid" : 0,
      "job_start" : 1773568298498,
      "error" : 0,
      "eta" : 0,
      "elapsed" : 21,
      "job options" : {
        "name" : "randread",
        "iodepth" : "2",
        "rw" : "randread",
        "bs" : "4k",
        "size" : "1G",
        "numjobs" : "1",
        "runtime" : "10",
        "time_based" : "",
        "group_reporting" : ""
      },
      "read" : {
        "io_bytes" : 13411725312,
        "io_kbytes" : 13097388,
        "bw_bytes" : 1341172531,
        "bw" : 1309738,
        "iops" : 327434.700000,
        "runtime" : 10000,
        "total_ios" : 3274347,
        "short_ios" : 0,
        "drop_ios" : 0,
        "slat_ns" : {
          "min" : 0,
          "max" : 0,
          "mean" : 0.000000,
          "stddev" : 0.000000,
          "N" : 3274347
        },
        "clat_ns" : {
          "min" : 109623832,
          "max" : 10109532469,
          "mean" : 5281580535.859326,
          "stddev" : 2805123732.163951,
          "N" : 3274347,
          "percentile" : {
            "1.000000" : 252706816,
            "5.000000" : 884998144,
            "10.000000" : 1417674752,
            "20.000000" : 2399141888,
            "30.000000" : 3372220416,
            "40.000000" : 4328521728,
            "50.000000" : 5268045824,
            "60.000000" : 6274678784,
            "70.000000" : 7214202880,
            "80.000000" : 8153726976,
            "90.000000" : 9193914368,
            "95.000000" : 9596567552,
            "99.000000" : 9999220736,
            "99.500000" : 9999220736,
            "99.900000" : 10133438464,
            "99.950000" : 10133438464,
            "99.990000" : 10133438464
          }
        },
        "lat_ns" : {
          "min" : 4749,
          "max" : 96090,
          "mean" : 5847.381027,
          "stddev" : 1556.876556,
          "N" : 3274347
        },
        "bw_min" : 839950,
        "bw_max" : 1370853,
        "bw_agg" : 100.000000,
        "bw_mean" : 1315457.526316,
        "bw_dev" : 130109.095454,
        "bw_samples" : 19,
        "iops_min" : 209987,
        "iops_max" : 342713,
        "iops_mean" : 328864.368421,
        "iops_stddev" : 32527.382024,
        "iops_samples" : 19
      },
      "write" : {
        "io_bytes" : 0,
        "io_kbytes" : 0,
        "bw_bytes" : 0,
        "bw" : 0,
        "iops" : 0.000000,
        "runtime" : 0,
        "total_ios" : 0,
        "short_ios" : 0,
        "drop_ios" : 0,
        "slat_ns" : {
          "min" : 0,
          "max" : 0,
          "mean" : 0.000000,
          "stddev" : 0.000000,
          "N" : 0
        },
        "clat_ns" : {
          "min" : 0,
          "max" : 0,
          "mean" : 0.000000,
          "stddev" : 0.000000,
          "N" : 0
        },
        "lat_ns" : {
          "min" : 0,
          "max" : 0,
          "mean" : 0.000000,
          "stddev" : 0.000000,
          "N" : 0
        },
        "bw_min" : 0,
        "bw_max" : 0,
        "bw_agg" : 0.000000,
        "bw_mean" : 0.000000,
        "bw_dev" : 0.000000,
        "bw_samples" : 0,
        "iops_min" : 0,
        "iops_max" : 0,
        "iops_mean" : 0.000000,
        "iops_stddev" : 0.000000,
        "iops_samples" : 0
      },
      "trim" : {
        "io_bytes" : 0,
        "io_kbytes" : 0,
        "bw_bytes" : 0,
        "bw" : 0,
        "iops" : 0.000000,
        "runtime" : 0,
        "total_ios" : 0,
        "short_ios" : 0,
        "drop_ios" : 0,
        "slat_ns" : {
          "min" : 0,
          "max" : 0,
          "mean" : 0.000000,
          "stddev" : 0.000000,
          "N" : 0
        },
        "clat_ns" : {
          "min" : 0,
          "max" : 0,
          "mean" : 0.000000,
          "stddev" : 0.000000,
          "N" : 0
        },
        "lat_ns" : {
          "min" : 0,
          "max" : 0,
          "mean" : 0.000000,
          "stddev" : 0.000000,
          "N" : 0
        },
        "bw_min" : 0,
        "bw_max" : 0,
        "bw_agg" : 0.000000,
        "bw_mean" : 0.000000,
        "bw_dev" : 0.000000,
        "bw_samples" : 0,
        "iops_min" : 0,
        "iops_max" : 0,
        "iops_mean" : 0.000000,
        "iops_stddev" : 0.000000,
        "iops_samples" : 0
      },
      "sync" : {
        "total_ios" : 0,
        "lat_ns" : {
          "min" : 0,
          "max" : 0,
          "mean" : 0.000000,
          "stddev" : 0.000000,
          "N" : 0
        }
      },
      "job_runtime" : 10000,
      "usr_cpu" : 45.280000,
      "sys_cpu" : 54.690000,
      "ctx" : 92,
      "majf" : 0,
      "minf" : 2,
      "iodepth_level" : {
        "1" : 0.100000,
        "2" : 99.999969,
        "4" : 0.000000,
        "8" : 0.000000,
        "16" : 0.000000,
        "32" : 0.000000,
        ">=64" : 0.000000
      },
      "iodepth_submit" : {
        "0" : 0.000000,
        "4" : 100.000000,
        "8" : 0.000000,
        "16" : 0.000000,
        "32" : 0.000000,
        "64" : 0.000000,
        ">=64" : 0.000000
      },
      "iodepth_complete" : {
        "0" : 0.000000,
        "4" : 100.000000,
        "8" : 0.000000,
        "16" : 0.000000,
        "32" : 0.000000,
        "64" : 0.000000,
        ">=64" : 0.000000
      },
      "latency_ns" : {
        "2" : 0.000000,
        "4" : 0.000000,
        "10" : 0.000000,
        "20" : 0.000000,
        "50" : 0.000000,
        "100" : 0.000000,
        "250" : 0.000000,
        "500" : 0.000000,
        "750" : 0.000000,
        "1000" : 0.000000
      },
      "latency_us" : {
        "2" : 0.000000,
        "4" : 0.000000,
        "10" : 0.000000,
        "20" : 0.000000,
        "50" : 0.000000,
        "100" : 0.000000,
        "250" : 0.000000,
        "500" : 0.000000,
        "750" : 0.000000,
        "1000" : 0.000000
      },
      "latency_ms" : {
        "2" : 0.000000,
        "4" : 0.000000,
        "10" : 0.000000,
        "20" : 0.000000,
        "50" : 0.000000,
        "100" : 0.000000,
        "250" : 0.983280,
        "500" : 1.631440,
        "750" : 1.489610,
        "1000" : 1.756350,
        "2000" : 10.090623,
        ">=2000" : 84.048697
      },
      "latency_depth" : 2,
      "latency_target" : 0,
      "latency_percentile" : 100.000000,
      "latency_window" : 0
    },
    {
      "jobname" : "randwrite",
      "groupid" : 1,
      "job_start" : 1773568308709,
      "error" : 0,
      "eta" : 0,
      "elapsed" : 21,
      "job options" : {
        "name" : "randwrite",
        "stonewall" : "",
        "iodepth" : "2",
        "rw" : "randwrite",
        "bs" : "4k",
        "size" : "1G",
        "numjobs" : "1",
        "runtime" : "10",
        "time_based" : "",
        "group_reporting" : ""
      },
      "read" : {
        "io_bytes" : 0,
        "io_kbytes" : 0,
        "bw_bytes" : 0,
        "bw" : 0,
        "iops" : 0.000000,
        "runtime" : 0,
        "total_ios" : 0,
        "short_ios" : 0,
        "drop_ios" : 0,
        "slat_ns" : {
          "min" : 0,
          "max" : 0,
          "mean" : 0.000000,
          "stddev" : 0.000000,
          "N" : 0
        },
        "clat_ns" : {
          "min" : 0,
          "max" : 0,
          "mean" : 0.000000,
          "stddev" : 0.000000,
          "N" : 0
        },
        "lat_ns" : {
          "min" : 0,
          "max" : 0,
          "mean" : 0.000000,
          "stddev" : 0.000000,
          "N" : 0
        },
        "bw_min" : 0,
        "bw_max" : 0,
        "bw_agg" : 0.000000,
        "bw_mean" : 0.000000,
        "bw_dev" : 0.000000,
        "bw_samples" : 0,
        "iops_min" : 0,
        "iops_max" : 0,
        "iops_mean" : 0.000000,
        "iops_stddev" : 0.000000,