{
  "fio version" : "fio-3.40",
  "timestamp" : 1767878955,
  "timestamp_ms" : 1767878955308,
  "time" : "Thu Jan  8 13:29:15 2026",
  "global options" : {
    "ioengine" : "librawstor",
    "filename" : "ost://127.0.0.1:8080/01988675-e1e5-7788-9ed4-2f2d30910d23"
  },
  "jobs" : [
    {
      "jobname" : "rawstor",
      "groupid" : 0,
      "job_start" : 1767878945168,
      "error" : 0,
      "eta" : 0,
      "elapsed" : 11,
      "job options" : {
        "name" : "rawstor",
        "iodepth" : "2",
        "rw" : "randrw",
        "bs" : "4k",
        "size" : "1G",
        "numjobs" : "1",
        "runtime" : "10",
        "time_based" : "",
        "group_reporting" : ""
      },
      "read" : {
        "io_bytes" : 384208896,
        "io_kbytes" : 375204,
        "bw_bytes" : 38417047,
        "bw" : 37516,
        "iops" : 9379.162084,
        "runtime" : 10001,
        "total_ios" : 93801,
        "short_ios" : 0,
        "drop_ios" : 0,
        "slat_ns" : {
          "min" : 0,
          "max" : 0,
          "mean" : 0.000000,
          "stddev" : 0.000000,
          "N" : 93801
        },
        "clat_ns" : {
          "min" : 111999677,
          "max" : 10111261909,
          "mean" : 5031334350.986926,
          "stddev" : 2907538945.987618,
          "N" : 93801,
          "percentile" : {
            "1.000000" : 214958080,
            "5.000000" : 566231040,
            "10.000000" : 1010827264,
            "20.000000" : 1971322880,
            "30.000000" : 3003121664,
            "40.000000" : 3976200192,
            "50.000000" : 4999610368,
            "60.000000" : 6006243328,
            "70.000000" : 7012876288,
            "80.000000" : 8086618112,
            "90.000000" : 9059696640,
            "95.000000" : 9596567552,
            "99.000000" : 9999220736,
            "99.500000" : 9999220736,
            "99.900000" : 10133438464,
            "99.950000" : 10133438464,
            "99.990000" : 10133438464
          }
        },
        "lat_ns" : {
          "min" : 31909,
          "max" : 27417698,
          "mean" : 98660.889330,
          "stddev" : 241203.046535,
          "N" : 93801
        },
        "bw_min" : 34736,
        "bw_max" : 42184,
        "bw_agg" : 100.000000,
        "bw_mean" : 37520.400000,
        "bw_dev" : 2030.909737,
        "bw_samples" : 20,
        "iops_min" : 8684,
        "iops_max" : 10546,
        "iops_mean" : 9380.100000,
        "iops_stddev" : 507.727434,
        "iops_samples" : 20
      },
      "write" : {
        "io_bytes" : 382840832,
        "io_kbytes" : 373868,
        "bw_bytes" : 38280255,
        "bw" : 37383,
        "iops" : 9345.765423,
        "runtime" : 10001,
        "total_ios" : 93467,
        "short_ios" : 0,
        "drop_ios" : 0,
        "slat_ns" : {
          "min" : 0,
          "max" : 0,
          "mean" : 0.000000,
          "stddev" : 0.000000,
          "N" : 93467
        },
        "clat_ns" : {
          "min" : 112154245,
          "max" : 10111267409,
          "mean" : 5032019651.721185,
          "stddev" : 2912683643.826519,
          "N" : 93467,
          "percentile" : {
            "1.000000" : 210763776,
            "5.000000" : 557842432,
            "10.000000" : 1010827264,
            "20.000000" : 1971322880,
            "30.000000" : 2969567232,
            "40.000000" : 3976200192,
            "50.000000" : 4999610368,
            "60.000000" : 6006243328,
            "70.000000" : 7012876288,
            "80.000000" : 8086618112,
            "90.000000" : 9059696640,
            "95.000000" : 9596567552,
            "99.000000" : 9999220736,
            "99.500000" : 9999220736,
            "99.900000" : 10133438464,
            "99.950000" : 10133438464,
            "99.990000" : 10133438464
          }
        },
        "lat_ns" : {
          "min" : 49733,
          "max" : 27482689,
          "mean" : 112177.884087,
          "stddev" : 262663.349425,
          "N" : 93467
        },
        "bw_min" : 34712,
        "bw_max" : 41704,
        "bw_agg" : 100.000000,
        "bw_mean" : 37386.800000,
        "bw_dev" : 2091.189780,
        "bw_samples" : 20,
        "iops_min" : 8678,
        "iops_max" : 10426,
        "iops_mean" : 9346.700000,
        "iops_stddev" : 522.797445,
        "iops_samples" : 20
      },
      "trim" : {
        "io_bytes" : 0,
        "io_kbytes" : 0,
        "bw_bytes" : 0,
        "bw" : 0,
        "iops" : 0.000000,
        "runtime" : 0,
        "total_ios" : 0,
        "short_ios" : 0,
        "drop_ios" : 0,
        "slat_ns" : {
          "min" : 0,
          "max" : 0,
          "mean" : 0.000000,
          "stddev" : 0.000000,
          "N" : 0
        },
        "clat_ns" : {
          "min" : 0,
          "max" : 0,
          "mean" : 0.000000,
          "stddev" : 0.000000,
          "N" : 0
        },
        "lat_ns" : {
          "min" : 0,
          "max" : 0,
          "mean" : 0.000000,
          "stddev" : 0.000000,
          "N" : 0
        },
        "bw_min" : 0,
        "bw_max" : 0,
        "bw_agg" : 0.000000,
        "bw_mean" : 0.000000,
        "bw_dev" : 0.000000,
        "bw_samples" : 0,
        "iops_min" : 0,
        "iops_max" : 0,
        "iops_mean" : 0.000000,
        "iops_stddev" : 0.000000,
        "iops_samples" : 0
      },
      "sync" : {
        "total_ios" : 0,
        "lat_ns" : {
          "min" : 0,
          "max" : 0,
          "mean" : 0.000000,
          "stddev" : 0.000000,
          "N" : 0
        }
      },
      "job_runtime" : 10000,
      "usr_cpu" : 12.450000,
      "sys_cpu" : 36.780000,
      "ctx" : 97379,
      "majf" : 0,
      "minf" : 43,
      "iodepth_level" : {
        "1" : 0.100000,
        "2" : 99.999466,
        "4" : 0.000000,
        "8" : 0.000000,
        "16" : 0.000000,
        "32" : 0.000000,
        ">=64" : 0.000000
      },
      "iodepth_submit" : {
        "0" : 0.000000,
        "4" : 100.000000,
        "8" : 0.000000,
        "16" : 0.000000,
        "32" : 0.000000,
        "64" : 0.000000,
        ">=64" : 0.000000
      },
      "iodepth_complete" : {
        "0" : 0.000000,
        "4" : 100.000000,
        "8" : 0.000000,
        "16" : 0.000000,
        "32" : 0.000000,
        "64" : 0.000000,
        ">=64" : 0.000000
      },
      "latency_ns" : {
        "2" : 0.000000,
        "4" : 0.000000,
        "10" : 0.000000,
        "20" : 0.000000,
        "50" : 0.000000,
        "100" : 0.000000,
        "250" : 0.000000,
        "500" : 0.000000,
        "750" : 0.000000,
        "1000" : 0.000000
      },
      "latency_us" : {
        "2" : 0.000000,
        "4" : 0.000000,
        "10" : 0.000000,
        "20" : 0.000000,
        "50" : 0.000000,
        "100" : 0.000000,
        "250" : 0.000000,
        "500" : 0.000000,
        "750" : 0.000000,
        "1000" : 0.000000
      },
      "latency_ms" : {
        "2" : 0.000000,
        "4" : 0.000000,
        "10" : 0.000000,
        "20" : 0.000000,
        "50" : 0.000000,
        "100" : 0.000000,
        "250" : 1.433240,
        "500" : 2.845120,
        "750" : 2.777303,
        "1000" : 2.849926,
        "2000" : 10.416622,
        ">=2000" : 79.677788
      },
      "latency_depth" : 2,
      "latency_target" : 0,
      "latency_percentile" : 100.000000,
      "latency_window" : 0
    }
  ],
  "disk_util" : [
    {
      "name" : "sda",
      "read_ios" : 0,
      "write_ios" : 136,
      "read_sectors" : 0,
      "write_sectors" : 56760,
      "read_merges" : 0,
      "write_merges" : 1120,
      "read_ticks" : 0,
      "write_ticks" : 310,
      "in_queue" : 314,
      "util" : 0.190266
    }
  ]
}
