{
  "fio version" : "fio-3.40",
  "timestamp" : 1756643193,
  "timestamp_ms" : 1756643193334,
  "time" : "Sun Aug 31 12:26:33 2025",
  "global options" : {
    "ioengine" : "librawstor",
    "filename" : "01990017-c958-71e8-baab-52fade7f2c1a"
  },
  "jobs" : [
    {
      "jobname" : "rawstor",
      "groupid" : 0,
      "job_start" : 1756643183187,
      "error" : 0,
      "eta" : 0,
      "elapsed" : 11,
      "job options" : {
        "name" : "rawstor",
        "iodepth" : "1",
        "rw" : "randrw",
        "bs" : "4k",
        "size" : "1G",
        "numjobs" : "1",
        "runtime" : "10",
        "time_based" : "",
        "group_reporting" : ""
      },
      "read" : {
        "io_bytes" : 1391366144,
        "io_kbytes" : 1358756,
        "bw_bytes" : 139122702,
        "bw" : 135862,
        "iops" : 33965.503450,
        "runtime" : 10001,
        "total_ios" : 339689,
        "short_ios" : 0,
        "drop_ios" : 0,
        "slat_ns" : {
          "min" : 20,
          "max" : 16982,
          "mean" : 42.462776,
          "stddev" : 97.049692,
          "N" : 339689
        },
        "clat_ns" : {
          "min" : 1212,
          "max" : 108964,
          "mean" : 2854.638037,
          "stddev" : 2575.680429,
          "N" : 339689,
          "percentile" : {
            "1.000000" : 1480,
            "5.000000" : 1528,
            "10.000000" : 1560,
            "20.000000" : 1624,
            "30.000000" : 1704,
            "40.000000" : 1928,
            "50.000000" : 2008,
            "60.000000" : 2128,
            "70.000000" : 2768,
            "80.000000" : 3664,
            "90.000000" : 4768,
            "95.000000" : 6752,
            "99.000000" : 13888,
            "99.500000" : 17792,
            "99.900000" : 25216,
            "99.950000" : 29568,
            "99.990000" : 63744
          }
        },
        "lat_ns" : {
          "min" : 1242,
          "max" : 108994,
          "mean" : 2897.100813,
          "stddev" : 2582.577743,
          "N" : 339689
        },
        "bw_min" : 118480,
        "bw_max" : 155720,
        "bw_agg" : 99.442807,
        "bw_mean" : 135105.263158,
        "bw_dev" : 12712.038952,
        "bw_samples" : 19,
        "iops_min" : 29620,
        "iops_max" : 38930,
        "iops_mean" : 33776.315789,
        "iops_stddev" : 3178.009738,
        "iops_samples" : 19
      },
      "write" : {
        "io_bytes" : 1389477888,
        "io_kbytes" : 1356912,
        "bw_bytes" : 138933895,
        "bw" : 135677,
        "iops" : 33919.408059,
        "runtime" : 10001,
        "total_ios" : 339228,
        "short_ios" : 0,
        "drop_ios" : 0,
        "slat_ns" : {
          "min" : 29,
          "max" : 17593,
          "mean" : 67.981658,
          "stddev" : 115.609396,
          "N" : 339228
        },
        "clat_ns" : {
          "min" : 8676,
          "max" : 561343,
          "mean" : 25711.830766,
          "stddev" : 3784.441401,
          "N" : 339228,
          "percentile" : {
            "1.000000" : 20608,
            "5.000000" : 21888,
            "10.000000" : 22400,
            "20.000000" : 23168,
            "30.000000" : 23680,
            "40.000000" : 24448,
            "50.000000" : 25216,
            "60.000000" : 25728,
            "70.000000" : 26240,
            "80.000000" : 27520,
            "90.000000" : 30336,
            "95.000000" : 31872,
            "99.000000" : 38656,
            "99.500000" : 41728,
            "99.900000" : 47360,
            "99.950000" : 49920,
            "99.990000" : 87552
          }
        },
        "lat_ns" : {
          "min" : 8836,
          "max" : 561443,
          "mean" : 25779.812424,
          "stddev" : 3794.411449,
          "N" : 339228
        },
        "bw_min" : 118160,
        "bw_max" : 152776,
        "bw_agg" : 99.518246,
        "bw_mean" : 135024.000000,
        "bw_dev" : 12430.469804,
        "bw_samples" : 19,
        "iops_min" : 29540,
        "iops_max" : 38194,
        "iops_mean" : 33756.000000,
        "iops_stddev" : 3107.617451,
        "iops_samples" : 19
      },
      "trim" : {
        "io_bytes" : 0,
        "io_kbytes" : 0,
        "bw_bytes" : 0,
        "bw" : 0,
        "iops" : 0.000000,
        "runtime" : 0,
        "total_ios" : 0,
        "short_ios" : 0,
        "drop_ios" : 0,
        "slat_ns" : {
          "min" : 0,
          "max" : 0,
          "mean" : 0.000000,
          "stddev" : 0.000000,
          "N" : 0
        },
        "clat_ns" : {
          "min" : 0,
          "max" : 0,
          "mean" : 0.000000,
          "stddev" : 0.000000,
          "N" : 0
        },
        "lat_ns" : {
          "min" : 0,
          "max" : 0,
          "mean" : 0.000000,
          "stddev" : 0.000000,
          "N" : 0
        },
        "bw_min" : 0,
        "bw_max" : 0,
        "bw_agg" : 0.000000,
        "bw_mean" : 0.000000,
        "bw_dev" : 0.000000,
        "bw_samples" : 0,
        "iops_min" : 0,
        "iops_max" : 0,
        "iops_mean" : 0.000000,
        "iops_stddev" : 0.000000,
        "iops_samples" : 0
      },
      "sync" : {
        "total_ios" : 0,
        "lat_ns" : {
          "min" : 0,
          "max" : 0,
          "mean" : 0.000000,
          "stddev" : 0.000000,
          "N" : 0
        }
      },
      "job_runtime" : 10000,
      "usr_cpu" : 8.650000,
      "sys_cpu" : 39.080000,
      "ctx" : 339012,
      "majf" : 0,
      "minf" : 15,
      "iodepth_level" : {
        "1" : 100.000000,
        "2" : 0.000000,
        "4" : 0.000000,
        "8" : 0.000000,
        "16" : 0.000000,
        "32" : 0.000000,
        ">=64" : 0.000000
      },
      "iodepth_submit" : {
        "0" : 0.000000,
        "4" : 100.000000,
        "8" : 0.000000,
        "16" : 0.000000,
        "32" : 0.000000,
        "64" : 0.000000,
        ">=64" : 0.000000
      },
      "iodepth_complete" : {
        "0" : 0.000000,
        "4" : 100.000000,
        "8" : 0.000000,
        "16" : 0.000000,
        "32" : 0.000000,
        "64" : 0.000000,
        ">=64" : 0.000000
      },
      "latency_ns" : {
        "2" : 0.000000,
        "4" : 0.000000,
        "10" : 0.000000,
        "20" : 0.000000,
        "50" : 0.000000,
        "100" : 0.000000,
        "250" : 0.000000,
        "500" : 0.000000,
        "750" : 0.000000,
        "1000" : 0.000000
      },
      "latency_us" : {
        "2" : 23.948436,
        "4" : 18.062444,
        "10" : 6.972281,
        "20" : 1.304136,
        "50" : 49.675292,
        "100" : 0.033436,
        "250" : 0.010000,
        "500" : 0.000000,
        "750" : 0.010000,
        "1000" : 0.000000
      },
      "latency_ms" : {
        "2" : 0.000000,
        "4" : 0.000000,
        "10" : 0.000000,
        "20" : 0.000000,
        "50" : 0.000000,
        "100" : 0.000000,
        "250" : 0.000000,
        "500" : 0.000000,
        "750" : 0.000000,
        "1000" : 0.000000,
        "2000" : 0.000000,
        ">=2000" : 0.000000
      },
      "latency_depth" : 1,
      "latency_target" : 0,
      "latency_percentile" : 100.000000,
      "latency_window" : 0
    }
  ],
  "disk_util" : [
    {
      "name" : "sdb",
      "read_ios" : 0,
      "write_ios" : 114,
      "read_sectors" : 0,
      "write_sectors" : 30256,
      "read_merges" : 0,
      "write_merges" : 722,
      "read_ticks" : 0,
      "write_ticks" : 169,
      "in_queue" : 168,
      "util" : 0.110077
    }
  ]
}
