{
  "fio version" : "fio-3.40",
  "timestamp" : 1755788848,
  "timestamp_ms" : 1755788848822,
  "time" : "Thu Aug 21 15:07:28 2025",
  "global options" : {
    "ioengine" : "librawstor",
    "filename" : "0198cd2b-8615-7d97-9ce9-f6a9b9b39c07"
  },
  "jobs" : [
    {
      "jobname" : "rawstor",
      "groupid" : 0,
      "job_start" : 1755788838682,
      "error" : 0,
      "eta" : 0,
      "elapsed" : 11,
      "job options" : {
        "name" : "rawstor",
        "iodepth" : "2",
        "rw" : "randrw",
        "bs" : "4k",
        "size" : "1G",
        "numjobs" : "1",
        "runtime" : "10",
        "time_based" : "",
        "group_reporting" : ""
      },
      "read" : {
        "io_bytes" : 2853687296,
        "io_kbytes" : 2786804,
        "bw_bytes" : 285340195,
        "bw" : 278652,
        "iops" : 69663.133687,
        "runtime" : 10001,
        "total_ios" : 696701,
        "short_ios" : 0,
        "drop_ios" : 0,
        "slat_ns" : {
          "min" : 0,
          "max" : 0,
          "mean" : 0.000000,
          "stddev" : 0.000000,
          "N" : 696701
        },
        "clat_ns" : {
          "min" : 111158763,
          "max" : 10111059675,
          "mean" : 5401450009.016294,
          "stddev" : 2806528465.743939,
          "N" : 696701,
          "percentile" : {
            "1.000000" : 238026752,
            "5.000000" : 759169024,
            "10.000000" : 1400897536,
            "20.000000" : 2600468480,
            "30.000000" : 3573547008,
            "40.000000" : 4529848320,
            "50.000000" : 5469372416,
            "60.000000" : 6408896512,
            "70.000000" : 7348420608,
            "80.000000" : 8287944704,
            "90.000000" : 9193914368,
            "95.000000" : 9596567552,
            "99.000000" : 9999220736,
            "99.500000" : 9999220736,
            "99.900000" : 10133438464,
            "99.950000" : 10133438464,
            "99.990000" : 10133438464
          }
        },
        "lat_ns" : {
          "min" : 1282,
          "max" : 186140,
          "mean" : 5136.756927,
          "stddev" : 3804.052555,
          "N" : 696701
        },
        "bw_min" : 200168,
        "bw_max" : 327376,
        "bw_agg" : 100.000000,
        "bw_mean" : 278680.400000,
        "bw_dev" : 34908.981342,
        "bw_samples" : 20,
        "iops_min" : 50042,
        "iops_max" : 81844,
        "iops_mean" : 69670.100000,
        "iops_stddev" : 8727.242175,
        "iops_samples" : 20
      },
      "write" : {
        "io_bytes" : 2849464320,
        "io_kbytes" : 2782680,
        "bw_bytes" : 284917940,
        "bw" : 278240,
        "iops" : 69560.043996,
        "runtime" : 10001,
        "total_ios" : 695670,
        "short_ios" : 0,
        "drop_ios" : 0,
        "slat_ns" : {
          "min" : 0,
          "max" : 0,
          "mean" : 0.000000,
          "stddev" : 0.000000,
          "N" : 695670
        },
        "clat_ns" : {
          "min" : 111253050,
          "max" : 10111083450,
          "mean" : 5399400466.523855,
          "stddev" : 2805681075.476186,
          "N" : 695670,
          "percentile" : {
            "1.000000" : 238026752,
            "5.000000" : 759169024,
            "10.000000" : 1400897536,
            "20.000000" : 2600468480,
            "30.000000" : 3573547008,
            "40.000000" : 4529848320,
            "50.000000" : 5469372416,
            "60.000000" : 6408896512,
            "70.000000" : 7348420608,
            "80.000000" : 8287944704,
            "90.000000" : 9193914368,
            "95.000000" : 9596567552,
            "99.000000" : 9999220736,
            "99.500000" : 9999220736,
            "99.900000" : 10133438464,
            "99.950000" : 10133438464,
            "99.990000" : 10133438464
          }
        },
        "lat_ns" : {
          "min" : 3756,
          "max" : 1290564,
          "mean" : 22631.580186,
          "stddev" : 7122.921067,
          "N" : 695670
        },
        "bw_min" : 198640,
        "bw_max" : 327304,
        "bw_agg" : 100.000000,
        "bw_mean" : 278268.000000,
        "bw_dev" : 34789.879472,
        "bw_samples" : 20,
        "iops_min" : 49660,
        "iops_max" : 81826,
        "iops_mean" : 69567.000000,
        "iops_stddev" : 8697.469868,
        "iops_samples" : 20
      },
      "trim" : {
        "io_bytes" : 0,
        "io_kbytes" : 0,
        "bw_bytes" : 0,
        "bw" : 0,
        "iops" : 0.000000,
        "runtime" : 0,
        "total_ios" : 0,
        "short_ios" : 0,
        "drop_ios" : 0,
        "slat_ns" : {
          "min" : 0,
          "max" : 0,
          "mean" : 0.000000,
          "stddev" : 0.000000,
          "N" : 0
        },
        "clat_ns" : {
          "min" : 0,
          "max" : 0,
          "mean" : 0.000000,
          "stddev" : 0.000000,
          "N" : 0
        },
        "lat_ns" : {
          "min" : 0,
          "max" : 0,
          "mean" : 0.000000,
          "stddev" : 0.000000,
          "N" : 0
        },
        "bw_min" : 0,
        "bw_max" : 0,
        "bw_agg" : 0.000000,
        "bw_mean" : 0.000000,
        "bw_dev" : 0.000000,
        "bw_samples" : 0,
        "iops_min" : 0,
        "iops_max" : 0,
        "iops_mean" : 0.000000,
        "iops_stddev" : 0.000000,
        "iops_samples" : 0
      },
      "sync" : {
        "total_ios" : 0,
        "lat_ns" : {
          "min" : 0,
          "max" : 0,
          "mean" : 0.000000,
          "stddev" : 0.000000,
          "N" : 0
        }
      },
      "job_runtime" : 10000,
      "usr_cpu" : 15.730000,
      "sys_cpu" : 48.760000,
      "ctx" : 294885,
      "majf" : 0,
      "minf" : 13,
      "iodepth_level" : {
        "1" : 0.100000,
        "2" : 99.999928,
        "4" : 0.000000,
        "8" : 0.000000,
        "16" : 0.000000,
        "32" : 0.000000,
        ">=64" : 0.000000
      },
      "iodepth_submit" : {
        "0" : 0.000000,
        "4" : 100.000000,
        "8" : 0.000000,
        "16" : 0.000000,
        "32" : 0.000000,
        "64" : 0.000000,
        ">=64" : 0.000000
      },
      "iodepth_complete" : {
        "0" : 0.000000,
        "4" : 100.000000,
        "8" : 0.000000,
        "16" : 0.000000,
        "32" : 0.000000,
        "64" : 0.000000,
        ">=64" : 0.000000
      },
      "latency_ns" : {
        "2" : 0.000000,
        "4" : 0.000000,
        "10" : 0.000000,
        "20" : 0.000000,
        "50" : 0.000000,
        "100" : 0.000000,
        "250" : 0.000000,
        "500" : 0.000000,
        "750" : 0.000000,
        "1000" : 0.000000
      },
      "latency_us" : {
        "2" : 0.000000,
        "4" : 0.000000,
        "10" : 0.000000,
        "20" : 0.000000,
        "50" : 0.000000,
        "100" : 0.000000,
        "250" : 0.000000,
        "500" : 0.000000,
        "750" : 0.000000,
        "1000" : 0.000000
      },
      "latency_ms" : {
        "2" : 0.000000,
        "4" : 0.000000,
        "10" : 0.000000,
        "20" : 0.000000,
        "50" : 0.000000,
        "100" : 0.000000,
        "250" : 1.110695,
        "500" : 1.962193,
        "750" : 1.873854,
        "1000" : 1.762820,
        "2000" : 7.980775,
        ">=2000" : 85.309662
      },
      "latency_depth" : 2,
      "latency_target" : 0,
      "latency_percentile" : 100.000000,
      "latency_window" : 0
    }
  ],
  "disk_util" : [
    {
      "name" : "sda",
      "read_ios" : 0,
      "write_ios" : 18,
      "read_sectors" : 0,
      "write_sectors" : 1720,
      "read_merges" : 0,
      "write_merges" : 47,
      "read_ticks" : 0,
      "write_ticks" : 7,
      "in_queue" : 7,
      "util" : 0.010015
    }
  ]
}
