{
  "fio version" : "fio-3.40",
  "timestamp" : 1756673823,
  "timestamp_ms" : 1756673823665,
  "time" : "Sun Aug 31 20:57:03 2025",
  "global options" : {
    "ioengine" : "librawstor",
    "filename" : "019901eb-2b13-711c-b63f-4fc41fee8c72"
  },
  "jobs" : [
    {
      "jobname" : "rawstor",
      "groupid" : 0,
      "job_start" : 1756673813518,
      "error" : 0,
      "eta" : 0,
      "elapsed" : 11,
      "job options" : {
        "name" : "rawstor",
        "iodepth" : "2",
        "rw" : "randrw",
        "bs" : "4k",
        "size" : "1G",
        "numjobs" : "1",
        "runtime" : "10",
        "time_based" : "",
        "group_reporting" : ""
      },
      "read" : {
        "io_bytes" : 2892660736,
        "io_kbytes" : 2824864,
        "bw_bytes" : 289237149,
        "bw" : 282458,
        "iops" : 70614.538546,
        "runtime" : 10001,
        "total_ios" : 706216,
        "short_ios" : 0,
        "drop_ios" : 0,
        "slat_ns" : {
          "min" : 0,
          "max" : 0,
          "mean" : 0.000000,
          "stddev" : 0.000000,
          "N" : 706216
        },
        "clat_ns" : {
          "min" : 104550200,
          "max" : 10104450457,
          "mean" : 5386340291.534641,
          "stddev" : 2825449871.871594,
          "N" : 706216,
          "percentile" : {
            "1.000000" : 238026752,
            "5.000000" : 717225984,
            "10.000000" : 1367343104,
            "20.000000" : 2566914048,
            "30.000000" : 3506438144,
            "40.000000" : 4529848320,
            "50.000000" : 5469372416,
            "60.000000" : 6408896512,
            "70.000000" : 7348420608,
            "80.000000" : 8287944704,
            "90.000000" : 9193914368,
            "95.000000" : 9596567552,
            "99.000000" : 9999220736,
            "99.500000" : 9999220736,
            "99.900000" : 10133438464,
            "99.950000" : 10133438464,
            "99.990000" : 10133438464
          }
        },
        "lat_ns" : {
          "min" : 1252,
          "max" : 129956,
          "mean" : 4976.971863,
          "stddev" : 3745.300879,
          "N" : 706216
        },
        "bw_min" : 214344,
        "bw_max" : 318456,
        "bw_agg" : 100.000000,
        "bw_mean" : 282486.400000,
        "bw_dev" : 33091.631237,
        "bw_samples" : 20,
        "iops_min" : 53586,
        "iops_max" : 79614,
        "iops_mean" : 70621.600000,
        "iops_stddev" : 8272.907809,
        "iops_samples" : 20
      },
      "write" : {
        "io_bytes" : 2888220672,
        "io_kbytes" : 2820528,
        "bw_bytes" : 288793187,
        "bw" : 282024,
        "iops" : 70506.149385,
        "runtime" : 10001,
        "total_ios" : 705132,
        "short_ios" : 0,
        "drop_ios" : 0,
        "slat_ns" : {
          "min" : 0,
          "max" : 0,
          "mean" : 0.000000,
          "stddev" : 0.000000,
          "N" : 705132
        },
        "clat_ns" : {
          "min" : 104656413,
          "max" : 10104473629,
          "mean" : 5384113083.483387,
          "stddev" : 2824559879.831427,
          "N" : 705132,
          "percentile" : {
            "1.000000" : 238026752,
            "5.000000" : 717225984,
            "10.000000" : 1384120320,
            "20.000000" : 2566914048,
            "30.000000" : 3506438144,
            "40.000000" : 4462739456,
            "50.000000" : 5469372416,
            "60.000000" : 6408896512,
            "70.000000" : 7348420608,
            "80.000000" : 8287944704,
            "90.000000" : 9193914368,
            "95.000000" : 9596567552,
            "99.000000" : 9999220736,
            "99.500000" : 9999220736,
            "99.900000" : 10133438464,
            "99.950000" : 10133438464,
            "99.990000" : 10133438464
          }
        },
        "lat_ns" : {
          "min" : 3527,
          "max" : 1673451,
          "mean" : 22409.735952,
          "stddev" : 7567.110919,
          "N" : 705132
        },
        "bw_min" : 213688,
        "bw_max" : 318888,
        "bw_agg" : 100.000000,
        "bw_mean" : 282052.800000,
        "bw_dev" : 33016.580807,
        "bw_samples" : 20,
        "iops_min" : 53422,
        "iops_max" : 79722,
        "iops_mean" : 70513.200000,
        "iops_stddev" : 8254.145202,
        "iops_samples" : 20
      },
      "trim" : {
        "io_bytes" : 0,
        "io_kbytes" : 0,
        "bw_bytes" : 0,
        "bw" : 0,
        "iops" : 0.000000,
        "runtime" : 0,
        "total_ios" : 0,
        "short_ios" : 0,
        "drop_ios" : 0,
        "slat_ns" : {
          "min" : 0,
          "max" : 0,
          "mean" : 0.000000,
          "stddev" : 0.000000,
          "N" : 0
        },
        "clat_ns" : {
          "min" : 0,
          "max" : 0,
          "mean" : 0.000000,
          "stddev" : 0.000000,
          "N" : 0
        },
        "lat_ns" : {
          "min" : 0,
          "max" : 0,
          "mean" : 0.000000,
          "stddev" : 0.000000,
          "N" : 0
        },
        "bw_min" : 0,
        "bw_max" : 0,
        "bw_agg" : 0.000000,
        "bw_mean" : 0.000000,
        "bw_dev" : 0.000000,
        "bw_samples" : 0,
        "iops_min" : 0,
        "iops_max" : 0,
        "iops_mean" : 0.000000,
        "iops_stddev" : 0.000000,
        "iops_samples" : 0
      },
      "sync" : {
        "total_ios" : 0,
        "lat_ns" : {
          "min" : 0,
          "max" : 0,
          "mean" : 0.000000,
          "stddev" : 0.000000,
          "N" : 0
        }
      },
      "job_runtime" : 10000,
      "usr_cpu" : 16.640000,
      "sys_cpu" : 50.590000,
      "ctx" : 291673,
      "majf" : 0,
      "minf" : 16,
      "iodepth_level" : {
        "1" : 0.100000,
        "2" : 99.999929,
        "4" : 0.000000,
        "8" : 0.000000,
        "16" : 0.000000,
        "32" : 0.000000,
        ">=64" : 0.000000
      },
      "iodepth_submit" : {
        "0" : 0.000000,
        "4" : 100.000000,
        "8" : 0.000000,
        "16" : 0.000000,
        "32" : 0.000000,
        "64" : 0.000000,
        ">=64" : 0.000000
      },
      "iodepth_complete" : {
        "0" : 0.000000,
        "4" : 100.000000,
        "8" : 0.000000,
        "16" : 0.000000,
        "32" : 0.000000,
        "64" : 0.000000,
        ">=64" : 0.000000
      },
      "latency_ns" : {
        "2" : 0.000000,
        "4" : 0.000000,
        "10" : 0.000000,
        "20" : 0.000000,
        "50" : 0.000000,
        "100" : 0.000000,
        "250" : 0.000000,
        "500" : 0.000000,
        "750" : 0.000000,
        "1000" : 0.000000
      },
      "latency_us" : {
        "2" : 0.000000,
        "4" : 0.000000,
        "10" : 0.000000,
        "20" : 0.000000,
        "50" : 0.000000,
        "100" : 0.000000,
        "250" : 0.000000,
        "500" : 0.000000,
        "750" : 0.000000,
        "1000" : 0.000000
      },
      "latency_ms" : {
        "2" : 0.000000,
        "4" : 0.000000,
        "10" : 0.000000,
        "20" : 0.000000,
        "50" : 0.000000,
        "100" : 0.000000,
        "250" : 1.091014,
        "500" : 2.024589,
        "750" : 2.228366,
        "1000" : 1.889966,
        "2000" : 7.683009,
        ">=2000" : 85.083055
      },
      "latency_depth" : 2,
      "latency_target" : 0,
      "latency_percentile" : 100.000000,
      "latency_window" : 0
    }
  ],
  "disk_util" : [
    {
      "name" : "sdb",
      "read_ios" : 0,
      "write_ios" : 222,
      "read_sectors" : 0,
      "write_sectors" : 35560,
      "read_merges" : 0,
      "write_merges" : 1191,
      "read_ticks" : 0,
      "write_ticks" : 656,
      "in_queue" : 665,
      "util" : 0.210168
    }
  ]
}
