{
  "fio version" : "fio-3.40",
  "timestamp" : 1754896441,
  "timestamp_ms" : 1754896441031,
  "time" : "Mon Aug 11 07:14:01 2025",
  "global options" : {
    "ioengine" : "librawstor",
    "filename" : "019897fa-7625-796e-9bd2-3dac4211f149"
  },
  "jobs" : [
    {
      "jobname" : "rawstor",
      "groupid" : 0,
      "job_start" : 1754896430884,
      "error" : 0,
      "eta" : 0,
      "elapsed" : 11,
      "job options" : {
        "name" : "rawstor",
        "iodepth" : "2",
        "rw" : "randrw",
        "bs" : "4k",
        "size" : "1G",
        "numjobs" : "1",
        "runtime" : "10",
        "time_based" : "",
        "group_reporting" : ""
      },
      "read" : {
        "io_bytes" : 2916700160,
        "io_kbytes" : 2848340,
        "bw_bytes" : 291640851,
        "bw" : 284805,
        "iops" : 71201.379862,
        "runtime" : 10001,
        "total_ios" : 712085,
        "short_ios" : 0,
        "drop_ios" : 0,
        "slat_ns" : {
          "min" : 0,
          "max" : 0,
          "mean" : 0.000000,
          "stddev" : 0.000000,
          "N" : 712085
        },
        "clat_ns" : {
          "min" : 104834522,
          "max" : 10104706019,
          "mean" : 5433343801.345431,
          "stddev" : 2793564299.918929,
          "N" : 712085,
          "percentile" : {
            "1.000000" : 229638144,
            "5.000000" : 750780416,
            "10.000000" : 1434451968,
            "20.000000" : 2701131776,
            "30.000000" : 3640655872,
            "40.000000" : 4596957184,
            "50.000000" : 5469372416,
            "60.000000" : 6408896512,
            "70.000000" : 7415529472,
            "80.000000" : 8287944704,
            "90.000000" : 9193914368,
            "95.000000" : 9596567552,
            "99.000000" : 9999220736,
            "99.500000" : 9999220736,
            "99.900000" : 10133438464,
            "99.950000" : 10133438464,
            "99.990000" : 10133438464
          }
        },
        "lat_ns" : {
          "min" : 1272,
          "max" : 138838,
          "mean" : 5006.323853,
          "stddev" : 3915.518769,
          "N" : 712085
        },
        "bw_min" : 205064,
        "bw_max" : 327824,
        "bw_agg" : 99.607620,
        "bw_mean" : 283688.842105,
        "bw_dev" : 42228.258797,
        "bw_samples" : 19,
        "iops_min" : 51266,
        "iops_max" : 81956,
        "iops_mean" : 70922.210526,
        "iops_stddev" : 10557.064699,
        "iops_samples" : 19
      },
      "write" : {
        "io_bytes" : 2912337920,
        "io_kbytes" : 2844080,
        "bw_bytes" : 291204671,
        "bw" : 284379,
        "iops" : 71094.890511,
        "runtime" : 10001,
        "total_ios" : 711020,
        "short_ios" : 0,
        "drop_ios" : 0,
        "slat_ns" : {
          "min" : 0,
          "max" : 0,
          "mean" : 0.000000,
          "stddev" : 0.000000,
          "N" : 711020
        },
        "clat_ns" : {
          "min" : 104930931,
          "max" : 10104743368,
          "mean" : 5431404039.828225,
          "stddev" : 2792798209.733988,
          "N" : 711020,
          "percentile" : {
            "1.000000" : 229638144,
            "5.000000" : 750780416,
            "10.000000" : 1434451968,
            "20.000000" : 2701131776,
            "30.000000" : 3640655872,
            "40.000000" : 4596957184,
            "50.000000" : 5469372416,
            "60.000000" : 6408896512,
            "70.000000" : 7415529472,
            "80.000000" : 8287944704,
            "90.000000" : 9193914368,
            "95.000000" : 9596567552,
            "99.000000" : 9999220736,
            "99.500000" : 9999220736,
            "99.900000" : 10133438464,
            "99.950000" : 10133438464,
            "99.990000" : 10133438464
          }
        },
        "lat_ns" : {
          "min" : 3707,
          "max" : 835832,
          "mean" : 22193.077390,
          "stddev" : 7750.999249,
          "N" : 711020
        },
        "bw_min" : 204008,
        "bw_max" : 325472,
        "bw_agg" : 99.653083,
        "bw_mean" : 283393.684211,
        "bw_dev" : 41963.766600,
        "bw_samples" : 19,
        "iops_min" : 51002,
        "iops_max" : 81368,
        "iops_mean" : 70848.421053,
        "iops_stddev" : 10490.941650,
        "iops_samples" : 19
      },
      "trim" : {
        "io_bytes" : 0,
        "io_kbytes" : 0,
        "bw_bytes" : 0,
        "bw" : 0,
        "iops" : 0.000000,
        "runtime" : 0,
        "total_ios" : 0,
        "short_ios" : 0,
        "drop_ios" : 0,
        "slat_ns" : {
          "min" : 0,
          "max" : 0,
          "mean" : 0.000000,
          "stddev" : 0.000000,
          "N" : 0
        },
        "clat_ns" : {
          "min" : 0,
          "max" : 0,
          "mean" : 0.000000,
          "stddev" : 0.000000,
          "N" : 0
        },
        "lat_ns" : {
          "min" : 0,
          "max" : 0,
          "mean" : 0.000000,
          "stddev" : 0.000000,
          "N" : 0
        },
        "bw_min" : 0,
        "bw_max" : 0,
        "bw_agg" : 0.000000,
        "bw_mean" : 0.000000,
        "bw_dev" : 0.000000,
        "bw_samples" : 0,
        "iops_min" : 0,
        "iops_max" : 0,
        "iops_mean" : 0.000000,
        "iops_stddev" : 0.000000,
        "iops_samples" : 0
      },
      "sync" : {
        "total_ios" : 0,
        "lat_ns" : {
          "min" : 0,
          "max" : 0,
          "mean" : 0.000000,
          "stddev" : 0.000000,
          "N" : 0
        }
      },
      "job_runtime" : 10000,
      "usr_cpu" : 15.440000,
      "sys_cpu" : 49.190000,
      "ctx" : 301904,
      "majf" : 0,
      "minf" : 16,
      "iodepth_level" : {
        "1" : 0.100000,
        "2" : 99.999930,
        "4" : 0.000000,
        "8" : 0.000000,
        "16" : 0.000000,
        "32" : 0.000000,
        ">=64" : 0.000000
      },
      "iodepth_submit" : {
        "0" : 0.000000,
        "4" : 100.000000,
        "8" : 0.000000,
        "16" : 0.000000,
        "32" : 0.000000,
        "64" : 0.000000,
        ">=64" : 0.000000
      },
      "iodepth_complete" : {
        "0" : 0.000000,
        "4" : 100.000000,
        "8" : 0.000000,
        "16" : 0.000000,
        "32" : 0.000000,
        "64" : 0.000000,
        ">=64" : 0.000000
      },
      "latency_ns" : {
        "2" : 0.000000,
        "4" : 0.000000,
        "10" : 0.000000,
        "20" : 0.000000,
        "50" : 0.000000,
        "100" : 0.000000,
        "250" : 0.000000,
        "500" : 0.000000,
        "750" : 0.000000,
        "1000" : 0.000000
      },
      "latency_us" : {
        "2" : 0.000000,
        "4" : 0.000000,
        "10" : 0.000000,
        "20" : 0.000000,
        "50" : 0.000000,
        "100" : 0.000000,
        "250" : 0.000000,
        "500" : 0.000000,
        "750" : 0.000000,
        "1000" : 0.000000
      },
      "latency_ms" : {
        "2" : 0.000000,
        "4" : 0.000000,
        "10" : 0.000000,
        "20" : 0.000000,
        "50" : 0.000000,
        "100" : 0.000000,
        "250" : 1.175669,
        "500" : 1.981161,
        "750" : 1.861423,
        "1000" : 1.861563,
        "2000" : 7.265943,
        ">=2000" : 85.854241
      },
      "latency_depth" : 2,
      "latency_target" : 0,
      "latency_percentile" : 100.000000,
      "latency_window" : 0
    }
  ],
  "disk_util" : [
    {
      "name" : "sdb",
      "read_ios" : 0,
      "write_ios" : 202,
      "read_sectors" : 0,
      "write_sectors" : 34680,
      "read_merges" : 0,
      "write_merges" : 1106,
      "read_ticks" : 0,
      "write_ticks" : 266,
      "in_queue" : 284,
      "util" : 0.320256
    }
  ]
}
