{
  "fio version" : "fio-3.40",
  "timestamp" : 1755900699,
  "timestamp_ms" : 1755900699487,
  "time" : "Fri Aug 22 22:11:39 2025",
  "global options" : {
    "ioengine" : "librawstor",
    "filename" : "0198d3d6-3abf-7b41-abd6-1446f164431b"
  },
  "jobs" : [
    {
      "jobname" : "rawstor",
      "groupid" : 0,
      "job_start" : 1755900689340,
      "error" : 0,
      "eta" : 0,
      "elapsed" : 11,
      "job options" : {
        "name" : "rawstor",
        "iodepth" : "2",
        "rw" : "randrw",
        "bs" : "4k",
        "size" : "1G",
        "numjobs" : "1",
        "runtime" : "10",
        "time_based" : "",
        "group_reporting" : ""
      },
      "read" : {
        "io_bytes" : 2891374592,
        "io_kbytes" : 2823608,
        "bw_bytes" : 289108548,
        "bw" : 282332,
        "iops" : 70583.141686,
        "runtime" : 10001,
        "total_ios" : 705902,
        "short_ios" : 0,
        "drop_ios" : 0,
        "slat_ns" : {
          "min" : 0,
          "max" : 0,
          "mean" : 0.000000,
          "stddev" : 0.000000,
          "N" : 705902
        },
        "clat_ns" : {
          "min" : 104609434,
          "max" : 10104506337,
          "mean" : 5407564907.814529,
          "stddev" : 2801416087.581872,
          "N" : 705902,
          "percentile" : {
            "1.000000" : 221249536,
            "5.000000" : 759169024,
            "10.000000" : 1434451968,
            "20.000000" : 2600468480,
            "30.000000" : 3607101440,
            "40.000000" : 4596957184,
            "50.000000" : 5469372416,
            "60.000000" : 6408896512,
            "70.000000" : 7348420608,
            "80.000000" : 8287944704,
            "90.000000" : 9193914368,
            "95.000000" : 9596567552,
            "99.000000" : 9999220736,
            "99.500000" : 9999220736,
            "99.900000" : 10133438464,
            "99.950000" : 10133438464,
            "99.990000" : 10133438464
          }
        },
        "lat_ns" : {
          "min" : 1312,
          "max" : 137687,
          "mean" : 5043.864885,
          "stddev" : 3763.624027,
          "N" : 705902
        },
        "bw_min" : 209368,
        "bw_max" : 315672,
        "bw_agg" : 99.387047,
        "bw_mean" : 280602.105263,
        "bw_dev" : 35785.765596,
        "bw_samples" : 19,
        "iops_min" : 52342,
        "iops_max" : 78918,
        "iops_mean" : 70150.526316,
        "iops_stddev" : 8946.441399,
        "iops_samples" : 19
      },
      "write" : {
        "io_bytes" : 2887110656,
        "io_kbytes" : 2819444,
        "bw_bytes" : 288682197,
        "bw" : 281916,
        "iops" : 70479.052095,
        "runtime" : 10001,
        "total_ios" : 704861,
        "short_ios" : 0,
        "drop_ios" : 0,
        "slat_ns" : {
          "min" : 0,
          "max" : 0,
          "mean" : 0.000000,
          "stddev" : 0.000000,
          "N" : 704861
        },
        "clat_ns" : {
          "min" : 104696887,
          "max" : 10104531574,
          "mean" : 5405601472.288024,
          "stddev" : 2800672879.955555,
          "N" : 704861,
          "percentile" : {
            "1.000000" : 219152384,
            "5.000000" : 759169024,
            "10.000000" : 1451229184,
            "20.000000" : 2600468480,
            "30.000000" : 3607101440,
            "40.000000" : 4596957184,
            "50.000000" : 5469372416,
            "60.000000" : 6408896512,
            "70.000000" : 7348420608,
            "80.000000" : 8287944704,
            "90.000000" : 9193914368,
            "95.000000" : 9596567552,
            "99.000000" : 9999220736,
            "99.500000" : 9999220736,
            "99.900000" : 10133438464,
            "99.950000" : 10133438464,
            "99.990000" : 10133438464
          }
        },
        "lat_ns" : {
          "min" : 3777,
          "max" : 990390,
          "mean" : 22369.994756,
          "stddev" : 6781.631343,
          "N" : 704861
        },
        "bw_min" : 207944,
        "bw_max" : 313376,
        "bw_agg" : 99.438057,
        "bw_mean" : 280332.210526,
        "bw_dev" : 35471.608815,
        "bw_samples" : 19,
        "iops_min" : 51986,
        "iops_max" : 78344,
        "iops_mean" : 70083.052632,
        "iops_stddev" : 8867.902204,
        "iops_samples" : 19
      },
      "trim" : {
        "io_bytes" : 0,
        "io_kbytes" : 0,
        "bw_bytes" : 0,
        "bw" : 0,
        "iops" : 0.000000,
        "runtime" : 0,
        "total_ios" : 0,
        "short_ios" : 0,
        "drop_ios" : 0,
        "slat_ns" : {
          "min" : 0,
          "max" : 0,
          "mean" : 0.000000,
          "stddev" : 0.000000,
          "N" : 0
        },
        "clat_ns" : {
          "min" : 0,
          "max" : 0,
          "mean" : 0.000000,
          "stddev" : 0.000000,
          "N" : 0
        },
        "lat_ns" : {
          "min" : 0,
          "max" : 0,
          "mean" : 0.000000,
          "stddev" : 0.000000,
          "N" : 0
        },
        "bw_min" : 0,
        "bw_max" : 0,
        "bw_agg" : 0.000000,
        "bw_mean" : 0.000000,
        "bw_dev" : 0.000000,
        "bw_samples" : 0,
        "iops_min" : 0,
        "iops_max" : 0,
        "iops_mean" : 0.000000,
        "iops_stddev" : 0.000000,
        "iops_samples" : 0
      },
      "sync" : {
        "total_ios" : 0,
        "lat_ns" : {
          "min" : 0,
          "max" : 0,
          "mean" : 0.000000,
          "stddev" : 0.000000,
          "N" : 0
        }
      },
      "job_runtime" : 10000,
      "usr_cpu" : 15.020000,
      "sys_cpu" : 49.630000,
      "ctx" : 297984,
      "majf" : 0,
      "minf" : 15,
      "iodepth_level" : {
        "1" : 0.100000,
        "2" : 99.999929,
        "4" : 0.000000,
        "8" : 0.000000,
        "16" : 0.000000,
        "32" : 0.000000,
        ">=64" : 0.000000
      },
      "iodepth_submit" : {
        "0" : 0.000000,
        "4" : 100.000000,
        "8" : 0.000000,
        "16" : 0.000000,
        "32" : 0.000000,
        "64" : 0.000000,
        ">=64" : 0.000000
      },
      "iodepth_complete" : {
        "0" : 0.000000,
        "4" : 100.000000,
        "8" : 0.000000,
        "16" : 0.000000,
        "32" : 0.000000,
        "64" : 0.000000,
        ">=64" : 0.000000
      },
      "latency_ns" : {
        "2" : 0.000000,
        "4" : 0.000000,
        "10" : 0.000000,
        "20" : 0.000000,
        "50" : 0.000000,
        "100" : 0.000000,
        "250" : 0.000000,
        "500" : 0.000000,
        "750" : 0.000000,
        "1000" : 0.000000
      },
      "latency_us" : {
        "2" : 0.000000,
        "4" : 0.000000,
        "10" : 0.000000,
        "20" : 0.000000,
        "50" : 0.000000,
        "100" : 0.000000,
        "250" : 0.000000,
        "500" : 0.000000,
        "750" : 0.000000,
        "1000" : 0.000000
      },
      "latency_ms" : {
        "2" : 0.000000,
        "4" : 0.000000,
        "10" : 0.000000,
        "20" : 0.000000,
        "50" : 0.000000,
        "100" : 0.000000,
        "250" : 1.212110,
        "500" : 1.894011,
        "750" : 1.841415,
        "1000" : 1.914354,
        "2000" : 7.964201,
        ">=2000" : 85.173909
      },
      "latency_depth" : 2,
      "latency_target" : 0,
      "latency_percentile" : 100.000000,
      "latency_window" : 0
    }
  ],
  "disk_util" : [
    {
      "name" : "sdb",
      "read_ios" : 0,
      "write_ios" : 122,
      "read_sectors" : 0,
      "write_sectors" : 33256,
      "read_merges" : 0,
      "write_merges" : 1008,
      "read_ticks" : 0,
      "write_ticks" : 153,
      "in_queue" : 162,
      "util" : 0.230184
    }
  ]
}
