{
  "fio version" : "fio-3.40",
  "timestamp" : 1768065916,
  "timestamp_ms" : 1768065916674,
  "time" : "Sat Jan 10 17:25:16 2026",
  "global options" : {
    "ioengine" : "librawstor",
    "filename" : "ost://127.0.0.1:8080/01988675-e1e5-7788-9ed4-2f2d30910d23"
  },
  "jobs" : [
    {
      "jobname" : "rawstor",
      "groupid" : 0,
      "job_start" : 1768065906528,
      "error" : 0,
      "eta" : 0,
      "elapsed" : 11,
      "job options" : {
        "name" : "rawstor",
        "iodepth" : "1",
        "rw" : "randrw",
        "bs" : "4k",
        "size" : "1G",
        "numjobs" : "1",
        "runtime" : "10",
        "time_based" : "",
        "group_reporting" : ""
      },
      "read" : {
        "io_bytes" : 243761152,
        "io_kbytes" : 238048,
        "bw_bytes" : 24373677,
        "bw" : 23802,
        "iops" : 5950.604940,
        "runtime" : 10001,
        "total_ios" : 59512,
        "short_ios" : 0,
        "drop_ios" : 0,
        "slat_ns" : {
          "min" : 40,
          "max" : 16891,
          "mean" : 172.777238,
          "stddev" : 221.658248,
          "N" : 59512
        },
        "clat_ns" : {
          "min" : 40796,
          "max" : 29673407,
          "mean" : 70664.987549,
          "stddev" : 227609.940359,
          "N" : 59512,
          "percentile" : {
            "1.000000" : 51968,
            "5.000000" : 55552,
            "10.000000" : 57600,
            "20.000000" : 60672,
            "30.000000" : 63232,
            "40.000000" : 64768,
            "50.000000" : 67072,
            "60.000000" : 69120,
            "70.000000" : 72192,
            "80.000000" : 75264,
            "90.000000" : 81408,
            "95.000000" : 87552,
            "99.000000" : 101888,
            "99.500000" : 109056,
            "99.900000" : 136192,
            "99.950000" : 205824,
            "99.990000" : 2441216
          }
        },
        "lat_ns" : {
          "min" : 40987,
          "max" : 29673457,
          "mean" : 70837.764787,
          "stddev" : 227610.404795,
          "N" : 59512
        },
        "bw_min" : 22136,
        "bw_max" : 25720,
        "bw_agg" : 100.000000,
        "bw_mean" : 23814.315789,
        "bw_dev" : 930.271469,
        "bw_samples" : 19,
        "iops_min" : 5534,
        "iops_max" : 6430,
        "iops_mean" : 5953.578947,
        "iops_stddev" : 232.567867,
        "iops_samples" : 19
      },
      "write" : {
        "io_bytes" : 243150848,
        "io_kbytes" : 237452,
        "bw_bytes" : 24312653,
        "bw" : 23742,
        "iops" : 5935.706429,
        "runtime" : 10001,
        "total_ios" : 59363,
        "short_ios" : 0,
        "drop_ios" : 0,
        "slat_ns" : {
          "min" : 80,
          "max" : 18625,
          "mean" : 253.359399,
          "stddev" : 287.824571,
          "N" : 59363
        },
        "clat_ns" : {
          "min" : 55954,
          "max" : 35466736,
          "mean" : 93919.611930,
          "stddev" : 219363.110386,
          "N" : 59363,
          "percentile" : {
            "1.000000" : 74240,
            "5.000000" : 78336,
            "10.000000" : 80384,
            "20.000000" : 83456,
            "30.000000" : 85504,
            "40.000000" : 88576,
            "50.000000" : 90624,
            "60.000000" : 92672,
            "70.000000" : 95744,
            "80.000000" : 98816,
            "90.000000" : 104960,
            "95.000000" : 111104,
            "99.000000" : 126464,
            "99.500000" : 134144,
            "99.900000" : 164864,
            "99.950000" : 193536,
            "99.990000" : 3981312
          }
        },
        "lat_ns" : {
          "min" : 56134,
          "max" : 35466987,
          "mean" : 94172.971329,
          "stddev" : 219363.696901,
          "N" : 59363
        },
        "bw_min" : 22232,
        "bw_max" : 26040,
        "bw_agg" : 99.823841,
        "bw_mean" : 23701.894737,
        "bw_dev" : 1118.229846,
        "bw_samples" : 19,
        "iops_min" : 5558,
        "iops_max" : 6510,
        "iops_mean" : 5925.473684,
        "iops_stddev" : 279.557461,
        "iops_samples" : 19
      },
      "trim" : {
        "io_bytes" : 0,
        "io_kbytes" : 0,
        "bw_bytes" : 0,
        "bw" : 0,
        "iops" : 0.000000,
        "runtime" : 0,
        "total_ios" : 0,
        "short_ios" : 0,
        "drop_ios" : 0,
        "slat_ns" : {
          "min" : 0,
          "max" : 0,
          "mean" : 0.000000,
          "stddev" : 0.000000,
          "N" : 0
        },
        "clat_ns" : {
          "min" : 0,
          "max" : 0,
          "mean" : 0.000000,
          "stddev" : 0.000000,
          "N" : 0
        },
        "lat_ns" : {
          "min" : 0,
          "max" : 0,
          "mean" : 0.000000,
          "stddev" : 0.000000,
          "N" : 0
        },
        "bw_min" : 0,
        "bw_max" : 0,
        "bw_agg" : 0.000000,
        "bw_mean" : 0.000000,
        "bw_dev" : 0.000000,
        "bw_samples" : 0,
        "iops_min" : 0,
        "iops_max" : 0,
        "iops_mean" : 0.000000,
        "iops_stddev" : 0.000000,
        "iops_samples" : 0
      },
      "sync" : {
        "total_ios" : 0,
        "lat_ns" : {
          "min" : 0,
          "max" : 0,
          "mean" : 0.000000,
          "stddev" : 0.000000,
          "N" : 0
        }
      },
      "job_runtime" : 10000,
      "usr_cpu" : 7.820000,
      "sys_cpu" : 33.750000,
      "ctx" : 118973,
      "majf" : 0,
      "minf" : 42,
      "iodepth_level" : {
        "1" : 100.000000,
        "2" : 0.000000,
        "4" : 0.000000,
        "8" : 0.000000,
        "16" : 0.000000,
        "32" : 0.000000,
        ">=64" : 0.000000
      },
      "iodepth_submit" : {
        "0" : 0.000000,
        "4" : 100.000000,
        "8" : 0.000000,
        "16" : 0.000000,
        "32" : 0.000000,
        "64" : 0.000000,
        ">=64" : 0.000000
      },
      "iodepth_complete" : {
        "0" : 0.000000,
        "4" : 100.000000,
        "8" : 0.000000,
        "16" : 0.000000,
        "32" : 0.000000,
        "64" : 0.000000,
        ">=64" : 0.000000
      },
      "latency_ns" : {
        "2" : 0.000000,
        "4" : 0.000000,
        "10" : 0.000000,
        "20" : 0.000000,
        "50" : 0.000000,
        "100" : 0.000000,
        "250" : 0.000000,
        "500" : 0.000000,
        "750" : 0.000000,
        "1000" : 0.000000
      },
      "latency_us" : {
        "2" : 0.000000,
        "4" : 0.000000,
        "10" : 0.000000,
        "20" : 0.000000,
        "50" : 0.116088,
        "100" : 90.396635,
        "250" : 9.458675,
        "500" : 0.012618,
        "750" : 0.010000,
        "1000" : 0.010000
      },
      "latency_ms" : {
        "2" : 0.010000,
        "4" : 0.010000,
        "10" : 0.010000,
        "20" : 0.010000,
        "50" : 0.010000,
        "100" : 0.000000,
        "250" : 0.000000,
        "500" : 0.000000,
        "750" : 0.000000,
        "1000" : 0.000000,
        "2000" : 0.000000,
        ">=2000" : 0.000000
      },
      "latency_depth" : 1,
      "latency_target" : 0,
      "latency_percentile" : 100.000000,
      "latency_window" : 0
    }
  ],
  "disk_util" : [
    {
      "name" : "sdb",
      "read_ios" : 0,
      "write_ios" : 139,
      "read_sectors" : 0,
      "write_sectors" : 41440,
      "read_merges" : 0,
      "write_merges" : 1032,
      "read_ticks" : 0,
      "write_ticks" : 235,
      "in_queue" : 241,
      "util" : 0.180144
    }
  ]
}
