{
  "fio version" : "fio-3.40",
  "timestamp" : 1759092571,
  "timestamp_ms" : 1759092571267,
  "time" : "Sun Sep 28 20:49:31 2025",
  "global options" : {
    "ioengine" : "librawstor",
    "filename" : "01999216-53e3-77a1-99f5-5ed7797832dd"
  },
  "jobs" : [
    {
      "jobname" : "rawstor",
      "groupid" : 0,
      "job_start" : 1759092561126,
      "error" : 0,
      "eta" : 0,
      "elapsed" : 11,
      "job options" : {
        "name" : "rawstor",
        "iodepth" : "1",
        "rw" : "randrw",
        "bs" : "4k",
        "size" : "1G",
        "numjobs" : "1",
        "runtime" : "10",
        "time_based" : "",
        "group_reporting" : ""
      },
      "read" : {
        "io_bytes" : 1305800704,
        "io_kbytes" : 1275196,
        "bw_bytes" : 130580070,
        "bw" : 127519,
        "iops" : 31879.900000,
        "runtime" : 10000,
        "total_ios" : 318799,
        "short_ios" : 0,
        "drop_ios" : 0,
        "slat_ns" : {
          "min" : 20,
          "max" : 18685,
          "mean" : 43.851684,
          "stddev" : 114.504670,
          "N" : 318799
        },
        "clat_ns" : {
          "min" : 1282,
          "max" : 135413,
          "mean" : 3191.207563,
          "stddev" : 2844.307627,
          "N" : 318799,
          "percentile" : {
            "1.000000" : 1560,
            "5.000000" : 1640,
            "10.000000" : 1672,
            "20.000000" : 1752,
            "30.000000" : 1864,
            "40.000000" : 2128,
            "50.000000" : 2256,
            "60.000000" : 2448,
            "70.000000" : 3088,
            "80.000000" : 4192,
            "90.000000" : 5472,
            "95.000000" : 7584,
            "99.000000" : 15040,
            "99.500000" : 19072,
            "99.900000" : 27264,
            "99.950000" : 32640,
            "99.990000" : 71168
          }
        },
        "lat_ns" : {
          "min" : 1302,
          "max" : 135443,
          "mean" : 3235.059247,
          "stddev" : 2853.568517,
          "N" : 318799
        },
        "bw_min" : 106584,
        "bw_max" : 145824,
        "bw_agg" : 99.209063,
        "bw_mean" : 126511.157895,
        "bw_dev" : 11525.454849,
        "bw_samples" : 19,
        "iops_min" : 26646,
        "iops_max" : 36456,
        "iops_mean" : 31627.789474,
        "iops_stddev" : 2881.363712,
        "iops_samples" : 19
      },
      "write" : {
        "io_bytes" : 1304702976,
        "io_kbytes" : 1274124,
        "bw_bytes" : 130470297,
        "bw" : 127412,
        "iops" : 31853.100000,
        "runtime" : 10000,
        "total_ios" : 318531,
        "short_ios" : 0,
        "drop_ios" : 0,
        "slat_ns" : {
          "min" : 40,
          "max" : 20449,
          "mean" : 78.404403,
          "stddev" : 130.163722,
          "N" : 318531
        },
        "clat_ns" : {
          "min" : 7494,
          "max" : 587457,
          "mean" : 27205.266147,
          "stddev" : 4542.665065,
          "N" : 318531,
          "percentile" : {
            "1.000000" : 21376,
            "5.000000" : 22656,
            "10.000000" : 23168,
            "20.000000" : 23936,
            "30.000000" : 24704,
            "40.000000" : 25728,
            "50.000000" : 26240,
            "60.000000" : 26752,
            "70.000000" : 27776,
            "80.000000" : 29824,
            "90.000000" : 33536,
            "95.000000" : 35072,
            "99.000000" : 40704,
            "99.500000" : 44800,
            "99.900000" : 51456,
            "99.950000" : 54016,
            "99.990000" : 89600
          }
        },
        "lat_ns" : {
          "min" : 7543,
          "max" : 587607,
          "mean" : 27283.670550,
          "stddev" : 4555.802362,
          "N" : 318531
        },
        "bw_min" : 105224,
        "bw_max" : 144160,
        "bw_agg" : 99.261925,
        "bw_mean" : 126472.000000,
        "bw_dev" : 11418.622450,
        "bw_samples" : 19,
        "iops_min" : 26306,
        "iops_max" : 36040,
        "iops_mean" : 31618.000000,
        "iops_stddev" : 2854.655613,
        "iops_samples" : 19
      },
      "trim" : {
        "io_bytes" : 0,
        "io_kbytes" : 0,
        "bw_bytes" : 0,
        "bw" : 0,
        "iops" : 0.000000,
        "runtime" : 0,
        "total_ios" : 0,
        "short_ios" : 0,
        "drop_ios" : 0,
        "slat_ns" : {
          "min" : 0,
          "max" : 0,
          "mean" : 0.000000,
          "stddev" : 0.000000,
          "N" : 0
        },
        "clat_ns" : {
          "min" : 0,
          "max" : 0,
          "mean" : 0.000000,
          "stddev" : 0.000000,
          "N" : 0
        },
        "lat_ns" : {
          "min" : 0,
          "max" : 0,
          "mean" : 0.000000,
          "stddev" : 0.000000,
          "N" : 0
        },
        "bw_min" : 0,
        "bw_max" : 0,
        "bw_agg" : 0.000000,
        "bw_mean" : 0.000000,
        "bw_dev" : 0.000000,
        "bw_samples" : 0,
        "iops_min" : 0,
        "iops_max" : 0,
        "iops_mean" : 0.000000,
        "iops_stddev" : 0.000000,
        "iops_samples" : 0
      },
      "sync" : {
        "total_ios" : 0,
        "lat_ns" : {
          "min" : 0,
          "max" : 0,
          "mean" : 0.000000,
          "stddev" : 0.000000,
          "N" : 0
        }
      },
      "job_runtime" : 10000,
      "usr_cpu" : 9.980000,
      "sys_cpu" : 38.100000,
      "ctx" : 318276,
      "majf" : 0,
      "minf" : 32,
      "iodepth_level" : {
        "1" : 100.000000,
        "2" : 0.000000,
        "4" : 0.000000,
        "8" : 0.000000,
        "16" : 0.000000,
        "32" : 0.000000,
        ">=64" : 0.000000
      },
      "iodepth_submit" : {
        "0" : 0.000000,
        "4" : 100.000000,
        "8" : 0.000000,
        "16" : 0.000000,
        "32" : 0.000000,
        "64" : 0.000000,
        ">=64" : 0.000000
      },
      "iodepth_complete" : {
        "0" : 0.000000,
        "4" : 100.000000,
        "8" : 0.000000,
        "16" : 0.000000,
        "32" : 0.000000,
        "64" : 0.000000,
        ">=64" : 0.000000
      },
      "latency_ns" : {
        "2" : 0.000000,
        "4" : 0.000000,
        "10" : 0.000000,
        "20" : 0.000000,
        "50" : 0.000000,
        "100" : 0.000000,
        "250" : 0.000000,
        "500" : 0.000000,
        "750" : 0.000000,
        "1000" : 0.000000
      },
      "latency_us" : {
        "2" : 16.516718,
        "4" : 22.853781,
        "10" : 9.345080,
        "20" : 1.347340,
        "50" : 49.839173,
        "100" : 0.093672,
        "250" : 0.010000,
        "500" : 0.010000,
        "750" : 0.010000,
        "1000" : 0.000000
      },
      "latency_ms" : {
        "2" : 0.000000,
        "4" : 0.000000,
        "10" : 0.000000,
        "20" : 0.000000,
        "50" : 0.000000,
        "100" : 0.000000,
        "250" : 0.000000,
        "500" : 0.000000,
        "750" : 0.000000,
        "1000" : 0.000000,
        "2000" : 0.000000,
        ">=2000" : 0.000000
      },
      "latency_depth" : 1,
      "latency_target" : 0,
      "latency_percentile" : 100.000000,
      "latency_window" : 0
    }
  ],
  "disk_util" : [
    {
      "name" : "sda",
      "read_ios" : 0,
      "write_ios" : 28,
      "read_sectors" : 0,
      "write_sectors" : 6480,
      "read_merges" : 0,
      "write_merges" : 67,
      "read_ticks" : 0,
      "write_ticks" : 21,
      "in_queue" : 22,
      "util" : 0.030042
    }
  ]
}
