{
  "fio version" : "fio-3.40",
  "timestamp" : 1757183529,
  "timestamp_ms" : 1757183529503,
  "time" : "Sat Sep  6 18:32:09 2025",
  "global options" : {
    "ioengine" : "librawstor",
    "filename" : "0199204c-a980-7c25-9508-27e647378d75"
  },
  "jobs" : [
    {
      "jobname" : "rawstor",
      "groupid" : 0,
      "job_start" : 1757183519356,
      "error" : 0,
      "eta" : 0,
      "elapsed" : 11,
      "job options" : {
        "name" : "rawstor",
        "iodepth" : "1",
        "rw" : "randrw",
        "bs" : "4k",
        "size" : "1G",
        "numjobs" : "1",
        "runtime" : "10",
        "time_based" : "",
        "group_reporting" : ""
      },
      "read" : {
        "io_bytes" : 7338500096,
        "io_kbytes" : 7166504,
        "bw_bytes" : 733776631,
        "bw" : 716578,
        "iops" : 179144.685531,
        "runtime" : 10001,
        "total_ios" : 1791626,
        "short_ios" : 0,
        "drop_ios" : 0,
        "slat_ns" : {
          "min" : 10,
          "max" : 22933,
          "mean" : 28.473502,
          "stddev" : 59.057543,
          "N" : 1791626
        },
        "clat_ns" : {
          "min" : 1583,
          "max" : 104866,
          "mean" : 2197.831910,
          "stddev" : 1183.655093,
          "N" : 1791626,
          "percentile" : {
            "1.000000" : 1832,
            "5.000000" : 1880,
            "10.000000" : 1896,
            "20.000000" : 1928,
            "30.000000" : 1960,
            "40.000000" : 1976,
            "50.000000" : 1992,
            "60.000000" : 2008,
            "70.000000" : 2040,
            "80.000000" : 2096,
            "90.000000" : 2288,
            "95.000000" : 3344,
            "99.000000" : 6624,
            "99.500000" : 10304,
            "99.900000" : 16768,
            "99.950000" : 19840,
            "99.990000" : 28288
          }
        },
        "lat_ns" : {
          "min" : 1612,
          "max" : 104896,
          "mean" : 2226.305411,
          "stddev" : 1186.030862,
          "N" : 1791626
        },
        "bw_min" : 384992,
        "bw_max" : 791584,
        "bw_agg" : 99.524024,
        "bw_mean" : 713168.000000,
        "bw_dev" : 129551.595981,
        "bw_samples" : 19,
        "iops_min" : 96248,
        "iops_max" : 197896,
        "iops_mean" : 178292.105263,
        "iops_stddev" : 32387.889777,
        "iops_samples" : 19
      },
      "write" : {
        "io_bytes" : 7330226176,
        "io_kbytes" : 7158424,
        "bw_bytes" : 732949322,
        "bw" : 715770,
        "iops" : 178942.705729,
        "runtime" : 10001,
        "total_ios" : 1789606,
        "short_ios" : 0,
        "drop_ios" : 0,
        "slat_ns" : {
          "min" : 29,
          "max" : 22773,
          "mean" : 43.003247,
          "stddev" : 68.433301,
          "N" : 1789606
        },
        "clat_ns" : {
          "min" : 2044,
          "max" : 95338,
          "mean" : 2795.752314,
          "stddev" : 1132.637973,
          "N" : 1789606,
          "percentile" : {
            "1.000000" : 2224,
            "5.000000" : 2288,
            "10.000000" : 2288,
            "20.000000" : 2320,
            "30.000000" : 2352,
            "40.000000" : 2384,
            "50.000000" : 2384,
            "60.000000" : 2416,
            "70.000000" : 2480,
            "80.000000" : 2640,
            "90.000000" : 4576,
            "95.000000" : 4896,
            "99.000000" : 5920,
            "99.500000" : 7584,
            "99.900000" : 13504,
            "99.950000" : 15296,
            "99.990000" : 23680
          }
        },
        "lat_ns" : {
          "min" : 2084,
          "max" : 95378,
          "mean" : 2838.755561,
          "stddev" : 1137.172536,
          "N" : 1789606
        },
        "bw_min" : 385680,
        "bw_max" : 796592,
        "bw_agg" : 99.553513,
        "bw_mean" : 712575.578947,
        "bw_dev" : 129487.766313,
        "bw_samples" : 19,
        "iops_min" : 96420,
        "iops_max" : 199148,
        "iops_mean" : 178143.894737,
        "iops_stddev" : 32371.941578,
        "iops_samples" : 19
      },
      "trim" : {
        "io_bytes" : 0,
        "io_kbytes" : 0,
        "bw_bytes" : 0,
        "bw" : 0,
        "iops" : 0.000000,
        "runtime" : 0,
        "total_ios" : 0,
        "short_ios" : 0,
        "drop_ios" : 0,
        "slat_ns" : {
          "min" : 0,
          "max" : 0,
          "mean" : 0.000000,
          "stddev" : 0.000000,
          "N" : 0
        },
        "clat_ns" : {
          "min" : 0,
          "max" : 0,
          "mean" : 0.000000,
          "stddev" : 0.000000,
          "N" : 0
        },
        "lat_ns" : {
          "min" : 0,
          "max" : 0,
          "mean" : 0.000000,
          "stddev" : 0.000000,
          "N" : 0
        },
        "bw_min" : 0,
        "bw_max" : 0,
        "bw_agg" : 0.000000,
        "bw_mean" : 0.000000,
        "bw_dev" : 0.000000,
        "bw_samples" : 0,
        "iops_min" : 0,
        "iops_max" : 0,
        "iops_mean" : 0.000000,
        "iops_stddev" : 0.000000,
        "iops_samples" : 0
      },
      "sync" : {
        "total_ios" : 0,
        "lat_ns" : {
          "min" : 0,
          "max" : 0,
          "mean" : 0.000000,
          "stddev" : 0.000000,
          "N" : 0
        }
      },
      "job_runtime" : 10000,
      "usr_cpu" : 27.700000,
      "sys_cpu" : 72.280000,
      "ctx" : 91,
      "majf" : 0,
      "minf" : 15,
      "iodepth_level" : {
        "1" : 100.000000,
        "2" : 0.000000,
        "4" : 0.000000,
        "8" : 0.000000,
        "16" : 0.000000,
        "32" : 0.000000,
        ">=64" : 0.000000
      },
      "iodepth_submit" : {
        "0" : 0.000000,
        "4" : 100.000000,
        "8" : 0.000000,
        "16" : 0.000000,
        "32" : 0.000000,
        "64" : 0.000000,
        ">=64" : 0.000000
      },
      "iodepth_complete" : {
        "0" : 0.000000,
        "4" : 100.000000,
        "8" : 0.000000,
        "16" : 0.000000,
        "32" : 0.000000,
        "64" : 0.000000,
        ">=64" : 0.000000
      },
      "latency_ns" : {
        "2" : 0.000000,
        "4" : 0.000000,
        "10" : 0.000000,
        "20" : 0.000000,
        "50" : 0.000000,
        "100" : 0.000000,
        "250" : 0.000000,
        "500" : 0.000000,
        "750" : 0.000000,
        "1000" : 0.000000
      },
      "latency_us" : {
        "2" : 26.158568,
        "4" : 65.449516,
        "10" : 7.979796,
        "20" : 0.378306,
        "50" : 0.030129,
        "100" : 0.010000,
        "250" : 0.010000,
        "500" : 0.000000,
        "750" : 0.000000,
        "1000" : 0.000000
      },
      "latency_ms" : {
        "2" : 0.000000,
        "4" : 0.000000,
        "10" : 0.000000,
        "20" : 0.000000,
        "50" : 0.000000,
        "100" : 0.000000,
        "250" : 0.000000,
        "500" : 0.000000,
        "750" : 0.000000,
        "1000" : 0.000000,
        "2000" : 0.000000,
        ">=2000" : 0.000000
      },
      "latency_depth" : 1,
      "latency_target" : 0,
      "latency_percentile" : 100.000000,
      "latency_window" : 0
    }
  ],
  "disk_util" : [
    {
      "name" : "sdb",
      "read_ios" : 0,
      "write_ios" : 101,
      "read_sectors" : 0,
      "write_sectors" : 33048,
      "read_merges" : 0,
      "write_merges" : 1020,
      "read_ticks" : 0,
      "write_ticks" : 221,
      "in_queue" : 225,
      "util" : 0.120108
    }
  ]
}
