{
  "fio version" : "fio-3.40",
  "timestamp" : 1754607461,
  "timestamp_ms" : 1754607461235,
  "time" : "Thu Aug  7 22:57:41 2025",
  "global options" : {
    "ioengine" : "librawstor",
    "filename" : "019886c0-fad3-792d-8839-373d4223dbf2"
  },
  "jobs" : [
    {
      "jobname" : "rawstor",
      "groupid" : 0,
      "job_start" : 1754607451088,
      "error" : 0,
      "eta" : 0,
      "elapsed" : 11,
      "job options" : {
        "name" : "rawstor",
        "iodepth" : "1",
        "rw" : "randrw",
        "bs" : "4k",
        "size" : "1G",
        "numjobs" : "1",
        "runtime" : "10",
        "time_based" : "",
        "group_reporting" : ""
      },
      "read" : {
        "io_bytes" : 5603852288,
        "io_kbytes" : 5472512,
        "bw_bytes" : 560329195,
        "bw" : 547196,
        "iops" : 136799.120088,
        "runtime" : 10001,
        "total_ios" : 1368128,
        "short_ios" : 0,
        "drop_ios" : 0,
        "slat_ns" : {
          "min" : 20,
          "max" : 22261,
          "mean" : 31.019694,
          "stddev" : 61.166181,
          "N" : 1368128
        },
        "clat_ns" : {
          "min" : 2214,
          "max" : 124693,
          "mean" : 2971.382139,
          "stddev" : 1449.978137,
          "N" : 1368128,
          "percentile" : {
            "1.000000" : 2480,
            "5.000000" : 2544,
            "10.000000" : 2576,
            "20.000000" : 2608,
            "30.000000" : 2640,
            "40.000000" : 2672,
            "50.000000" : 2672,
            "60.000000" : 2704,
            "70.000000" : 2736,
            "80.000000" : 2800,
            "90.000000" : 3056,
            "95.000000" : 4384,
            "99.000000" : 9024,
            "99.500000" : 13376,
            "99.900000" : 19840,
            "99.950000" : 23424,
            "99.990000" : 34560
          }
        },
        "lat_ns" : {
          "min" : 2244,
          "max" : 124753,
          "mean" : 3002.401833,
          "stddev" : 1452.444568,
          "N" : 1368128
        },
        "bw_min" : 313472,
        "bw_max" : 612192,
        "bw_agg" : 99.430282,
        "bw_mean" : 544079.578947,
        "bw_dev" : 98135.842231,
        "bw_samples" : 19,
        "iops_min" : 78368,
        "iops_max" : 153048,
        "iops_mean" : 136019.789474,
        "iops_stddev" : 24533.888842,
        "iops_samples" : 19
      },
      "write" : {
        "io_bytes" : 5597450240,
        "io_kbytes" : 5466260,
        "bw_bytes" : 559689055,
        "bw" : 546571,
        "iops" : 136642.835716,
        "runtime" : 10001,
        "total_ios" : 1366565,
        "short_ios" : 0,
        "drop_ios" : 0,
        "slat_ns" : {
          "min" : 29,
          "max" : 15920,
          "mean" : 44.647514,
          "stddev" : 67.926978,
          "N" : 1366565
        },
        "clat_ns" : {
          "min" : 2676,
          "max" : 98233,
          "mean" : 3723.259295,
          "stddev" : 1430.009565,
          "N" : 1366565,
          "percentile" : {
            "1.000000" : 2896,
            "5.000000" : 2960,
            "10.000000" : 2992,
            "20.000000" : 3056,
            "30.000000" : 3088,
            "40.000000" : 3120,
            "50.000000" : 3152,
            "60.000000" : 3184,
            "70.000000" : 3280,
            "80.000000" : 4512,
            "90.000000" : 5792,
            "95.000000" : 6112,
            "99.000000" : 7840,
            "99.500000" : 9664,
            "99.900000" : 16512,
            "99.950000" : 18816,
            "99.990000" : 27520
          }
        },
        "lat_ns" : {
          "min" : 2716,
          "max" : 98283,
          "mean" : 3767.906809,
          "stddev" : 1433.625761,
          "N" : 1366565
        },
        "bw_min" : 313160,
        "bw_max" : 614760,
        "bw_agg" : 99.438071,
        "bw_mean" : 543500.631579,
        "bw_dev" : 97964.134655,
        "bw_samples" : 19,
        "iops_min" : 78290,
        "iops_max" : 153690,
        "iops_mean" : 135875.157895,
        "iops_stddev" : 24491.033664,
        "iops_samples" : 19
      },
      "trim" : {
        "io_bytes" : 0,
        "io_kbytes" : 0,
        "bw_bytes" : 0,
        "bw" : 0,
        "iops" : 0.000000,
        "runtime" : 0,
        "total_ios" : 0,
        "short_ios" : 0,
        "drop_ios" : 0,
        "slat_ns" : {
          "min" : 0,
          "max" : 0,
          "mean" : 0.000000,
          "stddev" : 0.000000,
          "N" : 0
        },
        "clat_ns" : {
          "min" : 0,
          "max" : 0,
          "mean" : 0.000000,
          "stddev" : 0.000000,
          "N" : 0
        },
        "lat_ns" : {
          "min" : 0,
          "max" : 0,
          "mean" : 0.000000,
          "stddev" : 0.000000,
          "N" : 0
        },
        "bw_min" : 0,
        "bw_max" : 0,
        "bw_agg" : 0.000000,
        "bw_mean" : 0.000000,
        "bw_dev" : 0.000000,
        "bw_samples" : 0,
        "iops_min" : 0,
        "iops_max" : 0,
        "iops_mean" : 0.000000,
        "iops_stddev" : 0.000000,
        "iops_samples" : 0
      },
      "sync" : {
        "total_ios" : 0,
        "lat_ns" : {
          "min" : 0,
          "max" : 0,
          "mean" : 0.000000,
          "stddev" : 0.000000,
          "N" : 0
        }
      },
      "job_runtime" : 10000,
      "usr_cpu" : 41.070000,
      "sys_cpu" : 58.910000,
      "ctx" : 78,
      "majf" : 0,
      "minf" : 26,
      "iodepth_level" : {
        "1" : 100.000000,
        "2" : 0.000000,
        "4" : 0.000000,
        "8" : 0.000000,
        "16" : 0.000000,
        "32" : 0.000000,
        ">=64" : 0.000000
      },
      "iodepth_submit" : {
        "0" : 0.000000,
        "4" : 100.000000,
        "8" : 0.000000,
        "16" : 0.000000,
        "32" : 0.000000,
        "64" : 0.000000,
        ">=64" : 0.000000
      },
      "iodepth_complete" : {
        "0" : 0.000000,
        "4" : 100.000000,
        "8" : 0.000000,
        "16" : 0.000000,
        "32" : 0.000000,
        "64" : 0.000000,
        ">=64" : 0.000000
      },
      "latency_ns" : {
        "2" : 0.000000,
        "4" : 0.000000,
        "10" : 0.000000,
        "20" : 0.000000,
        "50" : 0.000000,
        "100" : 0.000000,
        "250" : 0.000000,
        "500" : 0.000000,
        "750" : 0.000000,
        "1000" : 0.000000
      },
      "latency_us" : {
        "2" : 0.000000,
        "4" : 86.026183,
        "10" : 13.322190,
        "20" : 0.586464,
        "50" : 0.060007,
        "100" : 0.010000,
        "250" : 0.010000,
        "500" : 0.000000,
        "750" : 0.000000,
        "1000" : 0.000000
      },
      "latency_ms" : {
        "2" : 0.000000,
        "4" : 0.000000,
        "10" : 0.000000,
        "20" : 0.000000,
        "50" : 0.000000,
        "100" : 0.000000,
        "250" : 0.000000,
        "500" : 0.000000,
        "750" : 0.000000,
        "1000" : 0.000000,
        "2000" : 0.000000,
        ">=2000" : 0.000000
      },
      "latency_depth" : 1,
      "latency_target" : 0,
      "latency_percentile" : 100.000000,
      "latency_window" : 0
    }
  ],
  "disk_util" : [
    {
      "name" : "sdb",
      "read_ios" : 0,
      "write_ios" : 200,
      "read_sectors" : 0,
      "write_sectors" : 31392,
      "read_merges" : 0,
      "write_merges" : 814,
      "read_ticks" : 0,
      "write_ticks" : 206,
      "in_queue" : 206,
      "util" : 0.100090
    }
  ]
}
