{
  "fio version" : "fio-3.40",
  "timestamp" : 1760820147,
  "timestamp_ms" : 1760820147637,
  "time" : "Sat Oct 18 20:42:27 2025",
  "global options" : {
    "ioengine" : "librawstor",
    "filename" : "ost://127.0.0.1:8080/01988675-e1e5-7788-9ed4-2f2d30910d23"
  },
  "jobs" : [
    {
      "jobname" : "rawstor",
      "groupid" : 0,
      "job_start" : 1760820137496,
      "error" : 0,
      "eta" : 0,
      "elapsed" : 11,
      "job options" : {
        "name" : "rawstor",
        "iodepth" : "1",
        "rw" : "randrw",
        "bs" : "4k",
        "size" : "1G",
        "numjobs" : "1",
        "runtime" : "10",
        "time_based" : "",
        "group_reporting" : ""
      },
      "read" : {
        "io_bytes" : 221077504,
        "io_kbytes" : 215896,
        "bw_bytes" : 22105539,
        "bw" : 21587,
        "iops" : 5396.860314,
        "runtime" : 10001,
        "total_ios" : 53974,
        "short_ios" : 0,
        "drop_ios" : 0,
        "slat_ns" : {
          "min" : 40,
          "max" : 17703,
          "mean" : 176.705580,
          "stddev" : 272.436892,
          "N" : 53974
        },
        "clat_ns" : {
          "min" : 41438,
          "max" : 25875033,
          "mean" : 78935.907159,
          "stddev" : 268854.529628,
          "N" : 53974,
          "percentile" : {
            "1.000000" : 54528,
            "5.000000" : 60160,
            "10.000000" : 63744,
            "20.000000" : 68096,
            "30.000000" : 71168,
            "40.000000" : 73216,
            "50.000000" : 75264,
            "60.000000" : 77312,
            "70.000000" : 79360,
            "80.000000" : 82432,
            "90.000000" : 88576,
            "95.000000" : 94720,
            "99.000000" : 108032,
            "99.500000" : 115200,
            "99.900000" : 138240,
            "99.950000" : 171008,
            "99.990000" : 22675456
          }
        },
        "lat_ns" : {
          "min" : 41568,
          "max" : 25875123,
          "mean" : 79112.612739,
          "stddev" : 268854.727802,
          "N" : 53974
        },
        "bw_min" : 19968,
        "bw_max" : 24128,
        "bw_agg" : 100.000000,
        "bw_mean" : 21589.600000,
        "bw_dev" : 1191.959307,
        "bw_samples" : 20,
        "iops_min" : 4992,
        "iops_max" : 6032,
        "iops_mean" : 5397.400000,
        "iops_stddev" : 297.989827,
        "iops_samples" : 20
      },
      "write" : {
        "io_bytes" : 220262400,
        "io_kbytes" : 215100,
        "bw_bytes" : 22024037,
        "bw" : 21507,
        "iops" : 5376.962304,
        "runtime" : 10001,
        "total_ios" : 53775,
        "short_ios" : 0,
        "drop_ios" : 0,
        "slat_ns" : {
          "min" : 80,
          "max" : 39093,
          "mean" : 251.159944,
          "stddev" : 283.694678,
          "N" : 53775
        },
        "clat_ns" : {
          "min" : 56454,
          "max" : 5728512,
          "mean" : 102747.799554,
          "stddev" : 33609.824573,
          "N" : 53775,
          "percentile" : {
            "1.000000" : 78336,
            "5.000000" : 85504,
            "10.000000" : 88576,
            "20.000000" : 93696,
            "30.000000" : 96768,
            "40.000000" : 99840,
            "50.000000" : 101888,
            "60.000000" : 103936,
            "70.000000" : 107008,
            "80.000000" : 110080,
            "90.000000" : 116224,
            "95.000000" : 122368,
            "99.000000" : 136192,
            "99.500000" : 144384,
            "99.900000" : 175104,
            "99.950000" : 189440,
            "99.990000" : 716800
          }
        },
        "lat_ns" : {
          "min" : 56675,
          "max" : 5728712,
          "mean" : 102998.959498,
          "stddev" : 33615.622145,
          "N" : 53775
        },
        "bw_min" : 19728,
        "bw_max" : 24432,
        "bw_agg" : 100.000000,
        "bw_mean" : 21510.000000,
        "bw_dev" : 1279.352139,
        "bw_samples" : 20,
        "iops_min" : 4932,
        "iops_max" : 6108,
        "iops_mean" : 5377.500000,
        "iops_stddev" : 319.838035,
        "iops_samples" : 20
      },
      "trim" : {
        "io_bytes" : 0,
        "io_kbytes" : 0,
        "bw_bytes" : 0,
        "bw" : 0,
        "iops" : 0.000000,
        "runtime" : 0,
        "total_ios" : 0,
        "short_ios" : 0,
        "drop_ios" : 0,
        "slat_ns" : {
          "min" : 0,
          "max" : 0,
          "mean" : 0.000000,
          "stddev" : 0.000000,
          "N" : 0
        },
        "clat_ns" : {
          "min" : 0,
          "max" : 0,
          "mean" : 0.000000,
          "stddev" : 0.000000,
          "N" : 0
        },
        "lat_ns" : {
          "min" : 0,
          "max" : 0,
          "mean" : 0.000000,
          "stddev" : 0.000000,
          "N" : 0
        },
        "bw_min" : 0,
        "bw_max" : 0,
        "bw_agg" : 0.000000,
        "bw_mean" : 0.000000,
        "bw_dev" : 0.000000,
        "bw_samples" : 0,
        "iops_min" : 0,
        "iops_max" : 0,
        "iops_mean" : 0.000000,
        "iops_stddev" : 0.000000,
        "iops_samples" : 0
      },
      "sync" : {
        "total_ios" : 0,
        "lat_ns" : {
          "min" : 0,
          "max" : 0,
          "mean" : 0.000000,
          "stddev" : 0.000000,
          "N" : 0
        }
      },
      "job_runtime" : 10000,
      "usr_cpu" : 7.340000,
      "sys_cpu" : 34.050000,
      "ctx" : 108211,
      "majf" : 0,
      "minf" : 43,
      "iodepth_level" : {
        "1" : 100.000000,
        "2" : 0.000000,
        "4" : 0.000000,
        "8" : 0.000000,
        "16" : 0.000000,
        "32" : 0.000000,
        ">=64" : 0.000000
      },
      "iodepth_submit" : {
        "0" : 0.000000,
        "4" : 100.000000,
        "8" : 0.000000,
        "16" : 0.000000,
        "32" : 0.000000,
        "64" : 0.000000,
        ">=64" : 0.000000
      },
      "iodepth_complete" : {
        "0" : 0.000000,
        "4" : 100.000000,
        "8" : 0.000000,
        "16" : 0.000000,
        "32" : 0.000000,
        "64" : 0.000000,
        ">=64" : 0.000000
      },
      "latency_ns" : {
        "2" : 0.000000,
        "4" : 0.000000,
        "10" : 0.000000,
        "20" : 0.000000,
        "50" : 0.000000,
        "100" : 0.000000,
        "250" : 0.000000,
        "500" : 0.000000,
        "750" : 0.000000,
        "1000" : 0.000000
      },
      "latency_us" : {
        "2" : 0.000000,
        "4" : 0.000000,
        "10" : 0.000000,
        "20" : 0.000000,
        "50" : 0.105801,
        "100" : 69.865150,
        "250" : 30.006775,
        "500" : 0.010000,
        "750" : 0.010000,
        "1000" : 0.000000
      },
      "latency_ms" : {
        "2" : 0.010000,
        "4" : 0.010000,
        "10" : 0.010000,
        "20" : 0.010000,
        "50" : 0.010000,
        "100" : 0.000000,
        "250" : 0.000000,
        "500" : 0.000000,
        "750" : 0.000000,
        "1000" : 0.000000,
        "2000" : 0.000000,
        ">=2000" : 0.000000
      },
      "latency_depth" : 1,
      "latency_target" : 0,
      "latency_percentile" : 100.000000,
      "latency_window" : 0
    }
  ],
  "disk_util" : [
    {
      "name" : "sda",
      "read_ios" : 0,
      "write_ios" : 303,
      "read_sectors" : 0,
      "write_sectors" : 41720,
      "read_merges" : 0,
      "write_merges" : 1412,
      "read_ticks" : 0,
      "write_ticks" : 197,
      "in_queue" : 201,
      "util" : 0.190266
    }
  ]
}
