{
  "fio version" : "fio-3.40",
  "timestamp" : 1768164606,
  "timestamp_ms" : 1768164606314,
  "time" : "Sun Jan 11 20:50:06 2026",
  "global options" : {
    "ioengine" : "librawstor",
    "filename" : "ost://127.0.0.1:8080/01988675-e1e5-7788-9ed4-2f2d30910d23"
  },
  "jobs" : [
    {
      "jobname" : "rawstor",
      "groupid" : 0,
      "job_start" : 1768164596168,
      "error" : 0,
      "eta" : 0,
      "elapsed" : 11,
      "job options" : {
        "name" : "rawstor",
        "iodepth" : "2",
        "rw" : "randrw",
        "bs" : "4k",
        "size" : "1G",
        "numjobs" : "1",
        "runtime" : "10",
        "time_based" : "",
        "group_reporting" : ""
      },
      "read" : {
        "io_bytes" : 399716352,
        "io_kbytes" : 390348,
        "bw_bytes" : 39967638,
        "bw" : 39030,
        "iops" : 9757.724228,
        "runtime" : 10001,
        "total_ios" : 97587,
        "short_ios" : 0,
        "drop_ios" : 0,
        "slat_ns" : {
          "min" : 0,
          "max" : 0,
          "mean" : 0.000000,
          "stddev" : 0.000000,
          "N" : 97587
        },
        "clat_ns" : {
          "min" : 106214405,
          "max" : 10105418831,
          "mean" : 5023927092.236204,
          "stddev" : 2915268484.263600,
          "N" : 97587,
          "percentile" : {
            "1.000000" : 204472320,
            "5.000000" : 574619648,
            "10.000000" : 1019215872,
            "20.000000" : 1954545664,
            "30.000000" : 3003121664,
            "40.000000" : 3976200192,
            "50.000000" : 4999610368,
            "60.000000" : 6006243328,
            "70.000000" : 7012876288,
            "80.000000" : 8086618112,
            "90.000000" : 9059696640,
            "95.000000" : 9596567552,
            "99.000000" : 9999220736,
            "99.500000" : 9999220736,
            "99.900000" : 10133438464,
            "99.950000" : 10133438464,
            "99.990000" : 10133438464
          }
        },
        "lat_ns" : {
          "min" : 30177,
          "max" : 38739988,
          "mean" : 88275.137211,
          "stddev" : 334722.985612,
          "N" : 97587
        },
        "bw_min" : 36200,
        "bw_max" : 43592,
        "bw_agg" : 100.000000,
        "bw_mean" : 39034.800000,
        "bw_dev" : 2255.804807,
        "bw_samples" : 20,
        "iops_min" : 9050,
        "iops_max" : 10898,
        "iops_mean" : 9758.700000,
        "iops_stddev" : 563.951202,
        "iops_samples" : 20
      },
      "write" : {
        "io_bytes" : 398823424,
        "io_kbytes" : 389476,
        "bw_bytes" : 39878354,
        "bw" : 38943,
        "iops" : 9735.926407,
        "runtime" : 10001,
        "total_ios" : 97369,
        "short_ios" : 0,
        "drop_ios" : 0,
        "slat_ns" : {
          "min" : 0,
          "max" : 0,
          "mean" : 0.000000,
          "stddev" : 0.000000,
          "N" : 97369
        },
        "clat_ns" : {
          "min" : 106504977,
          "max" : 10105348359,
          "mean" : 5030794628.874572,
          "stddev" : 2923153155.910963,
          "N" : 97369,
          "percentile" : {
            "1.000000" : 200278016,
            "5.000000" : 566231040,
            "10.000000" : 1019215872,
            "20.000000" : 1954545664,
            "30.000000" : 2969567232,
            "40.000000" : 3976200192,
            "50.000000" : 4999610368,
            "60.000000" : 6006243328,
            "70.000000" : 7079985152,
            "80.000000" : 8086618112,
            "90.000000" : 9059696640,
            "95.000000" : 9596567552,
            "99.000000" : 9999220736,
            "99.500000" : 9999220736,
            "99.900000" : 10133438464,
            "99.950000" : 10133438464,
            "99.990000" : 10133438464
          }
        },
        "lat_ns" : {
          "min" : 37159,
          "max" : 38693681,
          "mean" : 113857.037938,
          "stddev" : 349126.368877,
          "N" : 97369
        },
        "bw_min" : 36528,
        "bw_max" : 43312,
        "bw_agg" : 100.000000,
        "bw_mean" : 38947.600000,
        "bw_dev" : 2168.493981,
        "bw_samples" : 20,
        "iops_min" : 9132,
        "iops_max" : 10828,
        "iops_mean" : 9736.900000,
        "iops_stddev" : 542.123495,
        "iops_samples" : 20
      },
      "trim" : {
        "io_bytes" : 0,
        "io_kbytes" : 0,
        "bw_bytes" : 0,
        "bw" : 0,
        "iops" : 0.000000,
        "runtime" : 0,
        "total_ios" : 0,
        "short_ios" : 0,
        "drop_ios" : 0,
        "slat_ns" : {
          "min" : 0,
          "max" : 0,
          "mean" : 0.000000,
          "stddev" : 0.000000,
          "N" : 0
        },
        "clat_ns" : {
          "min" : 0,
          "max" : 0,
          "mean" : 0.000000,
          "stddev" : 0.000000,
          "N" : 0
        },
        "lat_ns" : {
          "min" : 0,
          "max" : 0,
          "mean" : 0.000000,
          "stddev" : 0.000000,
          "N" : 0
        },
        "bw_min" : 0,
        "bw_max" : 0,
        "bw_agg" : 0.000000,
        "bw_mean" : 0.000000,
        "bw_dev" : 0.000000,
        "bw_samples" : 0,
        "iops_min" : 0,
        "iops_max" : 0,
        "iops_mean" : 0.000000,
        "iops_stddev" : 0.000000,
        "iops_samples" : 0
      },
      "sync" : {
        "total_ios" : 0,
        "lat_ns" : {
          "min" : 0,
          "max" : 0,
          "mean" : 0.000000,
          "stddev" : 0.000000,
          "N" : 0
        }
      },
      "job_runtime" : 10000,
      "usr_cpu" : 13.810000,
      "sys_cpu" : 47.490000,
      "ctx" : 128199,
      "majf" : 0,
      "minf" : 45,
      "iodepth_level" : {
        "1" : 0.100000,
        "2" : 99.999487,
        "4" : 0.000000,
        "8" : 0.000000,
        "16" : 0.000000,
        "32" : 0.000000,
        ">=64" : 0.000000
      },
      "iodepth_submit" : {
        "0" : 0.000000,
        "4" : 100.000000,
        "8" : 0.000000,
        "16" : 0.000000,
        "32" : 0.000000,
        "64" : 0.000000,
        ">=64" : 0.000000
      },
      "iodepth_complete" : {
        "0" : 0.000000,
        "4" : 100.000000,
        "8" : 0.000000,
        "16" : 0.000000,
        "32" : 0.000000,
        "64" : 0.000000,
        ">=64" : 0.000000
      },
      "latency_ns" : {
        "2" : 0.000000,
        "4" : 0.000000,
        "10" : 0.000000,
        "20" : 0.000000,
        "50" : 0.000000,
        "100" : 0.000000,
        "250" : 0.000000,
        "500" : 0.000000,
        "750" : 0.000000,
        "1000" : 0.000000
      },
      "latency_us" : {
        "2" : 0.000000,
        "4" : 0.000000,
        "10" : 0.000000,
        "20" : 0.000000,
        "50" : 0.000000,
        "100" : 0.000000,
        "250" : 0.000000,
        "500" : 0.000000,
        "750" : 0.000000,
        "1000" : 0.000000
      },
      "latency_ms" : {
        "2" : 0.000000,
        "4" : 0.000000,
        "10" : 0.000000,
        "20" : 0.000000,
        "50" : 0.000000,
        "100" : 0.000000,
        "250" : 1.502390,
        "500" : 2.721640,
        "750" : 2.807813,
        "1000" : 2.733950,
        "2000" : 10.720368,
        ">=2000" : 79.513839
      },
      "latency_depth" : 2,
      "latency_target" : 0,
      "latency_percentile" : 100.000000,
      "latency_window" : 0
    }
  ],
  "disk_util" : [
    {
      "name" : "sdb",
      "read_ios" : 0,
      "write_ios" : 235,
      "read_sectors" : 0,
      "write_sectors" : 43432,
      "read_merges" : 0,
      "write_merges" : 1124,
      "read_ticks" : 0,
      "write_ticks" : 345,
      "in_queue" : 350,
      "util" : 0.220198
    }
  ]
}
