{
  "fio version" : "fio-3.40",
  "timestamp" : 1767362940,
  "timestamp_ms" : 1767362940290,
  "time" : "Fri Jan  2 14:09:00 2026",
  "global options" : {
    "ioengine" : "librawstor",
    "filename" : "file:///tmp/objects/019b7f0a-24e1-7292-83b6-eeb3e38643fa"
  },
  "jobs" : [
    {
      "jobname" : "rawstor",
      "groupid" : 0,
      "job_start" : 1767362930144,
      "error" : 0,
      "eta" : 0,
      "elapsed" : 11,
      "job options" : {
        "name" : "rawstor",
        "iodepth" : "2",
        "rw" : "randrw",
        "bs" : "4k",
        "size" : "1G",
        "numjobs" : "1",
        "runtime" : "10",
        "time_based" : "",
        "group_reporting" : ""
      },
      "read" : {
        "io_bytes" : 7680233472,
        "io_kbytes" : 7500228,
        "bw_bytes" : 767946552,
        "bw" : 749947,
        "iops" : 187486.951305,
        "runtime" : 10001,
        "total_ios" : 1875057,
        "short_ios" : 0,
        "drop_ios" : 0,
        "slat_ns" : {
          "min" : 0,
          "max" : 0,
          "mean" : 0.000000,
          "stddev" : 0.000000,
          "N" : 1875057
        },
        "clat_ns" : {
          "min" : 104985413,
          "max" : 10104778754,
          "mean" : 5541309136.062121,
          "stddev" : 2717702563.200058,
          "N" : 1875057,
          "percentile" : {
            "1.000000" : 283115520,
            "5.000000" : 1061158912,
            "10.000000" : 1736441856,
            "20.000000" : 2835349504,
            "30.000000" : 3808428032,
            "40.000000" : 4731174912,
            "50.000000" : 5603590144,
            "60.000000" : 6543114240,
            "70.000000" : 7415529472,
            "80.000000" : 8287944704,
            "90.000000" : 9193914368,
            "95.000000" : 9596567552,
            "99.000000" : 9999220736,
            "99.500000" : 9999220736,
            "99.900000" : 10133438464,
            "99.950000" : 10133438464,
            "99.990000" : 10133438464
          }
        },
        "lat_ns" : {
          "min" : 2174,
          "max" : 203559,
          "mean" : 4662.773866,
          "stddev" : 2348.682465,
          "N" : 1875057
        },
        "bw_min" : 374392,
        "bw_max" : 844152,
        "bw_agg" : 100.000000,
        "bw_mean" : 750022.800000,
        "bw_dev" : 145225.008866,
        "bw_samples" : 20,
        "iops_min" : 93598,
        "iops_max" : 211038,
        "iops_mean" : 187505.700000,
        "iops_stddev" : 36306.252217,
        "iops_samples" : 20
      },
      "write" : {
        "io_bytes" : 7672156160,
        "io_kbytes" : 7492340,
        "bw_bytes" : 767138902,
        "bw" : 749159,
        "iops" : 187289.771023,
        "runtime" : 10001,
        "total_ios" : 1873085,
        "short_ios" : 0,
        "drop_ios" : 0,
        "slat_ns" : {
          "min" : 0,
          "max" : 0,
          "mean" : 0.000000,
          "stddev" : 0.000000,
          "N" : 1873085
        },
        "clat_ns" : {
          "min" : 105031318,
          "max" : 10104779635,
          "mean" : 5541367534.572524,
          "stddev" : 2717523347.752004,
          "N" : 1873085,
          "percentile" : {
            "1.000000" : 283115520,
            "5.000000" : 1061158912,
            "10.000000" : 1736441856,
            "20.000000" : 2835349504,
            "30.000000" : 3808428032,
            "40.000000" : 4731174912,
            "50.000000" : 5603590144,
            "60.000000" : 6543114240,
            "70.000000" : 7415529472,
            "80.000000" : 8355053568,
            "90.000000" : 9193914368,
            "95.000000" : 9596567552,
            "99.000000" : 9999220736,
            "99.500000" : 9999220736,
            "99.900000" : 10133438464,
            "99.950000" : 10133438464,
            "99.990000" : 10133438464
          }
        },
        "lat_ns" : {
          "min" : 2675,
          "max" : 121286,
          "mean" : 5505.170486,
          "stddev" : 2541.770762,
          "N" : 1873085
        },
        "bw_min" : 374448,
        "bw_max" : 845752,
        "bw_agg" : 100.000000,
        "bw_mean" : 749234.000000,
        "bw_dev" : 145059.036249,
        "bw_samples" : 20,
        "iops_min" : 93612,
        "iops_max" : 211438,
        "iops_mean" : 187308.400000,
        "iops_stddev" : 36264.710894,
        "iops_samples" : 20
      },
      "trim" : {
        "io_bytes" : 0,
        "io_kbytes" : 0,
        "bw_bytes" : 0,
        "bw" : 0,
        "iops" : 0.000000,
        "runtime" : 0,
        "total_ios" : 0,
        "short_ios" : 0,
        "drop_ios" : 0,
        "slat_ns" : {
          "min" : 0,
          "max" : 0,
          "mean" : 0.000000,
          "stddev" : 0.000000,
          "N" : 0
        },
        "clat_ns" : {
          "min" : 0,
          "max" : 0,
          "mean" : 0.000000,
          "stddev" : 0.000000,
          "N" : 0
        },
        "lat_ns" : {
          "min" : 0,
          "max" : 0,
          "mean" : 0.000000,
          "stddev" : 0.000000,
          "N" : 0
        },
        "bw_min" : 0,
        "bw_max" : 0,
        "bw_agg" : 0.000000,
        "bw_mean" : 0.000000,
        "bw_dev" : 0.000000,
        "bw_samples" : 0,
        "iops_min" : 0,
        "iops_max" : 0,
        "iops_mean" : 0.000000,
        "iops_stddev" : 0.000000,
        "iops_samples" : 0
      },
      "sync" : {
        "total_ios" : 0,
        "lat_ns" : {
          "min" : 0,
          "max" : 0,
          "mean" : 0.000000,
          "stddev" : 0.000000,
          "N" : 0
        }
      },
      "job_runtime" : 10000,
      "usr_cpu" : 30.910000,
      "sys_cpu" : 69.070000,
      "ctx" : 69,
      "majf" : 0,
      "minf" : 38,
      "iodepth_level" : {
        "1" : 0.100000,
        "2" : 99.999973,
        "4" : 0.000000,
        "8" : 0.000000,
        "16" : 0.000000,
        "32" : 0.000000,
        ">=64" : 0.000000
      },
      "iodepth_submit" : {
        "0" : 0.000000,
        "4" : 100.000000,
        "8" : 0.000000,
        "16" : 0.000000,
        "32" : 0.000000,
        "64" : 0.000000,
        ">=64" : 0.000000
      },
      "iodepth_complete" : {
        "0" : 0.000000,
        "4" : 100.000000,
        "8" : 0.000000,
        "16" : 0.000000,
        "32" : 0.000000,
        "64" : 0.000000,
        ">=64" : 0.000000
      },
      "latency_ns" : {
        "2" : 0.000000,
        "4" : 0.000000,
        "10" : 0.000000,
        "20" : 0.000000,
        "50" : 0.000000,
        "100" : 0.000000,
        "250" : 0.000000,
        "500" : 0.000000,
        "750" : 0.000000,
        "1000" : 0.000000
      },
      "latency_us" : {
        "2" : 0.000000,
        "4" : 0.000000,
        "10" : 0.000000,
        "20" : 0.000000,
        "50" : 0.000000,
        "100" : 0.000000,
        "250" : 0.000000,
        "500" : 0.000000,
        "750" : 0.000000,
        "1000" : 0.000000
      },
      "latency_ms" : {
        "2" : 0.000000,
        "4" : 0.000000,
        "10" : 0.000000,
        "20" : 0.000000,
        "50" : 0.000000,
        "100" : 0.000000,
        "250" : 0.821634,
        "500" : 1.369212,
        "750" : 1.241308,
        "1000" : 1.250433,
        "2000" : 7.572499,
        ">=2000" : 87.744915
      },
      "latency_depth" : 2,
      "latency_target" : 0,
      "latency_percentile" : 100.000000,
      "latency_window" : 0
    }
  ],
  "disk_util" : [
    {
      "name" : "sdb",
      "read_ios" : 0,
      "write_ios" : 21,
      "read_sectors" : 0,
      "write_sectors" : 12768,
      "read_merges" : 0,
      "write_merges" : 275,
      "read_ticks" : 0,
      "write_ticks" : 64,
      "in_queue" : 65,
      "util" : 0.030030
    }
  ]
}
