{
  "fio version" : "fio-3.40",
  "timestamp" : 1767084310,
  "timestamp_ms" : 1767084310473,
  "time" : "Tue Dec 30 08:45:10 2025",
  "global options" : {
    "ioengine" : "librawstor",
    "filename" : "ost://127.0.0.1:8080/01988675-e1e5-7788-9ed4-2f2d30910d23"
  },
  "jobs" : [
    {
      "jobname" : "rawstor",
      "groupid" : 0,
      "job_start" : 1767084300327,
      "error" : 0,
      "eta" : 0,
      "elapsed" : 11,
      "job options" : {
        "name" : "rawstor",
        "iodepth" : "2",
        "rw" : "randrw",
        "bs" : "4k",
        "size" : "1G",
        "numjobs" : "1",
        "runtime" : "10",
        "time_based" : "",
        "group_reporting" : ""
      },
      "read" : {
        "io_bytes" : 415379456,
        "io_kbytes" : 405644,
        "bw_bytes" : 41533792,
        "bw" : 40560,
        "iops" : 10140.085991,
        "runtime" : 10001,
        "total_ios" : 101411,
        "short_ios" : 0,
        "drop_ios" : 0,
        "slat_ns" : {
          "min" : 0,
          "max" : 0,
          "mean" : 0.000000,
          "stddev" : 0.000000,
          "N" : 101411
        },
        "clat_ns" : {
          "min" : 106145809,
          "max" : 10105316055,
          "mean" : 5075789520.319237,
          "stddev" : 2894838657.498912,
          "N" : 101411,
          "percentile" : {
            "1.000000" : 219152384,
            "5.000000" : 583008256,
            "10.000000" : 1044381696,
            "20.000000" : 2088763392,
            "30.000000" : 3070230528,
            "40.000000" : 4043309056,
            "50.000000" : 5066719232,
            "60.000000" : 6073352192,
            "70.000000" : 7079985152,
            "80.000000" : 8086618112,
            "90.000000" : 9059696640,
            "95.000000" : 9596567552,
            "99.000000" : 9999220736,
            "99.500000" : 9999220736,
            "99.900000" : 10133438464,
            "99.950000" : 10133438464,
            "99.990000" : 10133438464
          }
        },
        "lat_ns" : {
          "min" : 30647,
          "max" : 36513729,
          "mean" : 85597.672363,
          "stddev" : 343877.587626,
          "N" : 101411
        },
        "bw_min" : 37176,
        "bw_max" : 44656,
        "bw_agg" : 100.000000,
        "bw_mean" : 40669.368421,
        "bw_dev" : 2161.741279,
        "bw_samples" : 19,
        "iops_min" : 9294,
        "iops_max" : 11164,
        "iops_mean" : 10167.315789,
        "iops_stddev" : 540.437071,
        "iops_samples" : 19
      },
      "write" : {
        "io_bytes" : 414658560,
        "io_kbytes" : 404940,
        "bw_bytes" : 41461709,
        "bw" : 40489,
        "iops" : 10122.487751,
        "runtime" : 10001,
        "total_ios" : 101235,
        "short_ios" : 0,
        "drop_ios" : 0,
        "slat_ns" : {
          "min" : 0,
          "max" : 0,
          "mean" : 0.000000,
          "stddev" : 0.000000,
          "N" : 101235
        },
        "clat_ns" : {
          "min" : 106372715,
          "max" : 10105137913,
          "mean" : 5084355530.905221,
          "stddev" : 2902264014.836821,
          "N" : 101235,
          "percentile" : {
            "1.000000" : 212860928,
            "5.000000" : 574619648,
            "10.000000" : 1044381696,
            "20.000000" : 2055208960,
            "30.000000" : 3070230528,
            "40.000000" : 4076863488,
            "50.000000" : 5066719232,
            "60.000000" : 6140461056,
            "70.000000" : 7079985152,
            "80.000000" : 8086618112,
            "90.000000" : 9059696640,
            "95.000000" : 9596567552,
            "99.000000" : 9999220736,
            "99.500000" : 9999220736,
            "99.900000" : 10133438464,
            "99.950000" : 10133438464,
            "99.990000" : 10133438464
          }
        },
        "lat_ns" : {
          "min" : 42039,
          "max" : 36571505,
          "mean" : 108936.292112,
          "stddev" : 299763.372919,
          "N" : 101235
        },
        "bw_min" : 37360,
        "bw_max" : 43304,
        "bw_agg" : 100.000000,
        "bw_mean" : 40594.105263,
        "bw_dev" : 1895.707136,
        "bw_samples" : 19,
        "iops_min" : 9340,
        "iops_max" : 10826,
        "iops_mean" : 10148.526316,
        "iops_stddev" : 473.926784,
        "iops_samples" : 19
      },
      "trim" : {
        "io_bytes" : 0,
        "io_kbytes" : 0,
        "bw_bytes" : 0,
        "bw" : 0,
        "iops" : 0.000000,
        "runtime" : 0,
        "total_ios" : 0,
        "short_ios" : 0,
        "drop_ios" : 0,
        "slat_ns" : {
          "min" : 0,
          "max" : 0,
          "mean" : 0.000000,
          "stddev" : 0.000000,
          "N" : 0
        },
        "clat_ns" : {
          "min" : 0,
          "max" : 0,
          "mean" : 0.000000,
          "stddev" : 0.000000,
          "N" : 0
        },
        "lat_ns" : {
          "min" : 0,
          "max" : 0,
          "mean" : 0.000000,
          "stddev" : 0.000000,
          "N" : 0
        },
        "bw_min" : 0,
        "bw_max" : 0,
        "bw_agg" : 0.000000,
        "bw_mean" : 0.000000,
        "bw_dev" : 0.000000,
        "bw_samples" : 0,
        "iops_min" : 0,
        "iops_max" : 0,
        "iops_mean" : 0.000000,
        "iops_stddev" : 0.000000,
        "iops_samples" : 0
      },
      "sync" : {
        "total_ios" : 0,
        "lat_ns" : {
          "min" : 0,
          "max" : 0,
          "mean" : 0.000000,
          "stddev" : 0.000000,
          "N" : 0
        }
      },
      "job_runtime" : 10000,
      "usr_cpu" : 13.540000,
      "sys_cpu" : 46.740000,
      "ctx" : 132817,
      "majf" : 0,
      "minf" : 42,
      "iodepth_level" : {
        "1" : 0.100000,
        "2" : 99.999507,
        "4" : 0.000000,
        "8" : 0.000000,
        "16" : 0.000000,
        "32" : 0.000000,
        ">=64" : 0.000000
      },
      "iodepth_submit" : {
        "0" : 0.000000,
        "4" : 100.000000,
        "8" : 0.000000,
        "16" : 0.000000,
        "32" : 0.000000,
        "64" : 0.000000,
        ">=64" : 0.000000
      },
      "iodepth_complete" : {
        "0" : 0.000000,
        "4" : 100.000000,
        "8" : 0.000000,
        "16" : 0.000000,
        "32" : 0.000000,
        "64" : 0.000000,
        ">=64" : 0.000000
      },
      "latency_ns" : {
        "2" : 0.000000,
        "4" : 0.000000,
        "10" : 0.000000,
        "20" : 0.000000,
        "50" : 0.000000,
        "100" : 0.000000,
        "250" : 0.000000,
        "500" : 0.000000,
        "750" : 0.000000,
        "1000" : 0.000000
      },
      "latency_us" : {
        "2" : 0.000000,
        "4" : 0.000000,
        "10" : 0.000000,
        "20" : 0.000000,
        "50" : 0.000000,
        "100" : 0.000000,
        "250" : 0.000000,
        "500" : 0.000000,
        "750" : 0.000000,
        "1000" : 0.000000
      },
      "latency_ms" : {
        "2" : 0.000000,
        "4" : 0.000000,
        "10" : 0.000000,
        "20" : 0.000000,
        "50" : 0.000000,
        "100" : 0.000000,
        "250" : 1.368396,
        "500" : 2.719521,
        "750" : 2.866082,
        "1000" : 2.616879,
        "2000" : 9.812678,
        ">=2000" : 80.616444
      },
      "latency_depth" : 2,
      "latency_target" : 0,
      "latency_percentile" : 100.000000,
      "latency_window" : 0
    }
  ],
  "disk_util" : [
    {
      "name" : "sdb",
      "read_ios" : 1,
      "write_ios" : 160,
      "read_sectors" : 8,
      "write_sectors" : 39400,
      "read_merges" : 0,
      "write_merges" : 1033,
      "read_ticks" : 1,
      "write_ticks" : 252,
      "in_queue" : 259,
      "util" : 0.160160
    }
  ]
}
