{
  "fio version" : "fio-3.40",
  "timestamp" : 1759674711,
  "timestamp_ms" : 1759674711633,
  "time" : "Sun Oct  5 14:31:51 2025",
  "global options" : {
    "ioengine" : "librawstor",
    "filename" : "01988675-e1e5-7788-9ed4-2f2d30910d23"
  },
  "jobs" : [
    {
      "jobname" : "rawstor",
      "groupid" : 0,
      "job_start" : 1759674701487,
      "error" : 0,
      "eta" : 0,
      "elapsed" : 11,
      "job options" : {
        "name" : "rawstor",
        "iodepth" : "1",
        "rw" : "randrw",
        "bs" : "4k",
        "size" : "1G",
        "numjobs" : "1",
        "runtime" : "10",
        "time_based" : "",
        "group_reporting" : ""
      },
      "read" : {
        "io_bytes" : 243732480,
        "io_kbytes" : 238020,
        "bw_bytes" : 24370810,
        "bw" : 23799,
        "iops" : 5949.905009,
        "runtime" : 10001,
        "total_ios" : 59505,
        "short_ios" : 0,
        "drop_ios" : 0,
        "slat_ns" : {
          "min" : 50,
          "max" : 19265,
          "mean" : 162.030367,
          "stddev" : 153.442434,
          "N" : 59505
        },
        "clat_ns" : {
          "min" : 40014,
          "max" : 28703014,
          "mean" : 71123.258819,
          "stddev" : 230146.200696,
          "N" : 59505,
          "percentile" : {
            "1.000000" : 51968,
            "5.000000" : 55552,
            "10.000000" : 57600,
            "20.000000" : 61184,
            "30.000000" : 63232,
            "40.000000" : 65280,
            "50.000000" : 67072,
            "60.000000" : 69120,
            "70.000000" : 72192,
            "80.000000" : 75264,
            "90.000000" : 81408,
            "95.000000" : 87552,
            "99.000000" : 101888,
            "99.500000" : 110080,
            "99.900000" : 136192,
            "99.950000" : 158720,
            "99.990000" : 9764864
          }
        },
        "lat_ns" : {
          "min" : 40165,
          "max" : 28703205,
          "mean" : 71285.289186,
          "stddev" : 230146.803692,
          "N" : 59505
        },
        "bw_min" : 22480,
        "bw_max" : 26360,
        "bw_agg" : 100.000000,
        "bw_mean" : 23823.157895,
        "bw_dev" : 1012.177919,
        "bw_samples" : 19,
        "iops_min" : 5620,
        "iops_max" : 6590,
        "iops_mean" : 5955.789474,
        "iops_stddev" : 253.044480,
        "iops_samples" : 19
      },
      "write" : {
        "io_bytes" : 243089408,
        "io_kbytes" : 237392,
        "bw_bytes" : 24306510,
        "bw" : 23736,
        "iops" : 5934.206579,
        "runtime" : 10001,
        "total_ios" : 59348,
        "short_ios" : 0,
        "drop_ios" : 0,
        "slat_ns" : {
          "min" : 71,
          "max" : 21110,
          "mean" : 237.144706,
          "stddev" : 252.201481,
          "N" : 59348
        },
        "clat_ns" : {
          "min" : 55423,
          "max" : 18043072,
          "mean" : 93615.123627,
          "stddev" : 111069.406729,
          "N" : 59348,
          "percentile" : {
            "1.000000" : 74240,
            "5.000000" : 78336,
            "10.000000" : 81408,
            "20.000000" : 84480,
            "30.000000" : 87552,
            "40.000000" : 89600,
            "50.000000" : 91648,
            "60.000000" : 93696,
            "70.000000" : 95744,
            "80.000000" : 98816,
            "90.000000" : 104960,
            "95.000000" : 111104,
            "99.000000" : 125440,
            "99.500000" : 134144,
            "99.900000" : 160768,
            "99.950000" : 189440,
            "99.990000" : 2244608
          }
        },
        "lat_ns" : {
          "min" : 55684,
          "max" : 18043192,
          "mean" : 93852.268333,
          "stddev" : 111071.052330,
          "N" : 59348
        },
        "bw_min" : 22008,
        "bw_max" : 25800,
        "bw_agg" : 99.908049,
        "bw_mean" : 23715.789474,
        "bw_dev" : 965.334690,
        "bw_samples" : 19,
        "iops_min" : 5502,
        "iops_max" : 6450,
        "iops_mean" : 5928.947368,
        "iops_stddev" : 241.333673,
        "iops_samples" : 19
      },
      "trim" : {
        "io_bytes" : 0,
        "io_kbytes" : 0,
        "bw_bytes" : 0,
        "bw" : 0,
        "iops" : 0.000000,
        "runtime" : 0,
        "total_ios" : 0,
        "short_ios" : 0,
        "drop_ios" : 0,
        "slat_ns" : {
          "min" : 0,
          "max" : 0,
          "mean" : 0.000000,
          "stddev" : 0.000000,
          "N" : 0
        },
        "clat_ns" : {
          "min" : 0,
          "max" : 0,
          "mean" : 0.000000,
          "stddev" : 0.000000,
          "N" : 0
        },
        "lat_ns" : {
          "min" : 0,
          "max" : 0,
          "mean" : 0.000000,
          "stddev" : 0.000000,
          "N" : 0
        },
        "bw_min" : 0,
        "bw_max" : 0,
        "bw_agg" : 0.000000,
        "bw_mean" : 0.000000,
        "bw_dev" : 0.000000,
        "bw_samples" : 0,
        "iops_min" : 0,
        "iops_max" : 0,
        "iops_mean" : 0.000000,
        "iops_stddev" : 0.000000,
        "iops_samples" : 0
      },
      "sync" : {
        "total_ios" : 0,
        "lat_ns" : {
          "min" : 0,
          "max" : 0,
          "mean" : 0.000000,
          "stddev" : 0.000000,
          "N" : 0
        }
      },
      "job_runtime" : 10000,
      "usr_cpu" : 7.710000,
      "sys_cpu" : 32.890000,
      "ctx" : 118958,
      "majf" : 0,
      "minf" : 294,
      "iodepth_level" : {
        "1" : 100.000000,
        "2" : 0.000000,
        "4" : 0.000000,
        "8" : 0.000000,
        "16" : 0.000000,
        "32" : 0.000000,
        ">=64" : 0.000000
      },
      "iodepth_submit" : {
        "0" : 0.000000,
        "4" : 100.000000,
        "8" : 0.000000,
        "16" : 0.000000,
        "32" : 0.000000,
        "64" : 0.000000,
        ">=64" : 0.000000
      },
      "iodepth_complete" : {
        "0" : 0.000000,
        "4" : 100.000000,
        "8" : 0.000000,
        "16" : 0.000000,
        "32" : 0.000000,
        "64" : 0.000000,
        ">=64" : 0.000000
      },
      "latency_ns" : {
        "2" : 0.000000,
        "4" : 0.000000,
        "10" : 0.000000,
        "20" : 0.000000,
        "50" : 0.000000,
        "100" : 0.000000,
        "250" : 0.000000,
        "500" : 0.000000,
        "750" : 0.000000,
        "1000" : 0.000000
      },
      "latency_us" : {
        "2" : 0.000000,
        "4" : 0.000000,
        "10" : 0.000000,
        "20" : 0.000000,
        "50" : 0.148082,
        "100" : 90.043163,
        "250" : 9.781831,
        "500" : 0.015145,
        "750" : 0.000000,
        "1000" : 0.000000
      },
      "latency_ms" : {
        "2" : 0.010000,
        "4" : 0.010000,
        "10" : 0.010000,
        "20" : 0.010000,
        "50" : 0.010000,
        "100" : 0.000000,
        "250" : 0.000000,
        "500" : 0.000000,
        "750" : 0.000000,
        "1000" : 0.000000,
        "2000" : 0.000000,
        ">=2000" : 0.000000
      },
      "latency_depth" : 1,
      "latency_target" : 0,
      "latency_percentile" : 100.000000,
      "latency_window" : 0
    }
  ],
  "disk_util" : [
    {
      "name" : "sdb",
      "read_ios" : 0,
      "write_ios" : 89,
      "read_sectors" : 0,
      "write_sectors" : 39600,
      "read_merges" : 0,
      "write_merges" : 1096,
      "read_ticks" : 0,
      "write_ticks" : 646,
      "in_queue" : 654,
      "util" : 0.190171
    }
  ]
}
