{
  "fio version" : "fio-3.40",
  "timestamp" : 1757019771,
  "timestamp_ms" : 1757019771906,
  "time" : "Thu Sep  4 21:02:51 2025",
  "global options" : {
    "ioengine" : "librawstor",
    "filename" : "01991689-eb64-7a29-b573-32e1f200135e"
  },
  "jobs" : [
    {
      "jobname" : "rawstor",
      "groupid" : 0,
      "job_start" : 1757019761766,
      "error" : 0,
      "eta" : 0,
      "elapsed" : 11,
      "job options" : {
        "name" : "rawstor",
        "iodepth" : "1",
        "rw" : "randrw",
        "bs" : "4k",
        "size" : "1G",
        "numjobs" : "1",
        "runtime" : "10",
        "time_based" : "",
        "group_reporting" : ""
      },
      "read" : {
        "io_bytes" : 1331126272,
        "io_kbytes" : 1299928,
        "bw_bytes" : 133099317,
        "bw" : 129979,
        "iops" : 32494.950505,
        "runtime" : 10001,
        "total_ios" : 324982,
        "short_ios" : 0,
        "drop_ios" : 0,
        "slat_ns" : {
          "min" : 20,
          "max" : 15780,
          "mean" : 44.332646,
          "stddev" : 87.825704,
          "N" : 324982
        },
        "clat_ns" : {
          "min" : 1252,
          "max" : 144620,
          "mean" : 2993.542292,
          "stddev" : 2785.317258,
          "N" : 324982,
          "percentile" : {
            "1.000000" : 1464,
            "5.000000" : 1560,
            "10.000000" : 1592,
            "20.000000" : 1656,
            "30.000000" : 1752,
            "40.000000" : 1960,
            "50.000000" : 2064,
            "60.000000" : 2256,
            "70.000000" : 2960,
            "80.000000" : 3888,
            "90.000000" : 5088,
            "95.000000" : 7136,
            "99.000000" : 14400,
            "99.500000" : 18304,
            "99.900000" : 25984,
            "99.950000" : 30848,
            "99.990000" : 82432
          }
        },
        "lat_ns" : {
          "min" : 1272,
          "max" : 144660,
          "mean" : 3037.874938,
          "stddev" : 2791.898087,
          "N" : 324982
        },
        "bw_min" : 106592,
        "bw_max" : 150600,
        "bw_agg" : 99.567008,
        "bw_mean" : 129417.263158,
        "bw_dev" : 11584.096459,
        "bw_samples" : 19,
        "iops_min" : 26648,
        "iops_max" : 37650,
        "iops_mean" : 32354.421053,
        "iops_stddev" : 2895.928604,
        "iops_samples" : 19
      },
      "write" : {
        "io_bytes" : 1329561600,
        "io_kbytes" : 1298400,
        "bw_bytes" : 132942865,
        "bw" : 129827,
        "iops" : 32456.754325,
        "runtime" : 10001,
        "total_ios" : 324600,
        "short_ios" : 0,
        "drop_ios" : 0,
        "slat_ns" : {
          "min" : 29,
          "max" : 16241,
          "mean" : 83.142027,
          "stddev" : 117.640317,
          "N" : 324600
        },
        "clat_ns" : {
          "min" : 6402,
          "max" : 547599,
          "mean" : 26837.410459,
          "stddev" : 4481.455565,
          "N" : 324600,
          "percentile" : {
            "1.000000" : 20864,
            "5.000000" : 21888,
            "10.000000" : 22656,
            "20.000000" : 23680,
            "30.000000" : 24448,
            "40.000000" : 25472,
            "50.000000" : 25984,
            "60.000000" : 26752,
            "70.000000" : 27520,
            "80.000000" : 29824,
            "90.000000" : 33024,
            "95.000000" : 34048,
            "99.000000" : 40192,
            "99.500000" : 44288,
            "99.900000" : 50944,
            "99.950000" : 53504,
            "99.990000" : 89600
          }
        },
        "lat_ns" : {
          "min" : 6512,
          "max" : 547749,
          "mean" : 26920.552486,
          "stddev" : 4499.168025,
          "N" : 324600
        },
        "bw_min" : 106640,
        "bw_max" : 146912,
        "bw_agg" : 99.640278,
        "bw_mean" : 129360.421053,
        "bw_dev" : 11368.079591,
        "bw_samples" : 19,
        "iops_min" : 26660,
        "iops_max" : 36728,
        "iops_mean" : 32340.105263,
        "iops_stddev" : 2842.019898,
        "iops_samples" : 19
      },
      "trim" : {
        "io_bytes" : 0,
        "io_kbytes" : 0,
        "bw_bytes" : 0,
        "bw" : 0,
        "iops" : 0.000000,
        "runtime" : 0,
        "total_ios" : 0,
        "short_ios" : 0,
        "drop_ios" : 0,
        "slat_ns" : {
          "min" : 0,
          "max" : 0,
          "mean" : 0.000000,
          "stddev" : 0.000000,
          "N" : 0
        },
        "clat_ns" : {
          "min" : 0,
          "max" : 0,
          "mean" : 0.000000,
          "stddev" : 0.000000,
          "N" : 0
        },
        "lat_ns" : {
          "min" : 0,
          "max" : 0,
          "mean" : 0.000000,
          "stddev" : 0.000000,
          "N" : 0
        },
        "bw_min" : 0,
        "bw_max" : 0,
        "bw_agg" : 0.000000,
        "bw_mean" : 0.000000,
        "bw_dev" : 0.000000,
        "bw_samples" : 0,
        "iops_min" : 0,
        "iops_max" : 0,
        "iops_mean" : 0.000000,
        "iops_stddev" : 0.000000,
        "iops_samples" : 0
      },
      "sync" : {
        "total_ios" : 0,
        "lat_ns" : {
          "min" : 0,
          "max" : 0,
          "mean" : 0.000000,
          "stddev" : 0.000000,
          "N" : 0
        }
      },
      "job_runtime" : 10000,
      "usr_cpu" : 8.000000,
      "sys_cpu" : 39.590000,
      "ctx" : 324211,
      "majf" : 0,
      "minf" : 16,
      "iodepth_level" : {
        "1" : 100.000000,
        "2" : 0.000000,
        "4" : 0.000000,
        "8" : 0.000000,
        "16" : 0.000000,
        "32" : 0.000000,
        ">=64" : 0.000000
      },
      "iodepth_submit" : {
        "0" : 0.000000,
        "4" : 100.000000,
        "8" : 0.000000,
        "16" : 0.000000,
        "32" : 0.000000,
        "64" : 0.000000,
        ">=64" : 0.000000
      },
      "iodepth_complete" : {
        "0" : 0.000000,
        "4" : 100.000000,
        "8" : 0.000000,
        "16" : 0.000000,
        "32" : 0.000000,
        "64" : 0.000000,
        ">=64" : 0.000000
      },
      "latency_ns" : {
        "2" : 0.000000,
        "4" : 0.000000,
        "10" : 0.000000,
        "20" : 0.000000,
        "50" : 0.000000,
        "100" : 0.000000,
        "250" : 0.000000,
        "500" : 0.000000,
        "750" : 0.000000,
        "1000" : 0.000000
      },
      "latency_us" : {
        "2" : 21.752758,
        "4" : 18.754214,
        "10" : 8.368305,
        "20" : 1.284518,
        "50" : 49.760923,
        "100" : 0.074048,
        "250" : 0.010000,
        "500" : 0.010000,
        "750" : 0.010000,
        "1000" : 0.000000
      },
      "latency_ms" : {
        "2" : 0.000000,
        "4" : 0.000000,
        "10" : 0.000000,
        "20" : 0.000000,
        "50" : 0.000000,
        "100" : 0.000000,
        "250" : 0.000000,
        "500" : 0.000000,
        "750" : 0.000000,
        "1000" : 0.000000,
        "2000" : 0.000000,
        ">=2000" : 0.000000
      },
      "latency_depth" : 1,
      "latency_target" : 0,
      "latency_percentile" : 100.000000,
      "latency_window" : 0
    }
  ],
  "disk_util" : [
    {
      "name" : "sda",
      "read_ios" : 0,
      "write_ios" : 185,
      "read_sectors" : 0,
      "write_sectors" : 123352,
      "read_merges" : 0,
      "write_merges" : 228,
      "read_ticks" : 0,
      "write_ticks" : 708,
      "in_queue" : 708,
      "util" : 0.110154
    }
  ]
}
