{
  "fio version" : "fio-3.40",
  "timestamp" : 1767084288,
  "timestamp_ms" : 1767084288251,
  "time" : "Tue Dec 30 08:44:48 2025",
  "global options" : {
    "ioengine" : "librawstor",
    "filename" : "file:///tmp/objects/019b6e6e-4055-7a8d-ba62-823a46b3e430"
  },
  "jobs" : [
    {
      "jobname" : "rawstor",
      "groupid" : 0,
      "job_start" : 1767084278105,
      "error" : 0,
      "eta" : 0,
      "elapsed" : 11,
      "job options" : {
        "name" : "rawstor",
        "iodepth" : "2",
        "rw" : "randrw",
        "bs" : "4k",
        "size" : "1G",
        "numjobs" : "1",
        "runtime" : "10",
        "time_based" : "",
        "group_reporting" : ""
      },
      "read" : {
        "io_bytes" : 2764533760,
        "io_kbytes" : 2699740,
        "bw_bytes" : 276425733,
        "bw" : 269947,
        "iops" : 67486.751325,
        "runtime" : 10001,
        "total_ios" : 674935,
        "short_ios" : 0,
        "drop_ios" : 0,
        "slat_ns" : {
          "min" : 0,
          "max" : 0,
          "mean" : 0.000000,
          "stddev" : 0.000000,
          "N" : 674935
        },
        "clat_ns" : {
          "min" : 105196052,
          "max" : 10104949913,
          "mean" : 5356109378.201583,
          "stddev" : 2791681532.797489,
          "N" : 674935,
          "percentile" : {
            "1.000000" : 238026752,
            "5.000000" : 742391808,
            "10.000000" : 1384120320,
            "20.000000" : 2600468480,
            "30.000000" : 3539992576,
            "40.000000" : 4462739456,
            "50.000000" : 5402263552,
            "60.000000" : 6341787648,
            "70.000000" : 7348420608,
            "80.000000" : 8220835840,
            "90.000000" : 9193914368,
            "95.000000" : 9596567552,
            "99.000000" : 9999220736,
            "99.500000" : 9999220736,
            "99.900000" : 10133438464,
            "99.950000" : 10133438464,
            "99.990000" : 10133438464
          }
        },
        "lat_ns" : {
          "min" : 1423,
          "max" : 147334,
          "mean" : 5559.473137,
          "stddev" : 4051.501883,
          "N" : 674935
        },
        "bw_min" : 205272,
        "bw_max" : 308576,
        "bw_agg" : 100.000000,
        "bw_mean" : 269974.000000,
        "bw_dev" : 33264.452732,
        "bw_samples" : 20,
        "iops_min" : 51318,
        "iops_max" : 77144,
        "iops_mean" : 67493.500000,
        "iops_stddev" : 8316.113183,
        "iops_samples" : 20
      },
      "write" : {
        "io_bytes" : 2761490432,
        "io_kbytes" : 2696768,
        "bw_bytes" : 276121431,
        "bw" : 269649,
        "iops" : 67412.458754,
        "runtime" : 10001,
        "total_ios" : 674192,
        "short_ios" : 0,
        "drop_ios" : 0,
        "slat_ns" : {
          "min" : 0,
          "max" : 0,
          "mean" : 0.000000,
          "stddev" : 0.000000,
          "N" : 674192
        },
        "clat_ns" : {
          "min" : 105296780,
          "max" : 10104949351,
          "mean" : 5355781835.690075,
          "stddev" : 2791687658.653677,
          "N" : 674192,
          "percentile" : {
            "1.000000" : 238026752,
            "5.000000" : 734003200,
            "10.000000" : 1384120320,
            "20.000000" : 2600468480,
            "30.000000" : 3539992576,
            "40.000000" : 4462739456,
            "50.000000" : 5402263552,
            "60.000000" : 6341787648,
            "70.000000" : 7348420608,
            "80.000000" : 8220835840,
            "90.000000" : 9193914368,
            "95.000000" : 9596567552,
            "99.000000" : 9999220736,
            "99.500000" : 9999220736,
            "99.900000" : 10133438464,
            "99.950000" : 10133438464,
            "99.990000" : 10133438464
          }
        },
        "lat_ns" : {
          "min" : 3417,
          "max" : 704181,
          "mean" : 23135.394183,
          "stddev" : 7011.042478,
          "N" : 674192
        },
        "bw_min" : 207008,
        "bw_max" : 309976,
        "bw_agg" : 100.000000,
        "bw_mean" : 269676.800000,
        "bw_dev" : 33183.410683,
        "bw_samples" : 20,
        "iops_min" : 51752,
        "iops_max" : 77494,
        "iops_mean" : 67419.200000,
        "iops_stddev" : 8295.852671,
        "iops_samples" : 20
      },
      "trim" : {
        "io_bytes" : 0,
        "io_kbytes" : 0,
        "bw_bytes" : 0,
        "bw" : 0,
        "iops" : 0.000000,
        "runtime" : 0,
        "total_ios" : 0,
        "short_ios" : 0,
        "drop_ios" : 0,
        "slat_ns" : {
          "min" : 0,
          "max" : 0,
          "mean" : 0.000000,
          "stddev" : 0.000000,
          "N" : 0
        },
        "clat_ns" : {
          "min" : 0,
          "max" : 0,
          "mean" : 0.000000,
          "stddev" : 0.000000,
          "N" : 0
        },
        "lat_ns" : {
          "min" : 0,
          "max" : 0,
          "mean" : 0.000000,
          "stddev" : 0.000000,
          "N" : 0
        },
        "bw_min" : 0,
        "bw_max" : 0,
        "bw_agg" : 0.000000,
        "bw_mean" : 0.000000,
        "bw_dev" : 0.000000,
        "bw_samples" : 0,
        "iops_min" : 0,
        "iops_max" : 0,
        "iops_mean" : 0.000000,
        "iops_stddev" : 0.000000,
        "iops_samples" : 0
      },
      "sync" : {
        "total_ios" : 0,
        "lat_ns" : {
          "min" : 0,
          "max" : 0,
          "mean" : 0.000000,
          "stddev" : 0.000000,
          "N" : 0
        }
      },
      "job_runtime" : 10000,
      "usr_cpu" : 18.760000,
      "sys_cpu" : 49.700000,
      "ctx" : 277150,
      "majf" : 0,
      "minf" : 24,
      "iodepth_level" : {
        "1" : 0.100000,
        "2" : 99.999926,
        "4" : 0.000000,
        "8" : 0.000000,
        "16" : 0.000000,
        "32" : 0.000000,
        ">=64" : 0.000000
      },
      "iodepth_submit" : {
        "0" : 0.000000,
        "4" : 100.000000,
        "8" : 0.000000,
        "16" : 0.000000,
        "32" : 0.000000,
        "64" : 0.000000,
        ">=64" : 0.000000
      },
      "iodepth_complete" : {
        "0" : 0.000000,
        "4" : 100.000000,
        "8" : 0.000000,
        "16" : 0.000000,
        "32" : 0.000000,
        "64" : 0.000000,
        ">=64" : 0.000000
      },
      "latency_ns" : {
        "2" : 0.000000,
        "4" : 0.000000,
        "10" : 0.000000,
        "20" : 0.000000,
        "50" : 0.000000,
        "100" : 0.000000,
        "250" : 0.000000,
        "500" : 0.000000,
        "750" : 0.000000,
        "1000" : 0.000000
      },
      "latency_us" : {
        "2" : 0.000000,
        "4" : 0.000000,
        "10" : 0.000000,
        "20" : 0.000000,
        "50" : 0.000000,
        "100" : 0.000000,
        "250" : 0.000000,
        "500" : 0.000000,
        "750" : 0.000000,
        "1000" : 0.000000
      },
      "latency_ms" : {
        "2" : 0.000000,
        "4" : 0.000000,
        "10" : 0.000000,
        "20" : 0.000000,
        "50" : 0.000000,
        "100" : 0.000000,
        "250" : 1.085146,
        "500" : 1.960749,
        "750" : 2.042284,
        "1000" : 1.916424,
        "2000" : 7.731963,
        ">=2000" : 85.263433
      },
      "latency_depth" : 2,
      "latency_target" : 0,
      "latency_percentile" : 100.000000,
      "latency_window" : 0
    }
  ],
  "disk_util" : [
    {
      "name" : "sdb",
      "read_ios" : 0,
      "write_ios" : 40,
      "read_sectors" : 0,
      "write_sectors" : 16752,
      "read_merges" : 0,
      "write_merges" : 272,
      "read_ticks" : 0,
      "write_ticks" : 84,
      "in_queue" : 83,
      "util" : 0.060048
    }
  ]
}
