{
  "fio version" : "fio-3.40",
  "timestamp" : 1758443145,
  "timestamp_ms" : 1758443145411,
  "time" : "Sun Sep 21 08:25:45 2025",
  "global options" : {
    "ioengine" : "librawstor",
    "filename" : "01988675-e1e5-7788-9ed4-2f2d30910d23"
  },
  "jobs" : [
    {
      "jobname" : "rawstor",
      "groupid" : 0,
      "job_start" : 1758443135266,
      "error" : 0,
      "eta" : 0,
      "elapsed" : 11,
      "job options" : {
        "name" : "rawstor",
        "iodepth" : "1",
        "rw" : "randrw",
        "bs" : "4k",
        "size" : "1G",
        "numjobs" : "1",
        "runtime" : "10",
        "time_based" : "",
        "group_reporting" : ""
      },
      "read" : {
        "io_bytes" : 236679168,
        "io_kbytes" : 231132,
        "bw_bytes" : 23665550,
        "bw" : 23110,
        "iops" : 5777.722228,
        "runtime" : 10001,
        "total_ios" : 57783,
        "short_ios" : 0,
        "drop_ios" : 0,
        "slat_ns" : {
          "min" : 40,
          "max" : 16110,
          "mean" : 151.356074,
          "stddev" : 158.261816,
          "N" : 57783
        },
        "clat_ns" : {
          "min" : 44883,
          "max" : 29987682,
          "mean" : 72399.289341,
          "stddev" : 218975.055976,
          "N" : 57783,
          "percentile" : {
            "1.000000" : 52480,
            "5.000000" : 55552,
            "10.000000" : 57600,
            "20.000000" : 60672,
            "30.000000" : 63232,
            "40.000000" : 65280,
            "50.000000" : 67072,
            "60.000000" : 69120,
            "70.000000" : 72192,
            "80.000000" : 75264,
            "90.000000" : 82432,
            "95.000000" : 89600,
            "99.000000" : 114176,
            "99.500000" : 134144,
            "99.900000" : 411648,
            "99.950000" : 946176,
            "99.990000" : 4227072
          }
        },
        "lat_ns" : {
          "min" : 45024,
          "max" : 29987772,
          "mean" : 72550.645415,
          "stddev" : 218975.887511,
          "N" : 57783
        },
        "bw_min" : 21488,
        "bw_max" : 24656,
        "bw_agg" : 100.000000,
        "bw_mean" : 23111.000000,
        "bw_dev" : 862.440967,
        "bw_samples" : 20,
        "iops_min" : 5372,
        "iops_max" : 6164,
        "iops_mean" : 5777.750000,
        "iops_stddev" : 215.610242,
        "iops_samples" : 20
      },
      "write" : {
        "io_bytes" : 235757568,
        "io_kbytes" : 230232,
        "bw_bytes" : 23573399,
        "bw" : 23020,
        "iops" : 5755.224478,
        "runtime" : 10001,
        "total_ios" : 57558,
        "short_ios" : 0,
        "drop_ios" : 0,
        "slat_ns" : {
          "min" : 60,
          "max" : 22462,
          "mean" : 228.501303,
          "stddev" : 192.807330,
          "N" : 57558
        },
        "clat_ns" : {
          "min" : 57728,
          "max" : 28000213,
          "mean" : 97643.247594,
          "stddev" : 221225.307848,
          "N" : 57558,
          "percentile" : {
            "1.000000" : 74240,
            "5.000000" : 78336,
            "10.000000" : 81408,
            "20.000000" : 84480,
            "30.000000" : 86528,
            "40.000000" : 89600,
            "50.000000" : 91648,
            "60.000000" : 93696,
            "70.000000" : 96768,
            "80.000000" : 100864,
            "90.000000" : 108032,
            "95.000000" : 115200,
            "99.000000" : 154624,
            "99.500000" : 199680,
            "99.900000" : 626688,
            "99.950000" : 1499136,
            "99.990000" : 5144576
          }
        },
        "lat_ns" : {
          "min" : 57918,
          "max" : 28000424,
          "mean" : 97871.748897,
          "stddev" : 221226.167795,
          "N" : 57558
        },
        "bw_min" : 21272,
        "bw_max" : 24704,
        "bw_agg" : 99.996102,
        "bw_mean" : 23020.900000,
        "bw_dev" : 808.849078,
        "bw_samples" : 20,
        "iops_min" : 5318,
        "iops_max" : 6176,
        "iops_mean" : 5755.200000,
        "iops_stddev" : 202.223847,
        "iops_samples" : 20
      },
      "trim" : {
        "io_bytes" : 0,
        "io_kbytes" : 0,
        "bw_bytes" : 0,
        "bw" : 0,
        "iops" : 0.000000,
        "runtime" : 0,
        "total_ios" : 0,
        "short_ios" : 0,
        "drop_ios" : 0,
        "slat_ns" : {
          "min" : 0,
          "max" : 0,
          "mean" : 0.000000,
          "stddev" : 0.000000,
          "N" : 0
        },
        "clat_ns" : {
          "min" : 0,
          "max" : 0,
          "mean" : 0.000000,
          "stddev" : 0.000000,
          "N" : 0
        },
        "lat_ns" : {
          "min" : 0,
          "max" : 0,
          "mean" : 0.000000,
          "stddev" : 0.000000,
          "N" : 0
        },
        "bw_min" : 0,
        "bw_max" : 0,
        "bw_agg" : 0.000000,
        "bw_mean" : 0.000000,
        "bw_dev" : 0.000000,
        "bw_samples" : 0,
        "iops_min" : 0,
        "iops_max" : 0,
        "iops_mean" : 0.000000,
        "iops_stddev" : 0.000000,
        "iops_samples" : 0
      },
      "sync" : {
        "total_ios" : 0,
        "lat_ns" : {
          "min" : 0,
          "max" : 0,
          "mean" : 0.000000,
          "stddev" : 0.000000,
          "N" : 0
        }
      },
      "job_runtime" : 10000,
      "usr_cpu" : 7.860000,
      "sys_cpu" : 31.330000,
      "ctx" : 115402,
      "majf" : 0,
      "minf" : 294,
      "iodepth_level" : {
        "1" : 100.000000,
        "2" : 0.000000,
        "4" : 0.000000,
        "8" : 0.000000,
        "16" : 0.000000,
        "32" : 0.000000,
        ">=64" : 0.000000
      },
      "iodepth_submit" : {
        "0" : 0.000000,
        "4" : 100.000000,
        "8" : 0.000000,
        "16" : 0.000000,
        "32" : 0.000000,
        "64" : 0.000000,
        ">=64" : 0.000000
      },
      "iodepth_complete" : {
        "0" : 0.000000,
        "4" : 100.000000,
        "8" : 0.000000,
        "16" : 0.000000,
        "32" : 0.000000,
        "64" : 0.000000,
        ">=64" : 0.000000
      },
      "latency_ns" : {
        "2" : 0.000000,
        "4" : 0.000000,
        "10" : 0.000000,
        "20" : 0.000000,
        "50" : 0.000000,
        "100" : 0.000000,
        "250" : 0.000000,
        "500" : 0.000000,
        "750" : 0.000000,
        "1000" : 0.000000
      },
      "latency_us" : {
        "2" : 0.000000,
        "4" : 0.000000,
        "10" : 0.000000,
        "20" : 0.000000,
        "50" : 0.080630,
        "100" : 88.465507,
        "250" : 11.201568,
        "500" : 0.152591,
        "750" : 0.031212,
        "1000" : 0.011271
      },
      "latency_ms" : {
        "2" : 0.022542,
        "4" : 0.019941,
        "10" : 0.010000,
        "20" : 0.010000,
        "50" : 0.010000,
        "100" : 0.000000,
        "250" : 0.000000,
        "500" : 0.000000,
        "750" : 0.000000,
        "1000" : 0.000000,
        "2000" : 0.000000,
        ">=2000" : 0.000000
      },
      "latency_depth" : 1,
      "latency_target" : 0,
      "latency_percentile" : 100.000000,
      "latency_window" : 0
    }
  ],
  "disk_util" : [
    {
      "name" : "sdb",
      "read_ios" : 0,
      "write_ios" : 123,
      "read_sectors" : 0,
      "write_sectors" : 37024,
      "read_merges" : 0,
      "write_merges" : 1101,
      "read_ticks" : 0,
      "write_ticks" : 241,
      "in_queue" : 248,
      "util" : 0.200180
    }
  ]
}
