{
  "fio version" : "fio-3.40",
  "timestamp" : 1761288220,
  "timestamp_ms" : 1761288220082,
  "time" : "Fri Oct 24 06:43:40 2025",
  "global options" : {
    "ioengine" : "librawstor",
    "filename" : "ost://127.0.0.1:8080/01988675-e1e5-7788-9ed4-2f2d30910d23"
  },
  "jobs" : [
    {
      "jobname" : "rawstor",
      "groupid" : 0,
      "job_start" : 1761288209940,
      "error" : 0,
      "eta" : 0,
      "elapsed" : 11,
      "job options" : {
        "name" : "rawstor",
        "iodepth" : "2",
        "rw" : "randrw",
        "bs" : "4k",
        "size" : "1G",
        "numjobs" : "1",
        "runtime" : "10",
        "time_based" : "",
        "group_reporting" : ""
      },
      "read" : {
        "io_bytes" : 427307008,
        "io_kbytes" : 417292,
        "bw_bytes" : 42726428,
        "bw" : 41725,
        "iops" : 10431.256874,
        "runtime" : 10001,
        "total_ios" : 104323,
        "short_ios" : 0,
        "drop_ios" : 0,
        "slat_ns" : {
          "min" : 0,
          "max" : 0,
          "mean" : 0.000000,
          "stddev" : 0.000000,
          "N" : 104323
        },
        "clat_ns" : {
          "min" : 111842274,
          "max" : 10111081876,
          "mean" : 5078621450.056126,
          "stddev" : 2894965390.219169,
          "N" : 104323,
          "percentile" : {
            "1.000000" : 217055232,
            "5.000000" : 608174080,
            "10.000000" : 1098907648,
            "20.000000" : 2055208960,
            "30.000000" : 3036676096,
            "40.000000" : 4043309056,
            "50.000000" : 5066719232,
            "60.000000" : 6073352192,
            "70.000000" : 7079985152,
            "80.000000" : 8086618112,
            "90.000000" : 9059696640,
            "95.000000" : 9596567552,
            "99.000000" : 9999220736,
            "99.500000" : 9999220736,
            "99.900000" : 10133438464,
            "99.950000" : 10133438464,
            "99.990000" : 10133438464
          }
        },
        "lat_ns" : {
          "min" : 28683,
          "max" : 26008407,
          "mean" : 81430.876643,
          "stddev" : 201921.722760,
          "N" : 104323
        },
        "bw_min" : 38488,
        "bw_max" : 45920,
        "bw_agg" : 99.999934,
        "bw_mean" : 41725.894737,
        "bw_dev" : 1669.861135,
        "bw_samples" : 19,
        "iops_min" : 9622,
        "iops_max" : 11480,
        "iops_mean" : 10431.473684,
        "iops_stddev" : 417.465284,
        "iops_samples" : 19
      },
      "write" : {
        "io_bytes" : 426590208,
        "io_kbytes" : 416592,
        "bw_bytes" : 42654755,
        "bw" : 41655,
        "iops" : 10413.758624,
        "runtime" : 10001,
        "total_ios" : 104148,
        "short_ios" : 0,
        "drop_ios" : 0,
        "slat_ns" : {
          "min" : 0,
          "max" : 0,
          "mean" : 0.000000,
          "stddev" : 0.000000,
          "N" : 104148
        },
        "clat_ns" : {
          "min" : 112011800,
          "max" : 10111190109,
          "mean" : 5086830035.861733,
          "stddev" : 2901566538.645247,
          "N" : 104148,
          "percentile" : {
            "1.000000" : 212860928,
            "5.000000" : 599785472,
            "10.000000" : 1098907648,
            "20.000000" : 2055208960,
            "30.000000" : 3036676096,
            "40.000000" : 4043309056,
            "50.000000" : 5133828096,
            "60.000000" : 6140461056,
            "70.000000" : 7079985152,
            "80.000000" : 8086618112,
            "90.000000" : 9059696640,
            "95.000000" : 9596567552,
            "99.000000" : 9999220736,
            "99.500000" : 9999220736,
            "99.900000" : 10133438464,
            "99.950000" : 10133438464,
            "99.990000" : 10133438464
          }
        },
        "lat_ns" : {
          "min" : 41497,
          "max" : 26084188,
          "mean" : 107653.079896,
          "stddev" : 300039.756439,
          "N" : 104148
        },
        "bw_min" : 39584,
        "bw_max" : 45984,
        "bw_agg" : 100.000000,
        "bw_mean" : 41663.578947,
        "bw_dev" : 1645.172275,
        "bw_samples" : 19,
        "iops_min" : 9896,
        "iops_max" : 11496,
        "iops_mean" : 10415.894737,
        "iops_stddev" : 411.293069,
        "iops_samples" : 19
      },
      "trim" : {
        "io_bytes" : 0,
        "io_kbytes" : 0,
        "bw_bytes" : 0,
        "bw" : 0,
        "iops" : 0.000000,
        "runtime" : 0,
        "total_ios" : 0,
        "short_ios" : 0,
        "drop_ios" : 0,
        "slat_ns" : {
          "min" : 0,
          "max" : 0,
          "mean" : 0.000000,
          "stddev" : 0.000000,
          "N" : 0
        },
        "clat_ns" : {
          "min" : 0,
          "max" : 0,
          "mean" : 0.000000,
          "stddev" : 0.000000,
          "N" : 0
        },
        "lat_ns" : {
          "min" : 0,
          "max" : 0,
          "mean" : 0.000000,
          "stddev" : 0.000000,
          "N" : 0
        },
        "bw_min" : 0,
        "bw_max" : 0,
        "bw_agg" : 0.000000,
        "bw_mean" : 0.000000,
        "bw_dev" : 0.000000,
        "bw_samples" : 0,
        "iops_min" : 0,
        "iops_max" : 0,
        "iops_mean" : 0.000000,
        "iops_stddev" : 0.000000,
        "iops_samples" : 0
      },
      "sync" : {
        "total_ios" : 0,
        "lat_ns" : {
          "min" : 0,
          "max" : 0,
          "mean" : 0.000000,
          "stddev" : 0.000000,
          "N" : 0
        }
      },
      "job_runtime" : 10000,
      "usr_cpu" : 11.150000,
      "sys_cpu" : 49.910000,
      "ctx" : 137760,
      "majf" : 0,
      "minf" : 41,
      "iodepth_level" : {
        "1" : 0.100000,
        "2" : 99.999520,
        "4" : 0.000000,
        "8" : 0.000000,
        "16" : 0.000000,
        "32" : 0.000000,
        ">=64" : 0.000000
      },
      "iodepth_submit" : {
        "0" : 0.000000,
        "4" : 100.000000,
        "8" : 0.000000,
        "16" : 0.000000,
        "32" : 0.000000,
        "64" : 0.000000,
        ">=64" : 0.000000
      },
      "iodepth_complete" : {
        "0" : 0.000000,
        "4" : 100.000000,
        "8" : 0.000000,
        "16" : 0.000000,
        "32" : 0.000000,
        "64" : 0.000000,
        ">=64" : 0.000000
      },
      "latency_ns" : {
        "2" : 0.000000,
        "4" : 0.000000,
        "10" : 0.000000,
        "20" : 0.000000,
        "50" : 0.000000,
        "100" : 0.000000,
        "250" : 0.000000,
        "500" : 0.000000,
        "750" : 0.000000,
        "1000" : 0.000000
      },
      "latency_us" : {
        "2" : 0.000000,
        "4" : 0.000000,
        "10" : 0.000000,
        "20" : 0.000000,
        "50" : 0.000000,
        "100" : 0.000000,
        "250" : 0.000000,
        "500" : 0.000000,
        "750" : 0.000000,
        "1000" : 0.000000
      },
      "latency_ms" : {
        "2" : 0.000000,
        "4" : 0.000000,
        "10" : 0.000000,
        "20" : 0.000000,
        "50" : 0.000000,
        "100" : 0.000000,
        "250" : 1.352226,
        "500" : 2.533686,
        "750" : 2.722201,
        "1000" : 2.736112,
        "2000" : 10.116995,
        ">=2000" : 80.538780
      },
      "latency_depth" : 2,
      "latency_target" : 0,
      "latency_percentile" : 100.000000,
      "latency_window" : 0
    }
  ],
  "disk_util" : [
    {
      "name" : "sda",
      "read_ios" : 1,
      "write_ios" : 216,
      "read_sectors" : 248,
      "write_sectors" : 43512,
      "read_merges" : 0,
      "write_merges" : 1108,
      "read_ticks" : 1,
      "write_ticks" : 232,
      "in_queue" : 237,
      "util" : 0.180270
    }
  ]
}
