{
  "fio version" : "fio-3.40",
  "timestamp" : 1783581751,
  "timestamp_ms" : 1783581751946,
  "time" : "Thu Jul  9 07:22:31 2026",
  "global options" : {
    "ioengine" : "librawstor",
    "filename" : "file:///tmp/objects/019f45c1-69dc-746b-89e2-2419d9ee1425"
  },
  "jobs" : [
    {
      "jobname" : "randread",
      "groupid" : 0,
      "job_start" : 1783581731554,
      "error" : 0,
      "eta" : 0,
      "elapsed" : 21,
      "job options" : {
        "name" : "randread",
        "iodepth" : "2",
        "rw" : "randread",
        "bs" : "4k",
        "size" : "1G",
        "numjobs" : "1",
        "runtime" : "10",
        "time_based" : "",
        "group_reporting" : ""
      },
      "read" : {
        "io_bytes" : 16746405888,
        "io_kbytes" : 16353912,
        "bw_bytes" : 1674473141,
        "bw" : 1635227,
        "iops" : 408806.919308,
        "runtime" : 10001,
        "total_ios" : 4088478,
        "short_ios" : 0,
        "drop_ios" : 0,
        "slat_ns" : {
          "min" : 0,
          "max" : 0,
          "mean" : 0.000000,
          "stddev" : 0.000000,
          "N" : 4088478
        },
        "clat_ns" : {
          "min" : 110568551,
          "max" : 10110373941,
          "mean" : 5285904034.038456,
          "stddev" : 2789764584.408068,
          "N" : 4088478,
          "percentile" : {
            "1.000000" : 278921216,
            "5.000000" : 977272832,
            "10.000000" : 1468006400,
            "20.000000" : 2399141888,
            "30.000000" : 3372220416,
            "40.000000" : 4328521728,
            "50.000000" : 5268045824,
            "60.000000" : 6274678784,
            "70.000000" : 7214202880,
            "80.000000" : 8153726976,
            "90.000000" : 9193914368,
            "95.000000" : 9596567552,
            "99.000000" : 9999220736,
            "99.500000" : 9999220736,
            "99.900000" : 10133438464,
            "99.950000" : 10133438464,
            "99.990000" : 10133438464
          }
        },
        "lat_ns" : {
          "min" : 3636,
          "max" : 164988,
          "mean" : 4646.059776,
          "stddev" : 1552.759430,
          "N" : 4088478
        },
        "bw_min" : 906246,
        "bw_max" : 1740656,
        "bw_agg" : 100.000000,
        "bw_mean" : 1644755.894737,
        "bw_dev" : 193806.146716,
        "bw_samples" : 19,
        "iops_min" : 226561,
        "iops_max" : 435164,
        "iops_mean" : 411188.894737,
        "iops_stddev" : 48451.641396,
        "iops_samples" : 19
      },
      "write" : {
        "io_bytes" : 0,
        "io_kbytes" : 0,
        "bw_bytes" : 0,
        "bw" : 0,
        "iops" : 0.000000,
        "runtime" : 0,
        "total_ios" : 0,
        "short_ios" : 0,
        "drop_ios" : 0,
        "slat_ns" : {
          "min" : 0,
          "max" : 0,
          "mean" : 0.000000,
          "stddev" : 0.000000,
          "N" : 0
        },
        "clat_ns" : {
          "min" : 0,
          "max" : 0,
          "mean" : 0.000000,
          "stddev" : 0.000000,
          "N" : 0
        },
        "lat_ns" : {
          "min" : 0,
          "max" : 0,
          "mean" : 0.000000,
          "stddev" : 0.000000,
          "N" : 0
        },
        "bw_min" : 0,
        "bw_max" : 0,
        "bw_agg" : 0.000000,
        "bw_mean" : 0.000000,
        "bw_dev" : 0.000000,
        "bw_samples" : 0,
        "iops_min" : 0,
        "iops_max" : 0,
        "iops_mean" : 0.000000,
        "iops_stddev" : 0.000000,
        "iops_samples" : 0
      },
      "trim" : {
        "io_bytes" : 0,
        "io_kbytes" : 0,
        "bw_bytes" : 0,
        "bw" : 0,
        "iops" : 0.000000,
        "runtime" : 0,
        "total_ios" : 0,
        "short_ios" : 0,
        "drop_ios" : 0,
        "slat_ns" : {
          "min" : 0,
          "max" : 0,
          "mean" : 0.000000,
          "stddev" : 0.000000,
          "N" : 0
        },
        "clat_ns" : {
          "min" : 0,
          "max" : 0,
          "mean" : 0.000000,
          "stddev" : 0.000000,
          "N" : 0
        },
        "lat_ns" : {
          "min" : 0,
          "max" : 0,
          "mean" : 0.000000,
          "stddev" : 0.000000,
          "N" : 0
        },
        "bw_min" : 0,
        "bw_max" : 0,
        "bw_agg" : 0.000000,
        "bw_mean" : 0.000000,
        "bw_dev" : 0.000000,
        "bw_samples" : 0,
        "iops_min" : 0,
        "iops_max" : 0,
        "iops_mean" : 0.000000,
        "iops_stddev" : 0.000000,
        "iops_samples" : 0
      },
      "sync" : {
        "total_ios" : 0,
        "lat_ns" : {
          "min" : 0,
          "max" : 0,
          "mean" : 0.000000,
          "stddev" : 0.000000,
          "N" : 0
        }
      },
      "job_runtime" : 10000,
      "usr_cpu" : 37.820000,
      "sys_cpu" : 62.160000,
      "ctx" : 71,
      "majf" : 0,
      "minf" : 34,
      "iodepth_level" : {
        "1" : 0.100000,
        "2" : 99.999976,
        "4" : 0.000000,
        "8" : 0.000000,
        "16" : 0.000000,
        "32" : 0.000000,
        ">=64" : 0.000000
      },
      "iodepth_submit" : {
        "0" : 0.000000,
        "4" : 100.000000,
        "8" : 0.000000,
        "16" : 0.000000,
        "32" : 0.000000,
        "64" : 0.000000,
        ">=64" : 0.000000
      },
      "iodepth_complete" : {
        "0" : 0.000000,
        "4" : 100.000000,
        "8" : 0.000000,
        "16" : 0.000000,
        "32" : 0.000000,
        "64" : 0.000000,
        ">=64" : 0.000000
      },
      "latency_ns" : {
        "2" : 0.000000,
        "4" : 0.000000,
        "10" : 0.000000,
        "20" : 0.000000,
        "50" : 0.000000,
        "100" : 0.000000,
        "250" : 0.000000,
        "500" : 0.000000,
        "750" : 0.000000,
        "1000" : 0.000000
      },
      "latency_us" : {
        "2" : 0.000000,
        "4" : 0.000000,
        "10" : 0.000000,
        "20" : 0.000000,
        "50" : 0.000000,
        "100" : 0.000000,
        "250" : 0.000000,
        "500" : 0.000000,
        "750" : 0.000000,
        "1000" : 0.000000
      },
      "latency_ms" : {
        "2" : 0.000000,
        "4" : 0.000000,
        "10" : 0.000000,
        "20" : 0.000000,
        "50" : 0.000000,
        "100" : 0.000000,
        "250" : 0.844324,
        "500" : 1.420993,
        "750" : 1.281968,
        "1000" : 1.651886,
        "2000" : 10.461595,
        ">=2000" : 84.339233
      },
      "latency_depth" : 2,
      "latency_target" : 0,
      "latency_percentile" : 100.000000,
      "latency_window" : 0
    },
    {
      "jobname" : "randwrite",
      "groupid" : 1,
      "job_start" : 1783581741765,
      "error" : 0,
      "eta" : 0,
      "elapsed" : 21,
      "job options" : {
        "name" : "randwrite",
        "stonewall" : "",
        "iodepth" : "2",
        "rw" : "randwrite",
        "bs" : "4k",
        "size" : "1G",
        "numjobs" : "1",
        "runtime" : "10",
        "time_based" : "",
        "group_reporting" : ""
      },
      "read" : {
        "io_bytes" : 0,
        "io_kbytes" : 0,
        "bw_bytes" : 0,
        "bw" : 0,
        "iops" : 0.000000,
        "runtime" : 0,
        "total_ios" : 0,
        "short_ios" : 0,
        "drop_ios" : 0,
        "slat_ns" : {
          "min" : 0,
          "max" : 0,
          "mean" : 0.000000,
          "stddev" : 0.000000,
          "N" : 0
        },
        "clat_ns" : {
          "min" : 0,
          "max" : 0,
          "mean" : 0.000000,
          "stddev" : 0.000000,
          "N" : 0
        },
        "lat_ns" : {
          "min" : 0,
          "max" : 0,
          "mean" : 0.000000,
          "stddev" : 0.000000,
          "N" : 0
        },
        "bw_min" : 0,
        "bw_max" : 0,
        "bw_agg" : 0.000000,
        "bw_mean" : 0.000000,
        "bw_dev" : 0.000000,
        "bw_samples" : 0,
        "iops_min" : 0,
        "iops_max" : 0,
        "iops_mean" : 0.000000,
        "iops_stddev" : 0.000000,
        "iops_samples" : 0
      },