{
  "fio version" : "fio-3.40",
  "timestamp" : 1767112970,
  "timestamp_ms" : 1767112970447,
  "time" : "Tue Dec 30 16:42:50 2025",
  "global options" : {
    "ioengine" : "librawstor",
    "filename" : "file:///tmp/objects/019b7023-e82e-779d-88a9-b4afd49e887d"
  },
  "jobs" : [
    {
      "jobname" : "rawstor",
      "groupid" : 0,
      "job_start" : 1767112960301,
      "error" : 0,
      "eta" : 0,
      "elapsed" : 11,
      "job options" : {
        "name" : "rawstor",
        "iodepth" : "2",
        "rw" : "randrw",
        "bs" : "4k",
        "size" : "1G",
        "numjobs" : "1",
        "runtime" : "10",
        "time_based" : "",
        "group_reporting" : ""
      },
      "read" : {
        "io_bytes" : 7417352192,
        "io_kbytes" : 7243508,
        "bw_bytes" : 741661053,
        "bw" : 724278,
        "iops" : 181069.593041,
        "runtime" : 10001,
        "total_ios" : 1810877,
        "short_ios" : 0,
        "drop_ios" : 0,
        "slat_ns" : {
          "min" : 0,
          "max" : 0,
          "mean" : 0.000000,
          "stddev" : 0.000000,
          "N" : 1810877
        },
        "clat_ns" : {
          "min" : 105198967,
          "max" : 10105009068,
          "mean" : 5506788583.068244,
          "stddev" : 2722124053.213179,
          "N" : 1810877,
          "percentile" : {
            "1.000000" : 274726912,
            "5.000000" : 1019215872,
            "10.000000" : 1702887424,
            "20.000000" : 2801795072,
            "30.000000" : 3741319168,
            "40.000000" : 4664066048,
            "50.000000" : 5603590144,
            "60.000000" : 6476005376,
            "70.000000" : 7415529472,
            "80.000000" : 8287944704,
            "90.000000" : 9193914368,
            "95.000000" : 9596567552,
            "99.000000" : 9999220736,
            "99.500000" : 9999220736,
            "99.900000" : 10133438464,
            "99.950000" : 10133438464,
            "99.990000" : 10133438464
          }
        },
        "lat_ns" : {
          "min" : 2195,
          "max" : 157122,
          "mean" : 4837.250561,
          "stddev" : 2464.657901,
          "N" : 1810877
        },
        "bw_min" : 383312,
        "bw_max" : 814344,
        "bw_agg" : 99.624126,
        "bw_mean" : 721556.210526,
        "bw_dev" : 136104.753053,
        "bw_samples" : 19,
        "iops_min" : 95828,
        "iops_max" : 203586,
        "iops_mean" : 180389.052632,
        "iops_stddev" : 34026.188263,
        "iops_samples" : 19
      },
      "write" : {
        "io_bytes" : 7410352128,
        "io_kbytes" : 7236672,
        "bw_bytes" : 740961116,
        "bw" : 723594,
        "iops" : 180898.710129,
        "runtime" : 10001,
        "total_ios" : 1809168,
        "short_ios" : 0,
        "drop_ios" : 0,
        "slat_ns" : {
          "min" : 0,
          "max" : 0,
          "mean" : 0.000000,
          "stddev" : 0.000000,
          "N" : 1809168
        },
        "clat_ns" : {
          "min" : 105250082,
          "max" : 10105009589,
          "mean" : 5507339320.610559,
          "stddev" : 2722192005.369437,
          "N" : 1809168,
          "percentile" : {
            "1.000000" : 274726912,
            "5.000000" : 1027604480,
            "10.000000" : 1702887424,
            "20.000000" : 2801795072,
            "30.000000" : 3741319168,
            "40.000000" : 4664066048,
            "50.000000" : 5603590144,
            "60.000000" : 6476005376,
            "70.000000" : 7415529472,
            "80.000000" : 8287944704,
            "90.000000" : 9193914368,
            "95.000000" : 9596567552,
            "99.000000" : 9999220736,
            "99.500000" : 9999220736,
            "99.900000" : 10133438464,
            "99.950000" : 10133438464,
            "99.990000" : 10133438464
          }
        },
        "lat_ns" : {
          "min" : 2625,
          "max" : 146152,
          "mean" : 5693.737089,
          "stddev" : 2646.786788,
          "N" : 1809168
        },
        "bw_min" : 383896,
        "bw_max" : 813416,
        "bw_agg" : 99.636421,
        "bw_mean" : 720964.631579,
        "bw_dev" : 136066.898483,
        "bw_samples" : 19,
        "iops_min" : 95974,
        "iops_max" : 203354,
        "iops_mean" : 180241.157895,
        "iops_stddev" : 34016.724621,
        "iops_samples" : 19
      },
      "trim" : {
        "io_bytes" : 0,
        "io_kbytes" : 0,
        "bw_bytes" : 0,
        "bw" : 0,
        "iops" : 0.000000,
        "runtime" : 0,
        "total_ios" : 0,
        "short_ios" : 0,
        "drop_ios" : 0,
        "slat_ns" : {
          "min" : 0,
          "max" : 0,
          "mean" : 0.000000,
          "stddev" : 0.000000,
          "N" : 0
        },
        "clat_ns" : {
          "min" : 0,
          "max" : 0,
          "mean" : 0.000000,
          "stddev" : 0.000000,
          "N" : 0
        },
        "lat_ns" : {
          "min" : 0,
          "max" : 0,
          "mean" : 0.000000,
          "stddev" : 0.000000,
          "N" : 0
        },
        "bw_min" : 0,
        "bw_max" : 0,
        "bw_agg" : 0.000000,
        "bw_mean" : 0.000000,
        "bw_dev" : 0.000000,
        "bw_samples" : 0,
        "iops_min" : 0,
        "iops_max" : 0,
        "iops_mean" : 0.000000,
        "iops_stddev" : 0.000000,
        "iops_samples" : 0
      },
      "sync" : {
        "total_ios" : 0,
        "lat_ns" : {
          "min" : 0,
          "max" : 0,
          "mean" : 0.000000,
          "stddev" : 0.000000,
          "N" : 0
        }
      },
      "job_runtime" : 10000,
      "usr_cpu" : 30.330000,
      "sys_cpu" : 69.650000,
      "ctx" : 68,
      "majf" : 0,
      "minf" : 38,
      "iodepth_level" : {
        "1" : 0.100000,
        "2" : 99.999972,
        "4" : 0.000000,
        "8" : 0.000000,
        "16" : 0.000000,
        "32" : 0.000000,
        ">=64" : 0.000000
      },
      "iodepth_submit" : {
        "0" : 0.000000,
        "4" : 100.000000,
        "8" : 0.000000,
        "16" : 0.000000,
        "32" : 0.000000,
        "64" : 0.000000,
        ">=64" : 0.000000
      },
      "iodepth_complete" : {
        "0" : 0.000000,
        "4" : 100.000000,
        "8" : 0.000000,
        "16" : 0.000000,
        "32" : 0.000000,
        "64" : 0.000000,
        ">=64" : 0.000000
      },
      "latency_ns" : {
        "2" : 0.000000,
        "4" : 0.000000,
        "10" : 0.000000,
        "20" : 0.000000,
        "50" : 0.000000,
        "100" : 0.000000,
        "250" : 0.000000,
        "500" : 0.000000,
        "750" : 0.000000,
        "1000" : 0.000000
      },
      "latency_us" : {
        "2" : 0.000000,
        "4" : 0.000000,
        "10" : 0.000000,
        "20" : 0.000000,
        "50" : 0.000000,
        "100" : 0.000000,
        "250" : 0.000000,
        "500" : 0.000000,
        "750" : 0.000000,
        "1000" : 0.000000
      },
      "latency_ms" : {
        "2" : 0.000000,
        "4" : 0.000000,
        "10" : 0.000000,
        "20" : 0.000000,
        "50" : 0.000000,
        "100" : 0.000000,
        "250" : 0.847476,
        "500" : 1.360812,
        "750" : 1.368795,
        "1000" : 1.299846,
        "2000" : 7.672860,
        ">=2000" : 87.450211
      },
      "latency_depth" : 2,
      "latency_target" : 0,
      "latency_percentile" : 100.000000,
      "latency_window" : 0
    }
  ],
  "disk_util" : [
    {
      "name" : "sdb",
      "read_ios" : 0,
      "write_ios" : 36,
      "read_sectors" : 0,
      "write_sectors" : 16536,
      "read_merges" : 0,
      "write_merges" : 48,
      "read_ticks" : 0,
      "write_ticks" : 37,
      "in_queue" : 37,
      "util" : 0.030030
    }
  ]
}
