{
  "fio version" : "fio-3.40",
  "timestamp" : 1757925895,
  "timestamp_ms" : 1757925895832,
  "time" : "Mon Sep 15 08:44:55 2025",
  "global options" : {
    "ioengine" : "librawstor",
    "filename" : "01988675-e1e5-7788-9ed4-2f2d30910d23"
  },
  "jobs" : [
    {
      "jobname" : "rawstor",
      "groupid" : 0,
      "job_start" : 1757925885692,
      "error" : 0,
      "eta" : 0,
      "elapsed" : 11,
      "job options" : {
        "name" : "rawstor",
        "iodepth" : "1",
        "rw" : "randrw",
        "bs" : "4k",
        "size" : "1G",
        "numjobs" : "1",
        "runtime" : "10",
        "time_based" : "",
        "group_reporting" : ""
      },
      "read" : {
        "io_bytes" : 246288384,
        "io_kbytes" : 240516,
        "bw_bytes" : 24626375,
        "bw" : 24049,
        "iops" : 6012.298770,
        "runtime" : 10001,
        "total_ios" : 60129,
        "short_ios" : 0,
        "drop_ios" : 0,
        "slat_ns" : {
          "min" : 40,
          "max" : 15919,
          "mean" : 184.642003,
          "stddev" : 178.493447,
          "N" : 60129
        },
        "clat_ns" : {
          "min" : 43550,
          "max" : 21485102,
          "mean" : 68851.887874,
          "stddev" : 97875.296621,
          "N" : 60129,
          "percentile" : {
            "1.000000" : 51456,
            "5.000000" : 55040,
            "10.000000" : 57088,
            "20.000000" : 60160,
            "30.000000" : 62720,
            "40.000000" : 64768,
            "50.000000" : 67072,
            "60.000000" : 69120,
            "70.000000" : 71168,
            "80.000000" : 74240,
            "90.000000" : 80384,
            "95.000000" : 86528,
            "99.000000" : 99840,
            "99.500000" : 107008,
            "99.900000" : 126464,
            "99.950000" : 142336,
            "99.990000" : 428032
          }
        },
        "lat_ns" : {
          "min" : 43651,
          "max" : 21485283,
          "mean" : 69036.529877,
          "stddev" : 97877.252175,
          "N" : 60129
        },
        "bw_min" : 21936,
        "bw_max" : 25736,
        "bw_agg" : 100.000000,
        "bw_mean" : 24051.600000,
        "bw_dev" : 1093.627782,
        "bw_samples" : 20,
        "iops_min" : 5484,
        "iops_max" : 6434,
        "iops_mean" : 6012.900000,
        "iops_stddev" : 273.406946,
        "iops_samples" : 20
      },
      "write" : {
        "io_bytes" : 245776384,
        "io_kbytes" : 240016,
        "bw_bytes" : 24575180,
        "bw" : 23999,
        "iops" : 5999.800020,
        "runtime" : 10001,
        "total_ios" : 60004,
        "short_ios" : 0,
        "drop_ios" : 0,
        "slat_ns" : {
          "min" : 70,
          "max" : 17763,
          "mean" : 253.877691,
          "stddev" : 213.396780,
          "N" : 60004
        },
        "clat_ns" : {
          "min" : 55163,
          "max" : 30002294,
          "mean" : 93997.873692,
          "stddev" : 270382.647005,
          "N" : 60004,
          "percentile" : {
            "1.000000" : 73216,
            "5.000000" : 77312,
            "10.000000" : 79360,
            "20.000000" : 82432,
            "30.000000" : 85504,
            "40.000000" : 87552,
            "50.000000" : 89600,
            "60.000000" : 91648,
            "70.000000" : 94720,
            "80.000000" : 97792,
            "90.000000" : 103936,
            "95.000000" : 110080,
            "99.000000" : 122368,
            "99.500000" : 129536,
            "99.900000" : 152576,
            "99.950000" : 177152,
            "99.990000" : 8454144
          }
        },
        "lat_ns" : {
          "min" : 55374,
          "max" : 30002535,
          "mean" : 94251.751383,
          "stddev" : 270383.099383,
          "N" : 60004
        },
        "bw_min" : 21776,
        "bw_max" : 25456,
        "bw_agg" : 100.000000,
        "bw_mean" : 24001.600000,
        "bw_dev" : 976.681729,
        "bw_samples" : 20,
        "iops_min" : 5444,
        "iops_max" : 6364,
        "iops_mean" : 6000.400000,
        "iops_stddev" : 244.170432,
        "iops_samples" : 20
      },
      "trim" : {
        "io_bytes" : 0,
        "io_kbytes" : 0,
        "bw_bytes" : 0,
        "bw" : 0,
        "iops" : 0.000000,
        "runtime" : 0,
        "total_ios" : 0,
        "short_ios" : 0,
        "drop_ios" : 0,
        "slat_ns" : {
          "min" : 0,
          "max" : 0,
          "mean" : 0.000000,
          "stddev" : 0.000000,
          "N" : 0
        },
        "clat_ns" : {
          "min" : 0,
          "max" : 0,
          "mean" : 0.000000,
          "stddev" : 0.000000,
          "N" : 0
        },
        "lat_ns" : {
          "min" : 0,
          "max" : 0,
          "mean" : 0.000000,
          "stddev" : 0.000000,
          "N" : 0
        },
        "bw_min" : 0,
        "bw_max" : 0,
        "bw_agg" : 0.000000,
        "bw_mean" : 0.000000,
        "bw_dev" : 0.000000,
        "bw_samples" : 0,
        "iops_min" : 0,
        "iops_max" : 0,
        "iops_mean" : 0.000000,
        "iops_stddev" : 0.000000,
        "iops_samples" : 0
      },
      "sync" : {
        "total_ios" : 0,
        "lat_ns" : {
          "min" : 0,
          "max" : 0,
          "mean" : 0.000000,
          "stddev" : 0.000000,
          "N" : 0
        }
      },
      "job_runtime" : 10000,
      "usr_cpu" : 8.470000,
      "sys_cpu" : 32.050000,
      "ctx" : 120205,
      "majf" : 0,
      "minf" : 295,
      "iodepth_level" : {
        "1" : 100.000000,
        "2" : 0.000000,
        "4" : 0.000000,
        "8" : 0.000000,
        "16" : 0.000000,
        "32" : 0.000000,
        ">=64" : 0.000000
      },
      "iodepth_submit" : {
        "0" : 0.000000,
        "4" : 100.000000,
        "8" : 0.000000,
        "16" : 0.000000,
        "32" : 0.000000,
        "64" : 0.000000,
        ">=64" : 0.000000
      },
      "iodepth_complete" : {
        "0" : 0.000000,
        "4" : 100.000000,
        "8" : 0.000000,
        "16" : 0.000000,
        "32" : 0.000000,
        "64" : 0.000000,
        ">=64" : 0.000000
      },
      "latency_ns" : {
        "2" : 0.000000,
        "4" : 0.000000,
        "10" : 0.000000,
        "20" : 0.000000,
        "50" : 0.000000,
        "100" : 0.000000,
        "250" : 0.000000,
        "500" : 0.000000,
        "750" : 0.000000,
        "1000" : 0.000000
      },
      "latency_us" : {
        "2" : 0.000000,
        "4" : 0.000000,
        "10" : 0.000000,
        "20" : 0.000000,
        "50" : 0.171477,
        "100" : 91.586825,
        "250" : 8.211732,
        "500" : 0.015816,
        "750" : 0.010000,
        "1000" : 0.000000
      },
      "latency_ms" : {
        "2" : 0.000000,
        "4" : 0.010000,
        "10" : 0.010000,
        "20" : 0.000000,
        "50" : 0.010000,
        "100" : 0.000000,
        "250" : 0.000000,
        "500" : 0.000000,
        "750" : 0.000000,
        "1000" : 0.000000,
        "2000" : 0.000000,
        ">=2000" : 0.000000
      },
      "latency_depth" : 1,
      "latency_target" : 0,
      "latency_percentile" : 100.000000,
      "latency_window" : 0
    }
  ],
  "disk_util" : [
    {
      "name" : "sda",
      "read_ios" : 0,
      "write_ios" : 295,
      "read_sectors" : 0,
      "write_sectors" : 35424,
      "read_merges" : 0,
      "write_merges" : 1374,
      "read_ticks" : 0,
      "write_ticks" : 665,
      "in_queue" : 672,
      "util" : 0.200300
    }
  ]
}
