{
  "fio version" : "fio-3.40",
  "timestamp" : 1763119445,
  "timestamp_ms" : 1763119445325,
  "time" : "Fri Nov 14 11:24:05 2025",
  "global options" : {
    "ioengine" : "librawstor",
    "filename" : "ost://127.0.0.1:8080/01988675-e1e5-7788-9ed4-2f2d30910d23"
  },
  "jobs" : [
    {
      "jobname" : "rawstor",
      "groupid" : 0,
      "job_start" : 1763119435185,
      "error" : 0,
      "eta" : 0,
      "elapsed" : 11,
      "job options" : {
        "name" : "rawstor",
        "iodepth" : "1",
        "rw" : "randrw",
        "bs" : "4k",
        "size" : "1G",
        "numjobs" : "1",
        "runtime" : "10",
        "time_based" : "",
        "group_reporting" : ""
      },
      "read" : {
        "io_bytes" : 225263616,
        "io_kbytes" : 219984,
        "bw_bytes" : 22524109,
        "bw" : 21996,
        "iops" : 5499.050095,
        "runtime" : 10001,
        "total_ios" : 54996,
        "short_ios" : 0,
        "drop_ios" : 0,
        "slat_ns" : {
          "min" : 20,
          "max" : 16741,
          "mean" : 171.455815,
          "stddev" : 259.465724,
          "N" : 54996
        },
        "clat_ns" : {
          "min" : 42910,
          "max" : 32336227,
          "mean" : 76363.070369,
          "stddev" : 235413.021057,
          "N" : 54996,
          "percentile" : {
            "1.000000" : 55552,
            "5.000000" : 59648,
            "10.000000" : 62208,
            "20.000000" : 66048,
            "30.000000" : 69120,
            "40.000000" : 71168,
            "50.000000" : 73216,
            "60.000000" : 75264,
            "70.000000" : 77312,
            "80.000000" : 81408,
            "90.000000" : 86528,
            "95.000000" : 93696,
            "99.000000" : 107008,
            "99.500000" : 115200,
            "99.900000" : 154624,
            "99.950000" : 244736,
            "99.990000" : 1941504
          }
        },
        "lat_ns" : {
          "min" : 43010,
          "max" : 32336367,
          "mean" : 76534.526184,
          "stddev" : 235413.845930,
          "N" : 54996
        },
        "bw_min" : 20496,
        "bw_max" : 24184,
        "bw_agg" : 100.000000,
        "bw_mean" : 21998.400000,
        "bw_dev" : 980.495600,
        "bw_samples" : 20,
        "iops_min" : 5124,
        "iops_max" : 6046,
        "iops_mean" : 5499.600000,
        "iops_stddev" : 245.123900,
        "iops_samples" : 20
      },
      "write" : {
        "io_bytes" : 224174080,
        "io_kbytes" : 218920,
        "bw_bytes" : 22415166,
        "bw" : 21889,
        "iops" : 5472.452755,
        "runtime" : 10001,
        "total_ios" : 54730,
        "short_ios" : 0,
        "drop_ios" : 0,
        "slat_ns" : {
          "min" : 60,
          "max" : 22451,
          "mean" : 254.513923,
          "stddev" : 232.448204,
          "N" : 54730
        },
        "clat_ns" : {
          "min" : 58248,
          "max" : 25773588,
          "mean" : 101934.310506,
          "stddev" : 194271.464022,
          "N" : 54730,
          "percentile" : {
            "1.000000" : 79360,
            "5.000000" : 84480,
            "10.000000" : 87552,
            "20.000000" : 90624,
            "30.000000" : 93696,
            "40.000000" : 96768,
            "50.000000" : 98816,
            "60.000000" : 101888,
            "70.000000" : 103936,
            "80.000000" : 107008,
            "90.000000" : 114176,
            "95.000000" : 119296,
            "99.000000" : 134144,
            "99.500000" : 144384,
            "99.900000" : 187392,
            "99.950000" : 268288,
            "99.990000" : 2899968
          }
        },
        "lat_ns" : {
          "min" : 58449,
          "max" : 25773788,
          "mean" : 102188.824429,
          "stddev" : 194272.056948,
          "N" : 54730
        },
        "bw_min" : 19712,
        "bw_max" : 23864,
        "bw_agg" : 100.000000,
        "bw_mean" : 21892.000000,
        "bw_dev" : 1076.288359,
        "bw_samples" : 20,
        "iops_min" : 4928,
        "iops_max" : 5966,
        "iops_mean" : 5473.000000,
        "iops_stddev" : 269.072090,
        "iops_samples" : 20
      },
      "trim" : {
        "io_bytes" : 0,
        "io_kbytes" : 0,
        "bw_bytes" : 0,
        "bw" : 0,
        "iops" : 0.000000,
        "runtime" : 0,
        "total_ios" : 0,
        "short_ios" : 0,
        "drop_ios" : 0,
        "slat_ns" : {
          "min" : 0,
          "max" : 0,
          "mean" : 0.000000,
          "stddev" : 0.000000,
          "N" : 0
        },
        "clat_ns" : {
          "min" : 0,
          "max" : 0,
          "mean" : 0.000000,
          "stddev" : 0.000000,
          "N" : 0
        },
        "lat_ns" : {
          "min" : 0,
          "max" : 0,
          "mean" : 0.000000,
          "stddev" : 0.000000,
          "N" : 0
        },
        "bw_min" : 0,
        "bw_max" : 0,
        "bw_agg" : 0.000000,
        "bw_mean" : 0.000000,
        "bw_dev" : 0.000000,
        "bw_samples" : 0,
        "iops_min" : 0,
        "iops_max" : 0,
        "iops_mean" : 0.000000,
        "iops_stddev" : 0.000000,
        "iops_samples" : 0
      },
      "sync" : {
        "total_ios" : 0,
        "lat_ns" : {
          "min" : 0,
          "max" : 0,
          "mean" : 0.000000,
          "stddev" : 0.000000,
          "N" : 0
        }
      },
      "job_runtime" : 10000,
      "usr_cpu" : 8.960000,
      "sys_cpu" : 31.380000,
      "ctx" : 109813,
      "majf" : 0,
      "minf" : 43,
      "iodepth_level" : {
        "1" : 100.000000,
        "2" : 0.000000,
        "4" : 0.000000,
        "8" : 0.000000,
        "16" : 0.000000,
        "32" : 0.000000,
        ">=64" : 0.000000
      },
      "iodepth_submit" : {
        "0" : 0.000000,
        "4" : 100.000000,
        "8" : 0.000000,
        "16" : 0.000000,
        "32" : 0.000000,
        "64" : 0.000000,
        ">=64" : 0.000000
      },
      "iodepth_complete" : {
        "0" : 0.000000,
        "4" : 100.000000,
        "8" : 0.000000,
        "16" : 0.000000,
        "32" : 0.000000,
        "64" : 0.000000,
        ">=64" : 0.000000
      },
      "latency_ns" : {
        "2" : 0.000000,
        "4" : 0.000000,
        "10" : 0.000000,
        "20" : 0.000000,
        "50" : 0.000000,
        "100" : 0.000000,
        "250" : 0.000000,
        "500" : 0.000000,
        "750" : 0.000000,
        "1000" : 0.000000
      },
      "latency_us" : {
        "2" : 0.000000,
        "4" : 0.000000,
        "10" : 0.000000,
        "20" : 0.000000,
        "50" : 0.056504,
        "100" : 75.553652,
        "250" : 24.340630,
        "500" : 0.031898,
        "750" : 0.010000,
        "1000" : 0.000000
      },
      "latency_ms" : {
        "2" : 0.010000,
        "4" : 0.010000,
        "10" : 0.010000,
        "20" : 0.010000,
        "50" : 0.010000,
        "100" : 0.000000,
        "250" : 0.000000,
        "500" : 0.000000,
        "750" : 0.000000,
        "1000" : 0.000000,
        "2000" : 0.000000,
        ">=2000" : 0.000000
      },
      "latency_depth" : 1,
      "latency_target" : 0,
      "latency_percentile" : 100.000000,
      "latency_window" : 0
    }
  ],
  "disk_util" : [
    {
      "name" : "sda",
      "read_ios" : 1,
      "write_ios" : 138,
      "read_sectors" : 248,
      "write_sectors" : 38840,
      "read_merges" : 0,
      "write_merges" : 1016,
      "read_ticks" : 3,
      "write_ticks" : 233,
      "in_queue" : 241,
      "util" : 0.210315
    }
  ]
}
