{
  "fio version" : "fio-3.40",
  "timestamp" : 1754812999,
  "timestamp_ms" : 1754812999033,
  "time" : "Sun Aug 10 08:03:19 2025",
  "global options" : {
    "ioengine" : "librawstor",
    "filename" : "01989301-3cd7-7d32-a07f-ee72cba271f8"
  },
  "jobs" : [
    {
      "jobname" : "rawstor",
      "groupid" : 0,
      "job_start" : 1754812988893,
      "error" : 0,
      "eta" : 0,
      "elapsed" : 11,
      "job options" : {
        "name" : "rawstor",
        "iodepth" : "2",
        "rw" : "randrw",
        "bs" : "4k",
        "size" : "1G",
        "numjobs" : "1",
        "runtime" : "10",
        "time_based" : "",
        "group_reporting" : ""
      },
      "read" : {
        "io_bytes" : 7585812480,
        "io_kbytes" : 7408020,
        "bw_bytes" : 758505397,
        "bw" : 740727,
        "iops" : 185181.981802,
        "runtime" : 10001,
        "total_ios" : 1852005,
        "short_ios" : 0,
        "drop_ios" : 0,
        "slat_ns" : {
          "min" : 0,
          "max" : 0,
          "mean" : 0.000000,
          "stddev" : 0.000000,
          "N" : 1852005
        },
        "clat_ns" : {
          "min" : 110981326,
          "max" : 10110870112,
          "mean" : 5511356778.438650,
          "stddev" : 2725485101.696599,
          "N" : 1852005,
          "percentile" : {
            "1.000000" : 283115520,
            "5.000000" : 1044381696,
            "10.000000" : 1719664640,
            "20.000000" : 2768240640,
            "30.000000" : 3741319168,
            "40.000000" : 4664066048,
            "50.000000" : 5603590144,
            "60.000000" : 6476005376,
            "70.000000" : 7415529472,
            "80.000000" : 8287944704,
            "90.000000" : 9193914368,
            "95.000000" : 9596567552,
            "99.000000" : 9999220736,
            "99.500000" : 9999220736,
            "99.900000" : 10133438464,
            "99.950000" : 10133438464,
            "99.990000" : 10133438464
          }
        },
        "lat_ns" : {
          "min" : 1403,
          "max" : 133521,
          "mean" : 2101.562145,
          "stddev" : 1204.475183,
          "N" : 1852005
        },
        "bw_min" : 377152,
        "bw_max" : 826168,
        "bw_agg" : 99.511031,
        "bw_mean" : 737106.736842,
        "bw_dev" : 139615.450072,
        "bw_samples" : 19,
        "iops_min" : 94288,
        "iops_max" : 206542,
        "iops_mean" : 184276.894737,
        "iops_stddev" : 34903.916210,
        "iops_samples" : 19
      },
      "write" : {
        "io_bytes" : 7577542656,
        "io_kbytes" : 7399944,
        "bw_bytes" : 757678497,
        "bw" : 739920,
        "iops" : 184980.101990,
        "runtime" : 10001,
        "total_ios" : 1849986,
        "short_ios" : 0,
        "drop_ios" : 0,
        "slat_ns" : {
          "min" : 0,
          "max" : 0,
          "mean" : 0.000000,
          "stddev" : 0.000000,
          "N" : 1849986
        },
        "clat_ns" : {
          "min" : 111022243,
          "max" : 10110877556,
          "mean" : 5511234767.937191,
          "stddev" : 2725177060.416902,
          "N" : 1849986,
          "percentile" : {
            "1.000000" : 278921216,
            "5.000000" : 1044381696,
            "10.000000" : 1719664640,
            "20.000000" : 2768240640,
            "30.000000" : 3741319168,
            "40.000000" : 4664066048,
            "50.000000" : 5603590144,
            "60.000000" : 6476005376,
            "70.000000" : 7415529472,
            "80.000000" : 8287944704,
            "90.000000" : 9193914368,
            "95.000000" : 9596567552,
            "99.000000" : 9999220736,
            "99.500000" : 9999220736,
            "99.900000" : 10133438464,
            "99.950000" : 10133438464,
            "99.990000" : 10133438464
          }
        },
        "lat_ns" : {
          "min" : 4278,
          "max" : 168487,
          "mean" : 8179.499425,
          "stddev" : 4362.893446,
          "N" : 1849986
        },
        "bw_min" : 377568,
        "bw_max" : 822072,
        "bw_agg" : 99.525029,
        "bw_mean" : 736406.263158,
        "bw_dev" : 139381.776661,
        "bw_samples" : 19,
        "iops_min" : 94392,
        "iops_max" : 205516,
        "iops_mean" : 184101.526316,
        "iops_stddev" : 34845.539999,
        "iops_samples" : 19
      },
      "trim" : {
        "io_bytes" : 0,
        "io_kbytes" : 0,
        "bw_bytes" : 0,
        "bw" : 0,
        "iops" : 0.000000,
        "runtime" : 0,
        "total_ios" : 0,
        "short_ios" : 0,
        "drop_ios" : 0,
        "slat_ns" : {
          "min" : 0,
          "max" : 0,
          "mean" : 0.000000,
          "stddev" : 0.000000,
          "N" : 0
        },
        "clat_ns" : {
          "min" : 0,
          "max" : 0,
          "mean" : 0.000000,
          "stddev" : 0.000000,
          "N" : 0
        },
        "lat_ns" : {
          "min" : 0,
          "max" : 0,
          "mean" : 0.000000,
          "stddev" : 0.000000,
          "N" : 0
        },
        "bw_min" : 0,
        "bw_max" : 0,
        "bw_agg" : 0.000000,
        "bw_mean" : 0.000000,
        "bw_dev" : 0.000000,
        "bw_samples" : 0,
        "iops_min" : 0,
        "iops_max" : 0,
        "iops_mean" : 0.000000,
        "iops_stddev" : 0.000000,
        "iops_samples" : 0
      },
      "sync" : {
        "total_ios" : 0,
        "lat_ns" : {
          "min" : 0,
          "max" : 0,
          "mean" : 0.000000,
          "stddev" : 0.000000,
          "N" : 0
        }
      },
      "job_runtime" : 10000,
      "usr_cpu" : 27.320000,
      "sys_cpu" : 72.650000,
      "ctx" : 72,
      "majf" : 0,
      "minf" : 26,
      "iodepth_level" : {
        "1" : 0.100000,
        "2" : 99.999973,
        "4" : 0.000000,
        "8" : 0.000000,
        "16" : 0.000000,
        "32" : 0.000000,
        ">=64" : 0.000000
      },
      "iodepth_submit" : {
        "0" : 0.000000,
        "4" : 100.000000,
        "8" : 0.000000,
        "16" : 0.000000,
        "32" : 0.000000,
        "64" : 0.000000,
        ">=64" : 0.000000
      },
      "iodepth_complete" : {
        "0" : 0.000000,
        "4" : 100.000000,
        "8" : 0.000000,
        "16" : 0.000000,
        "32" : 0.000000,
        "64" : 0.000000,
        ">=64" : 0.000000
      },
      "latency_ns" : {
        "2" : 0.000000,
        "4" : 0.000000,
        "10" : 0.000000,
        "20" : 0.000000,
        "50" : 0.000000,
        "100" : 0.000000,
        "250" : 0.000000,
        "500" : 0.000000,
        "750" : 0.000000,
        "1000" : 0.000000
      },
      "latency_us" : {
        "2" : 0.000000,
        "4" : 0.000000,
        "10" : 0.000000,
        "20" : 0.000000,
        "50" : 0.000000,
        "100" : 0.000000,
        "250" : 0.000000,
        "500" : 0.000000,
        "750" : 0.000000,
        "1000" : 0.000000
      },
      "latency_ms" : {
        "2" : 0.000000,
        "4" : 0.000000,
        "10" : 0.000000,
        "20" : 0.000000,
        "50" : 0.000000,
        "100" : 0.000000,
        "250" : 0.822017,
        "500" : 1.388847,
        "750" : 1.295870,
        "1000" : 1.258755,
        "2000" : 7.683946,
        ">=2000" : 87.550564
      },
      "latency_depth" : 2,
      "latency_target" : 0,
      "latency_percentile" : 100.000000,
      "latency_window" : 0
    }
  ],
  "disk_util" : [
    {
      "name" : "sda",
      "read_ios" : 0,
      "write_ios" : 101,
      "read_sectors" : 0,
      "write_sectors" : 30648,
      "read_merges" : 0,
      "write_merges" : 742,
      "read_ticks" : 0,
      "write_ticks" : 643,
      "in_queue" : 643,
      "util" : 0.070105
    }
  ]
}
