{
  "fio version" : "fio-3.40",
  "timestamp" : 1760867858,
  "timestamp_ms" : 1760867858356,
  "time" : "Sun Oct 19 09:57:38 2025",
  "global options" : {
    "ioengine" : "librawstor",
    "filename" : "ost://127.0.0.1:8080/01988675-e1e5-7788-9ed4-2f2d30910d23"
  },
  "jobs" : [
    {
      "jobname" : "rawstor",
      "groupid" : 0,
      "job_start" : 1760867848217,
      "error" : 0,
      "eta" : 0,
      "elapsed" : 11,
      "job options" : {
        "name" : "rawstor",
        "iodepth" : "1",
        "rw" : "randrw",
        "bs" : "4k",
        "size" : "1G",
        "numjobs" : "1",
        "runtime" : "10",
        "time_based" : "",
        "group_reporting" : ""
      },
      "read" : {
        "io_bytes" : 235397120,
        "io_kbytes" : 229880,
        "bw_bytes" : 23537358,
        "bw" : 22985,
        "iops" : 5746.425357,
        "runtime" : 10001,
        "total_ios" : 57470,
        "short_ios" : 0,
        "drop_ios" : 0,
        "slat_ns" : {
          "min" : 50,
          "max" : 42682,
          "mean" : 157.865304,
          "stddev" : 244.328717,
          "N" : 57470
        },
        "clat_ns" : {
          "min" : 38742,
          "max" : 20928036,
          "mean" : 71953.417087,
          "stddev" : 145373.697082,
          "N" : 57470,
          "percentile" : {
            "1.000000" : 53504,
            "5.000000" : 56576,
            "10.000000" : 58624,
            "20.000000" : 61696,
            "30.000000" : 64768,
            "40.000000" : 67072,
            "50.000000" : 69120,
            "60.000000" : 71168,
            "70.000000" : 74240,
            "80.000000" : 77312,
            "90.000000" : 83456,
            "95.000000" : 90624,
            "99.000000" : 112128,
            "99.500000" : 124416,
            "99.900000" : 160768,
            "99.950000" : 175104,
            "99.990000" : 2039808
          }
        },
        "lat_ns" : {
          "min" : 38822,
          "max" : 20928126,
          "mean" : 72111.282391,
          "stddev" : 145374.894254,
          "N" : 57470
        },
        "bw_min" : 21424,
        "bw_max" : 24624,
        "bw_agg" : 100.000000,
        "bw_mean" : 22988.000000,
        "bw_dev" : 966.857961,
        "bw_samples" : 20,
        "iops_min" : 5356,
        "iops_max" : 6156,
        "iops_mean" : 5747.000000,
        "iops_stddev" : 241.714490,
        "iops_samples" : 20
      },
      "write" : {
        "io_bytes" : 234524672,
        "io_kbytes" : 229028,
        "bw_bytes" : 23450122,
        "bw" : 22900,
        "iops" : 5725.127487,
        "runtime" : 10001,
        "total_ios" : 57257,
        "short_ios" : 0,
        "drop_ios" : 0,
        "slat_ns" : {
          "min" : 90,
          "max" : 17814,
          "mean" : 230.549732,
          "stddev" : 191.819635,
          "N" : 57257
        },
        "clat_ns" : {
          "min" : 58229,
          "max" : 29359718,
          "mean" : 98714.022216,
          "stddev" : 203290.151498,
          "N" : 57257,
          "percentile" : {
            "1.000000" : 76288,
            "5.000000" : 81408,
            "10.000000" : 83456,
            "20.000000" : 87552,
            "30.000000" : 89600,
            "40.000000" : 92672,
            "50.000000" : 94720,
            "60.000000" : 96768,
            "70.000000" : 99840,
            "80.000000" : 103936,
            "90.000000" : 111104,
            "95.000000" : 119296,
            "99.000000" : 150528,
            "99.500000" : 162816,
            "99.900000" : 193536,
            "99.950000" : 209920,
            "99.990000" : 3129344
          }
        },
        "lat_ns" : {
          "min" : 58420,
          "max" : 29359909,
          "mean" : 98944.571948,
          "stddev" : 203290.882873,
          "N" : 57257
        },
        "bw_min" : 21208,
        "bw_max" : 24648,
        "bw_agg" : 100.000000,
        "bw_mean" : 22902.800000,
        "bw_dev" : 912.270597,
        "bw_samples" : 20,
        "iops_min" : 5302,
        "iops_max" : 6162,
        "iops_mean" : 5725.700000,
        "iops_stddev" : 228.067649,
        "iops_samples" : 20
      },
      "trim" : {
        "io_bytes" : 0,
        "io_kbytes" : 0,
        "bw_bytes" : 0,
        "bw" : 0,
        "iops" : 0.000000,
        "runtime" : 0,
        "total_ios" : 0,
        "short_ios" : 0,
        "drop_ios" : 0,
        "slat_ns" : {
          "min" : 0,
          "max" : 0,
          "mean" : 0.000000,
          "stddev" : 0.000000,
          "N" : 0
        },
        "clat_ns" : {
          "min" : 0,
          "max" : 0,
          "mean" : 0.000000,
          "stddev" : 0.000000,
          "N" : 0
        },
        "lat_ns" : {
          "min" : 0,
          "max" : 0,
          "mean" : 0.000000,
          "stddev" : 0.000000,
          "N" : 0
        },
        "bw_min" : 0,
        "bw_max" : 0,
        "bw_agg" : 0.000000,
        "bw_mean" : 0.000000,
        "bw_dev" : 0.000000,
        "bw_samples" : 0,
        "iops_min" : 0,
        "iops_max" : 0,
        "iops_mean" : 0.000000,
        "iops_stddev" : 0.000000,
        "iops_samples" : 0
      },
      "sync" : {
        "total_ios" : 0,
        "lat_ns" : {
          "min" : 0,
          "max" : 0,
          "mean" : 0.000000,
          "stddev" : 0.000000,
          "N" : 0
        }
      },
      "job_runtime" : 10000,
      "usr_cpu" : 7.220000,
      "sys_cpu" : 34.240000,
      "ctx" : 115131,
      "majf" : 0,
      "minf" : 42,
      "iodepth_level" : {
        "1" : 100.000000,
        "2" : 0.000000,
        "4" : 0.000000,
        "8" : 0.000000,
        "16" : 0.000000,
        "32" : 0.000000,
        ">=64" : 0.000000
      },
      "iodepth_submit" : {
        "0" : 0.000000,
        "4" : 100.000000,
        "8" : 0.000000,
        "16" : 0.000000,
        "32" : 0.000000,
        "64" : 0.000000,
        ">=64" : 0.000000
      },
      "iodepth_complete" : {
        "0" : 0.000000,
        "4" : 100.000000,
        "8" : 0.000000,
        "16" : 0.000000,
        "32" : 0.000000,
        "64" : 0.000000,
        ">=64" : 0.000000
      },
      "latency_ns" : {
        "2" : 0.000000,
        "4" : 0.000000,
        "10" : 0.000000,
        "20" : 0.000000,
        "50" : 0.000000,
        "100" : 0.000000,
        "250" : 0.000000,
        "500" : 0.000000,
        "750" : 0.000000,
        "1000" : 0.000000
      },
      "latency_us" : {
        "2" : 0.000000,
        "4" : 0.000000,
        "10" : 0.000000,
        "20" : 0.000000,
        "50" : 0.079319,
        "100" : 83.869534,
        "250" : 16.030228,
        "500" : 0.010000,
        "750" : 0.010000,
        "1000" : 0.010000
      },
      "latency_ms" : {
        "2" : 0.010000,
        "4" : 0.010000,
        "10" : 0.010000,
        "20" : 0.010000,
        "50" : 0.010000,
        "100" : 0.000000,
        "250" : 0.000000,
        "500" : 0.000000,
        "750" : 0.000000,
        "1000" : 0.000000,
        "2000" : 0.000000,
        ">=2000" : 0.000000
      },
      "latency_depth" : 1,
      "latency_target" : 0,
      "latency_percentile" : 100.000000,
      "latency_window" : 0
    }
  ],
  "disk_util" : [
    {
      "name" : "sda",
      "read_ios" : 0,
      "write_ios" : 355,
      "read_sectors" : 0,
      "write_sectors" : 37888,
      "read_merges" : 0,
      "write_merges" : 1594,
      "read_ticks" : 0,
      "write_ticks" : 457,
      "in_queue" : 463,
      "util" : 0.170255
    }
  ]
}
