{
  "fio version" : "fio-3.40",
  "timestamp" : 1767649199,
  "timestamp_ms" : 1767649199045,
  "time" : "Mon Jan  5 21:39:59 2026",
  "global options" : {
    "ioengine" : "librawstor",
    "filename" : "file:///tmp/objects/019b901a-1b24-72cf-beec-300d05e43c2a"
  },
  "jobs" : [
    {
      "jobname" : "rawstor",
      "groupid" : 0,
      "job_start" : 1767649188899,
      "error" : 0,
      "eta" : 0,
      "elapsed" : 11,
      "job options" : {
        "name" : "rawstor",
        "iodepth" : "2",
        "rw" : "randrw",
        "bs" : "4k",
        "size" : "1G",
        "numjobs" : "1",
        "runtime" : "10",
        "time_based" : "",
        "group_reporting" : ""
      },
      "read" : {
        "io_bytes" : 2749145088,
        "io_kbytes" : 2684712,
        "bw_bytes" : 274887020,
        "bw" : 268444,
        "iops" : 67111.088891,
        "runtime" : 10001,
        "total_ios" : 671178,
        "short_ios" : 0,
        "drop_ios" : 0,
        "slat_ns" : {
          "min" : 0,
          "max" : 0,
          "mean" : 0.000000,
          "stddev" : 0.000000,
          "N" : 671178
        },
        "clat_ns" : {
          "min" : 105188682,
          "max" : 10104930360,
          "mean" : 5356702915.576132,
          "stddev" : 2813944472.962256,
          "N" : 671178,
          "percentile" : {
            "1.000000" : 231735296,
            "5.000000" : 725614592,
            "10.000000" : 1350565888,
            "20.000000" : 2533359616,
            "30.000000" : 3506438144,
            "40.000000" : 4462739456,
            "50.000000" : 5469372416,
            "60.000000" : 6408896512,
            "70.000000" : 7348420608,
            "80.000000" : 8220835840,
            "90.000000" : 9193914368,
            "95.000000" : 9596567552,
            "99.000000" : 9999220736,
            "99.500000" : 9999220736,
            "99.900000" : 10133438464,
            "99.950000" : 10133438464,
            "99.990000" : 10133438464
          }
        },
        "lat_ns" : {
          "min" : 1402,
          "max" : 201476,
          "mean" : 5552.258438,
          "stddev" : 4095.780731,
          "N" : 671178
        },
        "bw_min" : 207600,
        "bw_max" : 314024,
        "bw_agg" : 100.000000,
        "bw_mean" : 268471.200000,
        "bw_dev" : 32624.335963,
        "bw_samples" : 20,
        "iops_min" : 51900,
        "iops_max" : 78506,
        "iops_mean" : 67117.800000,
        "iops_stddev" : 8156.083991,
        "iops_samples" : 20
      },
      "write" : {
        "io_bytes" : 2745856000,
        "io_kbytes" : 2681500,
        "bw_bytes" : 274558144,
        "bw" : 268123,
        "iops" : 67030.796920,
        "runtime" : 10001,
        "total_ios" : 670375,
        "short_ios" : 0,
        "drop_ios" : 0,
        "slat_ns" : {
          "min" : 0,
          "max" : 0,
          "mean" : 0.000000,
          "stddev" : 0.000000,
          "N" : 670375
        },
        "clat_ns" : {
          "min" : 105276406,
          "max" : 10104956008,
          "mean" : 5355898400.148246,
          "stddev" : 2813664205.508947,
          "N" : 670375,
          "percentile" : {
            "1.000000" : 229638144,
            "5.000000" : 725614592,
            "10.000000" : 1350565888,
            "20.000000" : 2533359616,
            "30.000000" : 3506438144,
            "40.000000" : 4462739456,
            "50.000000" : 5469372416,
            "60.000000" : 6408896512,
            "70.000000" : 7348420608,
            "80.000000" : 8220835840,
            "90.000000" : 9193914368,
            "95.000000" : 9596567552,
            "99.000000" : 9999220736,
            "99.500000" : 9999220736,
            "99.900000" : 10133438464,
            "99.950000" : 10133438464,
            "99.990000" : 10133438464
          }
        },
        "lat_ns" : {
          "min" : 3687,
          "max" : 837734,
          "mean" : 23293.115037,
          "stddev" : 7959.717309,
          "N" : 670375
        },
        "bw_min" : 207960,
        "bw_max" : 309416,
        "bw_agg" : 100.000000,
        "bw_mean" : 268150.000000,
        "bw_dev" : 32252.099793,
        "bw_samples" : 20,
        "iops_min" : 51990,
        "iops_max" : 77354,
        "iops_mean" : 67037.500000,
        "iops_stddev" : 8063.024948,
        "iops_samples" : 20
      },
      "trim" : {
        "io_bytes" : 0,
        "io_kbytes" : 0,
        "bw_bytes" : 0,
        "bw" : 0,
        "iops" : 0.000000,
        "runtime" : 0,
        "total_ios" : 0,
        "short_ios" : 0,
        "drop_ios" : 0,
        "slat_ns" : {
          "min" : 0,
          "max" : 0,
          "mean" : 0.000000,
          "stddev" : 0.000000,
          "N" : 0
        },
        "clat_ns" : {
          "min" : 0,
          "max" : 0,
          "mean" : 0.000000,
          "stddev" : 0.000000,
          "N" : 0
        },
        "lat_ns" : {
          "min" : 0,
          "max" : 0,
          "mean" : 0.000000,
          "stddev" : 0.000000,
          "N" : 0
        },
        "bw_min" : 0,
        "bw_max" : 0,
        "bw_agg" : 0.000000,
        "bw_mean" : 0.000000,
        "bw_dev" : 0.000000,
        "bw_samples" : 0,
        "iops_min" : 0,
        "iops_max" : 0,
        "iops_mean" : 0.000000,
        "iops_stddev" : 0.000000,
        "iops_samples" : 0
      },
      "sync" : {
        "total_ios" : 0,
        "lat_ns" : {
          "min" : 0,
          "max" : 0,
          "mean" : 0.000000,
          "stddev" : 0.000000,
          "N" : 0
        }
      },
      "job_runtime" : 10000,
      "usr_cpu" : 19.180000,
      "sys_cpu" : 49.040000,
      "ctx" : 275473,
      "majf" : 0,
      "minf" : 23,
      "iodepth_level" : {
        "1" : 0.100000,
        "2" : 99.999925,
        "4" : 0.000000,
        "8" : 0.000000,
        "16" : 0.000000,
        "32" : 0.000000,
        ">=64" : 0.000000
      },
      "iodepth_submit" : {
        "0" : 0.000000,
        "4" : 100.000000,
        "8" : 0.000000,
        "16" : 0.000000,
        "32" : 0.000000,
        "64" : 0.000000,
        ">=64" : 0.000000
      },
      "iodepth_complete" : {
        "0" : 0.000000,
        "4" : 100.000000,
        "8" : 0.000000,
        "16" : 0.000000,
        "32" : 0.000000,
        "64" : 0.000000,
        ">=64" : 0.000000
      },
      "latency_ns" : {
        "2" : 0.000000,
        "4" : 0.000000,
        "10" : 0.000000,
        "20" : 0.000000,
        "50" : 0.000000,
        "100" : 0.000000,
        "250" : 0.000000,
        "500" : 0.000000,
        "750" : 0.000000,
        "1000" : 0.000000
      },
      "latency_us" : {
        "2" : 0.000000,
        "4" : 0.000000,
        "10" : 0.000000,
        "20" : 0.000000,
        "50" : 0.000000,
        "100" : 0.000000,
        "250" : 0.000000,
        "500" : 0.000000,
        "750" : 0.000000,
        "1000" : 0.000000
      },
      "latency_ms" : {
        "2" : 0.000000,
        "4" : 0.000000,
        "10" : 0.000000,
        "20" : 0.000000,
        "50" : 0.000000,
        "100" : 0.000000,
        "250" : 1.153290,
        "500" : 2.041067,
        "750" : 2.071927,
        "1000" : 1.865897,
        "2000" : 7.885712,
        ">=2000" : 84.982107
      },
      "latency_depth" : 2,
      "latency_target" : 0,
      "latency_percentile" : 100.000000,
      "latency_window" : 0
    }
  ],
  "disk_util" : [
    {
      "name" : "sdb",
      "read_ios" : 0,
      "write_ios" : 21,
      "read_sectors" : 0,
      "write_sectors" : 1536,
      "read_merges" : 0,
      "write_merges" : 14,
      "read_ticks" : 0,
      "write_ticks" : 8,
      "in_queue" : 8,
      "util" : 0.020018
    }
  ]
}
