{
  "fio version" : "fio-3.40",
  "timestamp" : 1767648544,
  "timestamp_ms" : 1767648544216,
  "time" : "Mon Jan  5 21:29:04 2026",
  "global options" : {
    "ioengine" : "librawstor",
    "filename" : "file:///tmp/objects/019b9010-1d38-7813-9870-7c0e3d991e15"
  },
  "jobs" : [
    {
      "jobname" : "rawstor",
      "groupid" : 0,
      "job_start" : 1767648534070,
      "error" : 0,
      "eta" : 0,
      "elapsed" : 11,
      "job options" : {
        "name" : "rawstor",
        "iodepth" : "2",
        "rw" : "randrw",
        "bs" : "4k",
        "size" : "1G",
        "numjobs" : "1",
        "runtime" : "10",
        "time_based" : "",
        "group_reporting" : ""
      },
      "read" : {
        "io_bytes" : 2775728128,
        "io_kbytes" : 2710672,
        "bw_bytes" : 277545058,
        "bw" : 271040,
        "iops" : 67760.023998,
        "runtime" : 10001,
        "total_ios" : 677668,
        "short_ios" : 0,
        "drop_ios" : 0,
        "slat_ns" : {
          "min" : 0,
          "max" : 0,
          "mean" : 0.000000,
          "stddev" : 0.000000,
          "N" : 677668
        },
        "clat_ns" : {
          "min" : 105465201,
          "max" : 10105303996,
          "mean" : 5376525042.898414,
          "stddev" : 2820332423.961536,
          "N" : 677668,
          "percentile" : {
            "1.000000" : 227540992,
            "5.000000" : 708837376,
            "10.000000" : 1367343104,
            "20.000000" : 2533359616,
            "30.000000" : 3539992576,
            "40.000000" : 4529848320,
            "50.000000" : 5469372416,
            "60.000000" : 6408896512,
            "70.000000" : 7348420608,
            "80.000000" : 8287944704,
            "90.000000" : 9193914368,
            "95.000000" : 9596567552,
            "99.000000" : 9999220736,
            "99.500000" : 9999220736,
            "99.900000" : 10133438464,
            "99.950000" : 10133438464,
            "99.990000" : 10133438464
          }
        },
        "lat_ns" : {
          "min" : 1403,
          "max" : 140992,
          "mean" : 5499.411122,
          "stddev" : 3946.193324,
          "N" : 677668
        },
        "bw_min" : 206712,
        "bw_max" : 320920,
        "bw_agg" : 99.303389,
        "bw_mean" : 269152.842105,
        "bw_dev" : 31599.907386,
        "bw_samples" : 19,
        "iops_min" : 51678,
        "iops_max" : 80230,
        "iops_mean" : 67288.210526,
        "iops_stddev" : 7899.991474,
        "iops_samples" : 19
      },
      "write" : {
        "io_bytes" : 2772025344,
        "io_kbytes" : 2707056,
        "bw_bytes" : 277174816,
        "bw" : 270678,
        "iops" : 67669.633037,
        "runtime" : 10001,
        "total_ios" : 676764,
        "short_ios" : 0,
        "drop_ios" : 0,
        "slat_ns" : {
          "min" : 0,
          "max" : 0,
          "mean" : 0.000000,
          "stddev" : 0.000000,
          "N" : 676764
        },
        "clat_ns" : {
          "min" : 105535422,
          "max" : 10105304888,
          "mean" : 5375147716.072671,
          "stddev" : 2819803371.976891,
          "N" : 676764,
          "percentile" : {
            "1.000000" : 227540992,
            "5.000000" : 708837376,
            "10.000000" : 1384120320,
            "20.000000" : 2533359616,
            "30.000000" : 3539992576,
            "40.000000" : 4462739456,
            "50.000000" : 5469372416,
            "60.000000" : 6408896512,
            "70.000000" : 7348420608,
            "80.000000" : 8287944704,
            "90.000000" : 9193914368,
            "95.000000" : 9596567552,
            "99.000000" : 9999220736,
            "99.500000" : 9999220736,
            "99.900000" : 10133438464,
            "99.950000" : 10133438464,
            "99.990000" : 10133438464
          }
        },
        "lat_ns" : {
          "min" : 3767,
          "max" : 1198419,
          "mean" : 23015.444582,
          "stddev" : 7370.533467,
          "N" : 676764
        },
        "bw_min" : 204936,
        "bw_max" : 318960,
        "bw_agg" : 99.375077,
        "bw_mean" : 268987.368421,
        "bw_dev" : 31652.425521,
        "bw_samples" : 19,
        "iops_min" : 51234,
        "iops_max" : 79740,
        "iops_mean" : 67246.842105,
        "iops_stddev" : 7913.106380,
        "iops_samples" : 19
      },
      "trim" : {
        "io_bytes" : 0,
        "io_kbytes" : 0,
        "bw_bytes" : 0,
        "bw" : 0,
        "iops" : 0.000000,
        "runtime" : 0,
        "total_ios" : 0,
        "short_ios" : 0,
        "drop_ios" : 0,
        "slat_ns" : {
          "min" : 0,
          "max" : 0,
          "mean" : 0.000000,
          "stddev" : 0.000000,
          "N" : 0
        },
        "clat_ns" : {
          "min" : 0,
          "max" : 0,
          "mean" : 0.000000,
          "stddev" : 0.000000,
          "N" : 0
        },
        "lat_ns" : {
          "min" : 0,
          "max" : 0,
          "mean" : 0.000000,
          "stddev" : 0.000000,
          "N" : 0
        },
        "bw_min" : 0,
        "bw_max" : 0,
        "bw_agg" : 0.000000,
        "bw_mean" : 0.000000,
        "bw_dev" : 0.000000,
        "bw_samples" : 0,
        "iops_min" : 0,
        "iops_max" : 0,
        "iops_mean" : 0.000000,
        "iops_stddev" : 0.000000,
        "iops_samples" : 0
      },
      "sync" : {
        "total_ios" : 0,
        "lat_ns" : {
          "min" : 0,
          "max" : 0,
          "mean" : 0.000000,
          "stddev" : 0.000000,
          "N" : 0
        }
      },
      "job_runtime" : 10000,
      "usr_cpu" : 20.020000,
      "sys_cpu" : 49.350000,
      "ctx" : 273490,
      "majf" : 0,
      "minf" : 24,
      "iodepth_level" : {
        "1" : 0.100000,
        "2" : 99.999926,
        "4" : 0.000000,
        "8" : 0.000000,
        "16" : 0.000000,
        "32" : 0.000000,
        ">=64" : 0.000000
      },
      "iodepth_submit" : {
        "0" : 0.000000,
        "4" : 100.000000,
        "8" : 0.000000,
        "16" : 0.000000,
        "32" : 0.000000,
        "64" : 0.000000,
        ">=64" : 0.000000
      },
      "iodepth_complete" : {
        "0" : 0.000000,
        "4" : 100.000000,
        "8" : 0.000000,
        "16" : 0.000000,
        "32" : 0.000000,
        "64" : 0.000000,
        ">=64" : 0.000000
      },
      "latency_ns" : {
        "2" : 0.000000,
        "4" : 0.000000,
        "10" : 0.000000,
        "20" : 0.000000,
        "50" : 0.000000,
        "100" : 0.000000,
        "250" : 0.000000,
        "500" : 0.000000,
        "750" : 0.000000,
        "1000" : 0.000000
      },
      "latency_us" : {
        "2" : 0.000000,
        "4" : 0.000000,
        "10" : 0.000000,
        "20" : 0.000000,
        "50" : 0.000000,
        "100" : 0.000000,
        "250" : 0.000000,
        "500" : 0.000000,
        "750" : 0.000000,
        "1000" : 0.000000
      },
      "latency_ms" : {
        "2" : 0.000000,
        "4" : 0.000000,
        "10" : 0.000000,
        "20" : 0.000000,
        "50" : 0.000000,
        "100" : 0.000000,
        "250" : 1.174145,
        "500" : 2.141636,
        "750" : 1.992865,
        "1000" : 1.884037,
        "2000" : 7.826233,
        ">=2000" : 84.981084
      },
      "latency_depth" : 2,
      "latency_target" : 0,
      "latency_percentile" : 100.000000,
      "latency_window" : 0
    }
  ],
  "disk_util" : [
    {
      "name" : "sdb",
      "read_ios" : 0,
      "write_ios" : 13,
      "read_sectors" : 0,
      "write_sectors" : 2328,
      "read_merges" : 0,
      "write_merges" : 46,
      "read_ticks" : 0,
      "write_ticks" : 11,
      "in_queue" : 11,
      "util" : 0.000000
    }
  ]
}
