{
  "fio version" : "fio-3.40",
  "timestamp" : 1767879084,
  "timestamp_ms" : 1767879084851,
  "time" : "Thu Jan  8 13:31:24 2026",
  "global options" : {
    "ioengine" : "librawstor",
    "filename" : "file:///tmp/objects/019b9dcd-e28b-7b41-a890-b52301b85688"
  },
  "jobs" : [
    {
      "jobname" : "rawstor",
      "groupid" : 0,
      "job_start" : 1767879074703,
      "error" : 0,
      "eta" : 0,
      "elapsed" : 11,
      "job options" : {
        "name" : "rawstor",
        "iodepth" : "2",
        "rw" : "randrw",
        "bs" : "4k",
        "size" : "1G",
        "numjobs" : "1",
        "runtime" : "10",
        "time_based" : "",
        "group_reporting" : ""
      },
      "read" : {
        "io_bytes" : 3100454912,
        "io_kbytes" : 3027788,
        "bw_bytes" : 310014489,
        "bw" : 302748,
        "iops" : 75687.131287,
        "runtime" : 10001,
        "total_ios" : 756947,
        "short_ios" : 0,
        "drop_ios" : 0,
        "slat_ns" : {
          "min" : 0,
          "max" : 0,
          "mean" : 0.000000,
          "stddev" : 0.000000,
          "N" : 756947
        },
        "clat_ns" : {
          "min" : 103930721,
          "max" : 10103645927,
          "mean" : 5241166193.090953,
          "stddev" : 2847690851.809985,
          "N" : 756947,
          "percentile" : {
            "1.000000" : 217055232,
            "5.000000" : 666894336,
            "10.000000" : 1249902592,
            "20.000000" : 2332033024,
            "30.000000" : 3338665984,
            "40.000000" : 4328521728,
            "50.000000" : 5268045824,
            "60.000000" : 6274678784,
            "70.000000" : 7214202880,
            "80.000000" : 8153726976,
            "90.000000" : 9193914368,
            "95.000000" : 9596567552,
            "99.000000" : 9999220736,
            "99.500000" : 9999220736,
            "99.900000" : 10133438464,
            "99.950000" : 10133438464,
            "99.990000" : 10133438464
          }
        },
        "lat_ns" : {
          "min" : 843,
          "max" : 100755,
          "mean" : 3863.795612,
          "stddev" : 3045.450552,
          "N" : 756947
        },
        "bw_min" : 261792,
        "bw_max" : 318456,
        "bw_agg" : 100.000000,
        "bw_mean" : 302778.800000,
        "bw_dev" : 18210.336040,
        "bw_samples" : 20,
        "iops_min" : 65448,
        "iops_max" : 79614,
        "iops_mean" : 75694.700000,
        "iops_stddev" : 4552.584010,
        "iops_samples" : 20
      },
      "write" : {
        "io_bytes" : 3094347776,
        "io_kbytes" : 3021824,
        "bw_bytes" : 309403837,
        "bw" : 302152,
        "iops" : 75538.046195,
        "runtime" : 10001,
        "total_ios" : 755456,
        "short_ios" : 0,
        "drop_ios" : 0,
        "slat_ns" : {
          "min" : 0,
          "max" : 0,
          "mean" : 0.000000,
          "stddev" : 0.000000,
          "N" : 755456
        },
        "clat_ns" : {
          "min" : 104039835,
          "max" : 10103663454,
          "mean" : 5237020519.077716,
          "stddev" : 2846041679.825398,
          "N" : 755456,
          "percentile" : {
            "1.000000" : 217055232,
            "5.000000" : 666894336,
            "10.000000" : 1249902592,
            "20.000000" : 2332033024,
            "30.000000" : 3338665984,
            "40.000000" : 4328521728,
            "50.000000" : 5268045824,
            "60.000000" : 6274678784,
            "70.000000" : 7214202880,
            "80.000000" : 8153726976,
            "90.000000" : 9193914368,
            "95.000000" : 9596567552,
            "99.000000" : 9999220736,
            "99.500000" : 9999220736,
            "99.900000" : 10133438464,
            "99.950000" : 10133438464,
            "99.990000" : 10133438464
          }
        },
        "lat_ns" : {
          "min" : 2995,
          "max" : 1229909,
          "mean" : 21898.224401,
          "stddev" : 6684.376679,
          "N" : 755456
        },
        "bw_min" : 258440,
        "bw_max" : 319904,
        "bw_agg" : 100.000000,
        "bw_mean" : 302182.400000,
        "bw_dev" : 18069.641113,
        "bw_samples" : 20,
        "iops_min" : 64610,
        "iops_max" : 79976,
        "iops_mean" : 75545.600000,
        "iops_stddev" : 4517.410278,
        "iops_samples" : 20
      },
      "trim" : {
        "io_bytes" : 0,
        "io_kbytes" : 0,
        "bw_bytes" : 0,
        "bw" : 0,
        "iops" : 0.000000,
        "runtime" : 0,
        "total_ios" : 0,
        "short_ios" : 0,
        "drop_ios" : 0,
        "slat_ns" : {
          "min" : 0,
          "max" : 0,
          "mean" : 0.000000,
          "stddev" : 0.000000,
          "N" : 0
        },
        "clat_ns" : {
          "min" : 0,
          "max" : 0,
          "mean" : 0.000000,
          "stddev" : 0.000000,
          "N" : 0
        },
        "lat_ns" : {
          "min" : 0,
          "max" : 0,
          "mean" : 0.000000,
          "stddev" : 0.000000,
          "N" : 0
        },
        "bw_min" : 0,
        "bw_max" : 0,
        "bw_agg" : 0.000000,
        "bw_mean" : 0.000000,
        "bw_dev" : 0.000000,
        "bw_samples" : 0,
        "iops_min" : 0,
        "iops_max" : 0,
        "iops_mean" : 0.000000,
        "iops_stddev" : 0.000000,
        "iops_samples" : 0
      },
      "sync" : {
        "total_ios" : 0,
        "lat_ns" : {
          "min" : 0,
          "max" : 0,
          "mean" : 0.000000,
          "stddev" : 0.000000,
          "N" : 0
        }
      },
      "job_runtime" : 10000,
      "usr_cpu" : 16.410000,
      "sys_cpu" : 37.620000,
      "ctx" : 341913,
      "majf" : 0,
      "minf" : 25,
      "iodepth_level" : {
        "1" : 0.100000,
        "2" : 99.999934,
        "4" : 0.000000,
        "8" : 0.000000,
        "16" : 0.000000,
        "32" : 0.000000,
        ">=64" : 0.000000
      },
      "iodepth_submit" : {
        "0" : 0.000000,
        "4" : 100.000000,
        "8" : 0.000000,
        "16" : 0.000000,
        "32" : 0.000000,
        "64" : 0.000000,
        ">=64" : 0.000000
      },
      "iodepth_complete" : {
        "0" : 0.000000,
        "4" : 100.000000,
        "8" : 0.000000,
        "16" : 0.000000,
        "32" : 0.000000,
        "64" : 0.000000,
        ">=64" : 0.000000
      },
      "latency_ns" : {
        "2" : 0.000000,
        "4" : 0.000000,
        "10" : 0.000000,
        "20" : 0.000000,
        "50" : 0.000000,
        "100" : 0.000000,
        "250" : 0.000000,
        "500" : 0.000000,
        "750" : 0.000000,
        "1000" : 0.000000
      },
      "latency_us" : {
        "2" : 0.000000,
        "4" : 0.000000,
        "10" : 0.000000,
        "20" : 0.000000,
        "50" : 0.000000,
        "100" : 0.000000,
        "250" : 0.000000,
        "500" : 0.000000,
        "750" : 0.000000,
        "1000" : 0.000000
      },
      "latency_ms" : {
        "2" : 0.000000,
        "4" : 0.000000,
        "10" : 0.000000,
        "20" : 0.000000,
        "50" : 0.000000,
        "100" : 0.000000,
        "250" : 1.297868,
        "500" : 2.251318,
        "750" : 2.158419,
        "1000" : 2.091506,
        "2000" : 9.013669,
        ">=2000" : 83.187219
      },
      "latency_depth" : 2,
      "latency_target" : 0,
      "latency_percentile" : 100.000000,
      "latency_window" : 0
    }
  ],
  "disk_util" : [
    {
      "name" : "sdb",
      "read_ios" : 0,
      "write_ios" : 146,
      "read_sectors" : 0,
      "write_sectors" : 248480,
      "read_merges" : 0,
      "write_merges" : 178,
      "read_ticks" : 0,
      "write_ticks" : 666,
      "in_queue" : 667,
      "util" : 0.200140
    }
  ]
}
