{
  "fio version" : "fio-3.40",
  "timestamp" : 1766916066,
  "timestamp_ms" : 1766916066273,
  "time" : "Sun Dec 28 10:01:06 2025",
  "global options" : {
    "ioengine" : "librawstor",
    "filename" : "file:///tmp/objects/019b6467-6342-7d96-9526-bc07cd721b27"
  },
  "jobs" : [
    {
      "jobname" : "rawstor",
      "groupid" : 0,
      "job_start" : 1766916056133,
      "error" : 0,
      "eta" : 0,
      "elapsed" : 11,
      "job options" : {
        "name" : "rawstor",
        "iodepth" : "2",
        "rw" : "randrw",
        "bs" : "4k",
        "size" : "1G",
        "numjobs" : "1",
        "runtime" : "10",
        "time_based" : "",
        "group_reporting" : ""
      },
      "read" : {
        "io_bytes" : 2778079232,
        "io_kbytes" : 2712968,
        "bw_bytes" : 277780145,
        "bw" : 271269,
        "iops" : 67817.418258,
        "runtime" : 10001,
        "total_ios" : 678242,
        "short_ios" : 0,
        "drop_ios" : 0,
        "slat_ns" : {
          "min" : 0,
          "max" : 0,
          "mean" : 0.000000,
          "stddev" : 0.000000,
          "N" : 678242
        },
        "clat_ns" : {
          "min" : 111187401,
          "max" : 10110977578,
          "mean" : 5372296634.534386,
          "stddev" : 2781711525.148184,
          "N" : 678242,
          "percentile" : {
            "1.000000" : 244318208,
            "5.000000" : 767557632,
            "10.000000" : 1384120320,
            "20.000000" : 2600468480,
            "30.000000" : 3573547008,
            "40.000000" : 4529848320,
            "50.000000" : 5536481280,
            "60.000000" : 6408896512,
            "70.000000" : 7281311744,
            "80.000000" : 8153726976,
            "90.000000" : 9193914368,
            "95.000000" : 9596567552,
            "99.000000" : 9999220736,
            "99.500000" : 10133438464,
            "99.900000" : 10133438464,
            "99.950000" : 10133438464,
            "99.990000" : 10133438464
          }
        },
        "lat_ns" : {
          "min" : 1422,
          "max" : 140733,
          "mean" : 5340.156124,
          "stddev" : 3989.932892,
          "N" : 678242
        },
        "bw_min" : 202496,
        "bw_max" : 319496,
        "bw_agg" : 99.805849,
        "bw_mean" : 270743.578947,
        "bw_dev" : 35568.188981,
        "bw_samples" : 19,
        "iops_min" : 50624,
        "iops_max" : 79874,
        "iops_mean" : 67685.894737,
        "iops_stddev" : 8892.047245,
        "iops_samples" : 19
      },
      "write" : {
        "io_bytes" : 2774609920,
        "io_kbytes" : 2709580,
        "bw_bytes" : 277433248,
        "bw" : 270930,
        "iops" : 67732.726727,
        "runtime" : 10001,
        "total_ios" : 677395,
        "short_ios" : 0,
        "drop_ios" : 0,
        "slat_ns" : {
          "min" : 0,
          "max" : 0,
          "mean" : 0.000000,
          "stddev" : 0.000000,
          "N" : 677395
        },
        "clat_ns" : {
          "min" : 111277008,
          "max" : 10111004618,
          "mean" : 5371233989.473964,
          "stddev" : 2781361480.085934,
          "N" : 677395,
          "percentile" : {
            "1.000000" : 242221056,
            "5.000000" : 759169024,
            "10.000000" : 1384120320,
            "20.000000" : 2600468480,
            "30.000000" : 3573547008,
            "40.000000" : 4529848320,
            "50.000000" : 5536481280,
            "60.000000" : 6408896512,
            "70.000000" : 7281311744,
            "80.000000" : 8153726976,
            "90.000000" : 9193914368,
            "95.000000" : 9596567552,
            "99.000000" : 9999220736,
            "99.500000" : 10133438464,
            "99.900000" : 10133438464,
            "99.950000" : 10133438464,
            "99.990000" : 10133438464
          }
        },
        "lat_ns" : {
          "min" : 3417,
          "max" : 785355,
          "mean" : 23216.591695,
          "stddev" : 7526.671050,
          "N" : 677395
        },
        "bw_min" : 202608,
        "bw_max" : 319144,
        "bw_agg" : 99.876018,
        "bw_mean" : 270595.789474,
        "bw_dev" : 35466.547706,
        "bw_samples" : 19,
        "iops_min" : 50652,
        "iops_max" : 79786,
        "iops_mean" : 67648.947368,
        "iops_stddev" : 8866.636926,
        "iops_samples" : 19
      },
      "trim" : {
        "io_bytes" : 0,
        "io_kbytes" : 0,
        "bw_bytes" : 0,
        "bw" : 0,
        "iops" : 0.000000,
        "runtime" : 0,
        "total_ios" : 0,
        "short_ios" : 0,
        "drop_ios" : 0,
        "slat_ns" : {
          "min" : 0,
          "max" : 0,
          "mean" : 0.000000,
          "stddev" : 0.000000,
          "N" : 0
        },
        "clat_ns" : {
          "min" : 0,
          "max" : 0,
          "mean" : 0.000000,
          "stddev" : 0.000000,
          "N" : 0
        },
        "lat_ns" : {
          "min" : 0,
          "max" : 0,
          "mean" : 0.000000,
          "stddev" : 0.000000,
          "N" : 0
        },
        "bw_min" : 0,
        "bw_max" : 0,
        "bw_agg" : 0.000000,
        "bw_mean" : 0.000000,
        "bw_dev" : 0.000000,
        "bw_samples" : 0,
        "iops_min" : 0,
        "iops_max" : 0,
        "iops_mean" : 0.000000,
        "iops_stddev" : 0.000000,
        "iops_samples" : 0
      },
      "sync" : {
        "total_ios" : 0,
        "lat_ns" : {
          "min" : 0,
          "max" : 0,
          "mean" : 0.000000,
          "stddev" : 0.000000,
          "N" : 0
        }
      },
      "job_runtime" : 10000,
      "usr_cpu" : 18.420000,
      "sys_cpu" : 49.070000,
      "ctx" : 282040,
      "majf" : 0,
      "minf" : 23,
      "iodepth_level" : {
        "1" : 0.100000,
        "2" : 99.999926,
        "4" : 0.000000,
        "8" : 0.000000,
        "16" : 0.000000,
        "32" : 0.000000,
        ">=64" : 0.000000
      },
      "iodepth_submit" : {
        "0" : 0.000000,
        "4" : 100.000000,
        "8" : 0.000000,
        "16" : 0.000000,
        "32" : 0.000000,
        "64" : 0.000000,
        ">=64" : 0.000000
      },
      "iodepth_complete" : {
        "0" : 0.000000,
        "4" : 100.000000,
        "8" : 0.000000,
        "16" : 0.000000,
        "32" : 0.000000,
        "64" : 0.000000,
        ">=64" : 0.000000
      },
      "latency_ns" : {
        "2" : 0.000000,
        "4" : 0.000000,
        "10" : 0.000000,
        "20" : 0.000000,
        "50" : 0.000000,
        "100" : 0.000000,
        "250" : 0.000000,
        "500" : 0.000000,
        "750" : 0.000000,
        "1000" : 0.000000
      },
      "latency_us" : {
        "2" : 0.000000,
        "4" : 0.000000,
        "10" : 0.000000,
        "20" : 0.000000,
        "50" : 0.000000,
        "100" : 0.000000,
        "250" : 0.000000,
        "500" : 0.000000,
        "750" : 0.000000,
        "1000" : 0.000000
      },
      "latency_ms" : {
        "2" : 0.000000,
        "4" : 0.000000,
        "10" : 0.000000,
        "20" : 0.000000,
        "50" : 0.000000,
        "100" : 0.000000,
        "250" : 1.044749,
        "500" : 1.959890,
        "750" : 1.890993,
        "1000" : 1.963800,
        "2000" : 7.973742,
        ">=2000" : 85.166826
      },
      "latency_depth" : 2,
      "latency_target" : 0,
      "latency_percentile" : 100.000000,
      "latency_window" : 0
    }
  ],
  "disk_util" : [
    {
      "name" : "sda",
      "read_ios" : 0,
      "write_ios" : 9,
      "read_sectors" : 0,
      "write_sectors" : 2336,
      "read_merges" : 0,
      "write_merges" : 38,
      "read_ticks" : 0,
      "write_ticks" : 9,
      "in_queue" : 9,
      "util" : 0.020028
    }
  ]
}
