{
  "fio version" : "fio-3.40",
  "timestamp" : 1767112969,
  "timestamp_ms" : 1767112969751,
  "time" : "Tue Dec 30 16:42:49 2025",
  "global options" : {
    "ioengine" : "librawstor",
    "filename" : "file:///tmp/objects/019b7023-e577-79bc-b75b-260bc033476c"
  },
  "jobs" : [
    {
      "jobname" : "rawstor",
      "groupid" : 0,
      "job_start" : 1767112959610,
      "error" : 0,
      "eta" : 0,
      "elapsed" : 11,
      "job options" : {
        "name" : "rawstor",
        "iodepth" : "2",
        "rw" : "randrw",
        "bs" : "4k",
        "size" : "1G",
        "numjobs" : "1",
        "runtime" : "10",
        "time_based" : "",
        "group_reporting" : ""
      },
      "read" : {
        "io_bytes" : 2818715648,
        "io_kbytes" : 2752652,
        "bw_bytes" : 281843380,
        "bw" : 275237,
        "iops" : 68809.419058,
        "runtime" : 10001,
        "total_ios" : 688163,
        "short_ios" : 0,
        "drop_ios" : 0,
        "slat_ns" : {
          "min" : 0,
          "max" : 0,
          "mean" : 0.000000,
          "stddev" : 0.000000,
          "N" : 688163
        },
        "clat_ns" : {
          "min" : 111215901,
          "max" : 10111044465,
          "mean" : 5313812748.334632,
          "stddev" : 2816077100.782600,
          "N" : 688163,
          "percentile" : {
            "1.000000" : 244318208,
            "5.000000" : 700448768,
            "10.000000" : 1300234240,
            "20.000000" : 2499805184,
            "30.000000" : 3472883712,
            "40.000000" : 4462739456,
            "50.000000" : 5335154688,
            "60.000000" : 6274678784,
            "70.000000" : 7214202880,
            "80.000000" : 8220835840,
            "90.000000" : 9193914368,
            "95.000000" : 9730785280,
            "99.000000" : 9999220736,
            "99.500000" : 9999220736,
            "99.900000" : 10133438464,
            "99.950000" : 10133438464,
            "99.990000" : 10133438464
          }
        },
        "lat_ns" : {
          "min" : 1382,
          "max" : 139982,
          "mean" : 5423.749795,
          "stddev" : 3933.611047,
          "N" : 688163
        },
        "bw_min" : 218240,
        "bw_max" : 304384,
        "bw_agg" : 99.245497,
        "bw_mean" : 273161.684211,
        "bw_dev" : 28310.739425,
        "bw_samples" : 19,
        "iops_min" : 54560,
        "iops_max" : 76096,
        "iops_mean" : 68290.421053,
        "iops_stddev" : 7077.706772,
        "iops_samples" : 19
      },
      "write" : {
        "io_bytes" : 2815397888,
        "io_kbytes" : 2749412,
        "bw_bytes" : 281511637,
        "bw" : 274913,
        "iops" : 68728.427157,
        "runtime" : 10001,
        "total_ios" : 687353,
        "short_ios" : 0,
        "drop_ios" : 0,
        "slat_ns" : {
          "min" : 0,
          "max" : 0,
          "mean" : 0.000000,
          "stddev" : 0.000000,
          "N" : 687353
        },
        "clat_ns" : {
          "min" : 111305168,
          "max" : 10111050646,
          "mean" : 5313200679.156597,
          "stddev" : 2815947415.033828,
          "N" : 687353,
          "percentile" : {
            "1.000000" : 242221056,
            "5.000000" : 700448768,
            "10.000000" : 1317011456,
            "20.000000" : 2499805184,
            "30.000000" : 3472883712,
            "40.000000" : 4395630592,
            "50.000000" : 5335154688,
            "60.000000" : 6274678784,
            "70.000000" : 7214202880,
            "80.000000" : 8220835840,
            "90.000000" : 9193914368,
            "95.000000" : 9730785280,
            "99.000000" : 9999220736,
            "99.500000" : 9999220736,
            "99.900000" : 10133438464,
            "99.950000" : 10133438464,
            "99.990000" : 10133438464
          }
        },
        "lat_ns" : {
          "min" : 3517,
          "max" : 1267602,
          "mean" : 22679.843949,
          "stddev" : 7188.878636,
          "N" : 687353
        },
        "bw_min" : 218192,
        "bw_max" : 303160,
        "bw_agg" : 99.287155,
        "bw_mean" : 272954.947368,
        "bw_dev" : 28201.367621,
        "bw_samples" : 19,
        "iops_min" : 54548,
        "iops_max" : 75790,
        "iops_mean" : 68238.736842,
        "iops_stddev" : 7050.341905,
        "iops_samples" : 19
      },
      "trim" : {
        "io_bytes" : 0,
        "io_kbytes" : 0,
        "bw_bytes" : 0,
        "bw" : 0,
        "iops" : 0.000000,
        "runtime" : 0,
        "total_ios" : 0,
        "short_ios" : 0,
        "drop_ios" : 0,
        "slat_ns" : {
          "min" : 0,
          "max" : 0,
          "mean" : 0.000000,
          "stddev" : 0.000000,
          "N" : 0
        },
        "clat_ns" : {
          "min" : 0,
          "max" : 0,
          "mean" : 0.000000,
          "stddev" : 0.000000,
          "N" : 0
        },
        "lat_ns" : {
          "min" : 0,
          "max" : 0,
          "mean" : 0.000000,
          "stddev" : 0.000000,
          "N" : 0
        },
        "bw_min" : 0,
        "bw_max" : 0,
        "bw_agg" : 0.000000,
        "bw_mean" : 0.000000,
        "bw_dev" : 0.000000,
        "bw_samples" : 0,
        "iops_min" : 0,
        "iops_max" : 0,
        "iops_mean" : 0.000000,
        "iops_stddev" : 0.000000,
        "iops_samples" : 0
      },
      "sync" : {
        "total_ios" : 0,
        "lat_ns" : {
          "min" : 0,
          "max" : 0,
          "mean" : 0.000000,
          "stddev" : 0.000000,
          "N" : 0
        }
      },
      "job_runtime" : 10000,
      "usr_cpu" : 18.540000,
      "sys_cpu" : 50.500000,
      "ctx" : 279505,
      "majf" : 0,
      "minf" : 22,
      "iodepth_level" : {
        "1" : 0.100000,
        "2" : 99.999927,
        "4" : 0.000000,
        "8" : 0.000000,
        "16" : 0.000000,
        "32" : 0.000000,
        ">=64" : 0.000000
      },
      "iodepth_submit" : {
        "0" : 0.000000,
        "4" : 100.000000,
        "8" : 0.000000,
        "16" : 0.000000,
        "32" : 0.000000,
        "64" : 0.000000,
        ">=64" : 0.000000
      },
      "iodepth_complete" : {
        "0" : 0.000000,
        "4" : 100.000000,
        "8" : 0.000000,
        "16" : 0.000000,
        "32" : 0.000000,
        "64" : 0.000000,
        ">=64" : 0.000000
      },
      "latency_ns" : {
        "2" : 0.000000,
        "4" : 0.000000,
        "10" : 0.000000,
        "20" : 0.000000,
        "50" : 0.000000,
        "100" : 0.000000,
        "250" : 0.000000,
        "500" : 0.000000,
        "750" : 0.000000,
        "1000" : 0.000000
      },
      "latency_us" : {
        "2" : 0.000000,
        "4" : 0.000000,
        "10" : 0.000000,
        "20" : 0.000000,
        "50" : 0.000000,
        "100" : 0.000000,
        "250" : 0.000000,
        "500" : 0.000000,
        "750" : 0.000000,
        "1000" : 0.000000
      },
      "latency_ms" : {
        "2" : 0.000000,
        "4" : 0.000000,
        "10" : 0.000000,
        "20" : 0.000000,
        "50" : 0.000000,
        "100" : 0.000000,
        "250" : 1.043536,
        "500" : 2.027894,
        "750" : 2.390666,
        "1000" : 1.959774,
        "2000" : 7.782897,
        ">=2000" : 84.795233
      },
      "latency_depth" : 2,
      "latency_target" : 0,
      "latency_percentile" : 100.000000,
      "latency_window" : 0
    }
  ],
  "disk_util" : [
    {
      "name" : "sda",
      "read_ios" : 0,
      "write_ios" : 28,
      "read_sectors" : 0,
      "write_sectors" : 11496,
      "read_merges" : 0,
      "write_merges" : 51,
      "read_ticks" : 0,
      "write_ticks" : 24,
      "in_queue" : 24,
      "util" : 0.030042
    }
  ]
}
