{
  "fio version" : "fio-3.40",
  "timestamp" : 1763119215,
  "timestamp_ms" : 1763119215796,
  "time" : "Fri Nov 14 11:20:15 2025",
  "global options" : {
    "ioengine" : "librawstor",
    "filename" : "file:///tmp/objects/019a8218-0c15-7359-a16a-c6f95ce2905d"
  },
  "jobs" : [
    {
      "jobname" : "rawstor",
      "groupid" : 0,
      "job_start" : 1763119205656,
      "error" : 0,
      "eta" : 0,
      "elapsed" : 11,
      "job options" : {
        "name" : "rawstor",
        "iodepth" : "2",
        "rw" : "randrw",
        "bs" : "4k",
        "size" : "1G",
        "numjobs" : "1",
        "runtime" : "10",
        "time_based" : "",
        "group_reporting" : ""
      },
      "read" : {
        "io_bytes" : 2797772800,
        "io_kbytes" : 2732200,
        "bw_bytes" : 279749305,
        "bw" : 273192,
        "iops" : 68298.170183,
        "runtime" : 10001,
        "total_ios" : 683050,
        "short_ios" : 0,
        "drop_ios" : 0,
        "slat_ns" : {
          "min" : 0,
          "max" : 0,
          "mean" : 0.000000,
          "stddev" : 0.000000,
          "N" : 683050
        },
        "clat_ns" : {
          "min" : 111058603,
          "max" : 10110876456,
          "mean" : 5389077383.434099,
          "stddev" : 2826746000.722488,
          "N" : 683050,
          "percentile" : {
            "1.000000" : 225443840,
            "5.000000" : 717225984,
            "10.000000" : 1317011456,
            "20.000000" : 2600468480,
            "30.000000" : 3539992576,
            "40.000000" : 4529848320,
            "50.000000" : 5469372416,
            "60.000000" : 6408896512,
            "70.000000" : 7348420608,
            "80.000000" : 8287944704,
            "90.000000" : 9193914368,
            "95.000000" : 9596567552,
            "99.000000" : 9999220736,
            "99.500000" : 9999220736,
            "99.900000" : 10133438464,
            "99.950000" : 10133438464,
            "99.990000" : 10133438464
          }
        },
        "lat_ns" : {
          "min" : 1402,
          "max" : 150332,
          "mean" : 5355.882148,
          "stddev" : 3970.979762,
          "N" : 683050
        },
        "bw_min" : 202480,
        "bw_max" : 314208,
        "bw_agg" : 99.508522,
        "bw_mean" : 271850.105263,
        "bw_dev" : 34386.592616,
        "bw_samples" : 19,
        "iops_min" : 50620,
        "iops_max" : 78552,
        "iops_mean" : 67962.526316,
        "iops_stddev" : 8596.648154,
        "iops_samples" : 19
      },
      "write" : {
        "io_bytes" : 2794315776,
        "io_kbytes" : 2728824,
        "bw_bytes" : 279403637,
        "bw" : 272855,
        "iops" : 68213.778622,
        "runtime" : 10001,
        "total_ios" : 682206,
        "short_ios" : 0,
        "drop_ios" : 0,
        "slat_ns" : {
          "min" : 0,
          "max" : 0,
          "mean" : 0.000000,
          "stddev" : 0.000000,
          "N" : 682206
        },
        "clat_ns" : {
          "min" : 111142209,
          "max" : 10110897164,
          "mean" : 5388164226.802691,
          "stddev" : 2826460243.018859,
          "N" : 682206,
          "percentile" : {
            "1.000000" : 225443840,
            "5.000000" : 717225984,
            "10.000000" : 1317011456,
            "20.000000" : 2600468480,
            "30.000000" : 3539992576,
            "40.000000" : 4529848320,
            "50.000000" : 5469372416,
            "60.000000" : 6476005376,
            "70.000000" : 7348420608,
            "80.000000" : 8287944704,
            "90.000000" : 9193914368,
            "95.000000" : 9596567552,
            "99.000000" : 9999220736,
            "99.500000" : 9999220736,
            "99.900000" : 10133438464,
            "99.950000" : 10133438464,
            "99.990000" : 10133438464
          }
        },
        "lat_ns" : {
          "min" : 3276,
          "max" : 1035980,
          "mean" : 22995.083133,
          "stddev" : 7504.942568,
          "N" : 682206
        },
        "bw_min" : 202784,
        "bw_max" : 316896,
        "bw_agg" : 99.564562,
        "bw_mean" : 271667.789474,
        "bw_dev" : 34173.556651,
        "bw_samples" : 19,
        "iops_min" : 50696,
        "iops_max" : 79224,
        "iops_mean" : 67916.947368,
        "iops_stddev" : 8543.389163,
        "iops_samples" : 19
      },
      "trim" : {
        "io_bytes" : 0,
        "io_kbytes" : 0,
        "bw_bytes" : 0,
        "bw" : 0,
        "iops" : 0.000000,
        "runtime" : 0,
        "total_ios" : 0,
        "short_ios" : 0,
        "drop_ios" : 0,
        "slat_ns" : {
          "min" : 0,
          "max" : 0,
          "mean" : 0.000000,
          "stddev" : 0.000000,
          "N" : 0
        },
        "clat_ns" : {
          "min" : 0,
          "max" : 0,
          "mean" : 0.000000,
          "stddev" : 0.000000,
          "N" : 0
        },
        "lat_ns" : {
          "min" : 0,
          "max" : 0,
          "mean" : 0.000000,
          "stddev" : 0.000000,
          "N" : 0
        },
        "bw_min" : 0,
        "bw_max" : 0,
        "bw_agg" : 0.000000,
        "bw_mean" : 0.000000,
        "bw_dev" : 0.000000,
        "bw_samples" : 0,
        "iops_min" : 0,
        "iops_max" : 0,
        "iops_mean" : 0.000000,
        "iops_stddev" : 0.000000,
        "iops_samples" : 0
      },
      "sync" : {
        "total_ios" : 0,
        "lat_ns" : {
          "min" : 0,
          "max" : 0,
          "mean" : 0.000000,
          "stddev" : 0.000000,
          "N" : 0
        }
      },
      "job_runtime" : 10000,
      "usr_cpu" : 19.400000,
      "sys_cpu" : 48.690000,
      "ctx" : 280818,
      "majf" : 0,
      "minf" : 21,
      "iodepth_level" : {
        "1" : 0.100000,
        "2" : 99.999927,
        "4" : 0.000000,
        "8" : 0.000000,
        "16" : 0.000000,
        "32" : 0.000000,
        ">=64" : 0.000000
      },
      "iodepth_submit" : {
        "0" : 0.000000,
        "4" : 100.000000,
        "8" : 0.000000,
        "16" : 0.000000,
        "32" : 0.000000,
        "64" : 0.000000,
        ">=64" : 0.000000
      },
      "iodepth_complete" : {
        "0" : 0.000000,
        "4" : 100.000000,
        "8" : 0.000000,
        "16" : 0.000000,
        "32" : 0.000000,
        "64" : 0.000000,
        ">=64" : 0.000000
      },
      "latency_ns" : {
        "2" : 0.000000,
        "4" : 0.000000,
        "10" : 0.000000,
        "20" : 0.000000,
        "50" : 0.000000,
        "100" : 0.000000,
        "250" : 0.000000,
        "500" : 0.000000,
        "750" : 0.000000,
        "1000" : 0.000000
      },
      "latency_us" : {
        "2" : 0.000000,
        "4" : 0.000000,
        "10" : 0.000000,
        "20" : 0.000000,
        "50" : 0.000000,
        "100" : 0.000000,
        "250" : 0.000000,
        "500" : 0.000000,
        "750" : 0.000000,
        "1000" : 0.000000
      },
      "latency_ms" : {
        "2" : 0.000000,
        "4" : 0.000000,
        "10" : 0.000000,
        "20" : 0.000000,
        "50" : 0.000000,
        "100" : 0.000000,
        "250" : 1.204975,
        "500" : 2.166114,
        "750" : 1.950403,
        "1000" : 2.298617,
        "2000" : 7.411943,
        ">=2000" : 84.967947
      },
      "latency_depth" : 2,
      "latency_target" : 0,
      "latency_percentile" : 100.000000,
      "latency_window" : 0
    }
  ],
  "disk_util" : [
    {
      "name" : "sda",
      "read_ios" : 0,
      "write_ios" : 217,
      "read_sectors" : 0,
      "write_sectors" : 19024,
      "read_merges" : 0,
      "write_merges" : 562,
      "read_ticks" : 0,
      "write_ticks" : 277,
      "in_queue" : 278,
      "util" : 0.060084
    }
  ]
}
