{
  "fio version" : "fio-3.40",
  "timestamp" : 1768318673,
  "timestamp_ms" : 1768318673939,
  "time" : "Tue Jan 13 15:37:53 2026",
  "global options" : {
    "ioengine" : "librawstor",
    "filename" : "file:///tmp/objects/019bb801-7b70-7fbe-b1c9-425810c71a37"
  },
  "jobs" : [
    {
      "jobname" : "rawstor",
      "groupid" : 0,
      "job_start" : 1768318663792,
      "error" : 0,
      "eta" : 0,
      "elapsed" : 11,
      "job options" : {
        "name" : "rawstor",
        "iodepth" : "2",
        "rw" : "randrw",
        "bs" : "4k",
        "size" : "1G",
        "numjobs" : "1",
        "runtime" : "10",
        "time_based" : "",
        "group_reporting" : ""
      },
      "read" : {
        "io_bytes" : 2627108864,
        "io_kbytes" : 2565536,
        "bw_bytes" : 262684617,
        "bw" : 256527,
        "iops" : 64131.986801,
        "runtime" : 10001,
        "total_ios" : 641384,
        "short_ios" : 0,
        "drop_ios" : 0,
        "slat_ns" : {
          "min" : 0,
          "max" : 0,
          "mean" : 0.000000,
          "stddev" : 0.000000,
          "N" : 641384
        },
        "clat_ns" : {
          "min" : 105276639,
          "max" : 10105031605,
          "mean" : 5361676937.711075,
          "stddev" : 2831668430.186043,
          "N" : 641384,
          "percentile" : {
            "1.000000" : 225443840,
            "5.000000" : 692060160,
            "10.000000" : 1350565888,
            "20.000000" : 2533359616,
            "30.000000" : 3472883712,
            "40.000000" : 4462739456,
            "50.000000" : 5402263552,
            "60.000000" : 6408896512,
            "70.000000" : 7415529472,
            "80.000000" : 8287944704,
            "90.000000" : 9193914368,
            "95.000000" : 9596567552,
            "99.000000" : 9999220736,
            "99.500000" : 9999220736,
            "99.900000" : 10133438464,
            "99.950000" : 10133438464,
            "99.990000" : 10133438464
          }
        },
        "lat_ns" : {
          "min" : 1432,
          "max" : 143290,
          "mean" : 5978.970950,
          "stddev" : 4233.694829,
          "N" : 641384
        },
        "bw_min" : 186512,
        "bw_max" : 312464,
        "bw_agg" : 99.537303,
        "bw_mean" : 255341.473684,
        "bw_dev" : 30934.508949,
        "bw_samples" : 19,
        "iops_min" : 46628,
        "iops_max" : 78116,
        "iops_mean" : 63835.368421,
        "iops_stddev" : 7733.627237,
        "iops_samples" : 19
      },
      "write" : {
        "io_bytes" : 2625548288,
        "io_kbytes" : 2564012,
        "bw_bytes" : 262528575,
        "bw" : 256375,
        "iops" : 64093.890611,
        "runtime" : 10001,
        "total_ios" : 641003,
        "short_ios" : 0,
        "drop_ios" : 0,
        "slat_ns" : {
          "min" : 0,
          "max" : 0,
          "mean" : 0.000000,
          "stddev" : 0.000000,
          "N" : 641003
        },
        "clat_ns" : {
          "min" : 105384742,
          "max" : 10105046853,
          "mean" : 5363835702.114656,
          "stddev" : 2833119851.811616,
          "N" : 641003,
          "percentile" : {
            "1.000000" : 223346688,
            "5.000000" : 692060160,
            "10.000000" : 1350565888,
            "20.000000" : 2533359616,
            "30.000000" : 3472883712,
            "40.000000" : 4462739456,
            "50.000000" : 5402263552,
            "60.000000" : 6408896512,
            "70.000000" : 7415529472,
            "80.000000" : 8287944704,
            "90.000000" : 9193914368,
            "95.000000" : 9596567552,
            "99.000000" : 9999220736,
            "99.500000" : 9999220736,
            "99.900000" : 10133438464,
            "99.950000" : 10133438464,
            "99.990000" : 10133438464
          }
        },
        "lat_ns" : {
          "min" : 3837,
          "max" : 989054,
          "mean" : 24123.006072,
          "stddev" : 7645.282124,
          "N" : 641003
        },
        "bw_min" : 184952,
        "bw_max" : 311776,
        "bw_agg" : 99.467749,
        "bw_mean" : 255011.789474,
        "bw_dev" : 30750.282224,
        "bw_samples" : 19,
        "iops_min" : 46238,
        "iops_max" : 77944,
        "iops_mean" : 63752.947368,
        "iops_stddev" : 7687.570556,
        "iops_samples" : 19
      },
      "trim" : {
        "io_bytes" : 0,
        "io_kbytes" : 0,
        "bw_bytes" : 0,
        "bw" : 0,
        "iops" : 0.000000,
        "runtime" : 0,
        "total_ios" : 0,
        "short_ios" : 0,
        "drop_ios" : 0,
        "slat_ns" : {
          "min" : 0,
          "max" : 0,
          "mean" : 0.000000,
          "stddev" : 0.000000,
          "N" : 0
        },
        "clat_ns" : {
          "min" : 0,
          "max" : 0,
          "mean" : 0.000000,
          "stddev" : 0.000000,
          "N" : 0
        },
        "lat_ns" : {
          "min" : 0,
          "max" : 0,
          "mean" : 0.000000,
          "stddev" : 0.000000,
          "N" : 0
        },
        "bw_min" : 0,
        "bw_max" : 0,
        "bw_agg" : 0.000000,
        "bw_mean" : 0.000000,
        "bw_dev" : 0.000000,
        "bw_samples" : 0,
        "iops_min" : 0,
        "iops_max" : 0,
        "iops_mean" : 0.000000,
        "iops_stddev" : 0.000000,
        "iops_samples" : 0
      },
      "sync" : {
        "total_ios" : 0,
        "lat_ns" : {
          "min" : 0,
          "max" : 0,
          "mean" : 0.000000,
          "stddev" : 0.000000,
          "N" : 0
        }
      },
      "job_runtime" : 10000,
      "usr_cpu" : 19.850000,
      "sys_cpu" : 48.960000,
      "ctx" : 261593,
      "majf" : 0,
      "minf" : 23,
      "iodepth_level" : {
        "1" : 0.100000,
        "2" : 99.999922,
        "4" : 0.000000,
        "8" : 0.000000,
        "16" : 0.000000,
        "32" : 0.000000,
        ">=64" : 0.000000
      },
      "iodepth_submit" : {
        "0" : 0.000000,
        "4" : 100.000000,
        "8" : 0.000000,
        "16" : 0.000000,
        "32" : 0.000000,
        "64" : 0.000000,
        ">=64" : 0.000000
      },
      "iodepth_complete" : {
        "0" : 0.000000,
        "4" : 100.000000,
        "8" : 0.000000,
        "16" : 0.000000,
        "32" : 0.000000,
        "64" : 0.000000,
        ">=64" : 0.000000
      },
      "latency_ns" : {
        "2" : 0.000000,
        "4" : 0.000000,
        "10" : 0.000000,
        "20" : 0.000000,
        "50" : 0.000000,
        "100" : 0.000000,
        "250" : 0.000000,
        "500" : 0.000000,
        "750" : 0.000000,
        "1000" : 0.000000
      },
      "latency_us" : {
        "2" : 0.000000,
        "4" : 0.000000,
        "10" : 0.000000,
        "20" : 0.000000,
        "50" : 0.000000,
        "100" : 0.000000,
        "250" : 0.000000,
        "500" : 0.000000,
        "750" : 0.000000,
        "1000" : 0.000000
      },
      "latency_ms" : {
        "2" : 0.000000,
        "4" : 0.000000,
        "10" : 0.000000,
        "20" : 0.000000,
        "50" : 0.000000,
        "100" : 0.000000,
        "250" : 1.219523,
        "500" : 2.181869,
        "750" : 2.113091,
        "1000" : 1.904495,
        "2000" : 8.009985,
        ">=2000" : 84.571038
      },
      "latency_depth" : 2,
      "latency_target" : 0,
      "latency_percentile" : 100.000000,
      "latency_window" : 0
    }
  ],
  "disk_util" : [
    {
      "name" : "sdb",
      "read_ios" : 0,
      "write_ios" : 99,
      "read_sectors" : 0,
      "write_sectors" : 179040,
      "read_merges" : 0,
      "write_merges" : 42,
      "read_ticks" : 0,
      "write_ticks" : 490,
      "in_queue" : 490,
      "util" : 0.190171
    }
  ]
}
