{
  "fio version" : "fio-3.40",
  "timestamp" : 1760435459,
  "timestamp_ms" : 1760435459916,
  "time" : "Tue Oct 14 09:50:59 2025",
  "global options" : {
    "ioengine" : "librawstor",
    "filename" : "file:///tmp/objects/0199e221-2eac-7617-95cc-4f312985217a"
  },
  "jobs" : [
    {
      "jobname" : "rawstor",
      "groupid" : 0,
      "job_start" : 1760435449769,
      "error" : 0,
      "eta" : 0,
      "elapsed" : 11,
      "job options" : {
        "name" : "rawstor",
        "iodepth" : "2",
        "rw" : "randrw",
        "bs" : "4k",
        "size" : "1G",
        "numjobs" : "1",
        "runtime" : "10",
        "time_based" : "",
        "group_reporting" : ""
      },
      "read" : {
        "io_bytes" : 2835824640,
        "io_kbytes" : 2769360,
        "bw_bytes" : 283554108,
        "bw" : 276908,
        "iops" : 69227.077292,
        "runtime" : 10001,
        "total_ios" : 692340,
        "short_ios" : 0,
        "drop_ios" : 0,
        "slat_ns" : {
          "min" : 0,
          "max" : 0,
          "mean" : 0.000000,
          "stddev" : 0.000000,
          "N" : 692340
        },
        "clat_ns" : {
          "min" : 104885748,
          "max" : 10104704741,
          "mean" : 5368190472.370617,
          "stddev" : 2807570678.727789,
          "N" : 692340,
          "percentile" : {
            "1.000000" : 229638144,
            "5.000000" : 759169024,
            "10.000000" : 1367343104,
            "20.000000" : 2600468480,
            "30.000000" : 3539992576,
            "40.000000" : 4529848320,
            "50.000000" : 5402263552,
            "60.000000" : 6341787648,
            "70.000000" : 7348420608,
            "80.000000" : 8287944704,
            "90.000000" : 9193914368,
            "95.000000" : 9596567552,
            "99.000000" : 9999220736,
            "99.500000" : 9999220736,
            "99.900000" : 10133438464,
            "99.950000" : 10133438464,
            "99.990000" : 10133438464
          }
        },
        "lat_ns" : {
          "min" : 1373,
          "max" : 164160,
          "mean" : 5363.211902,
          "stddev" : 3934.731846,
          "N" : 692340
        },
        "bw_min" : 214432,
        "bw_max" : 320960,
        "bw_agg" : 99.739514,
        "bw_mean" : 276187.842105,
        "bw_dev" : 33823.370823,
        "bw_samples" : 19,
        "iops_min" : 53608,
        "iops_max" : 80242,
        "iops_mean" : 69047.052632,
        "iops_stddev" : 8456.014910,
        "iops_samples" : 19
      },
      "write" : {
        "io_bytes" : 2832261120,
        "io_kbytes" : 2765880,
        "bw_bytes" : 283197792,
        "bw" : 276560,
        "iops" : 69140.085991,
        "runtime" : 10001,
        "total_ios" : 691470,
        "short_ios" : 0,
        "drop_ios" : 0,
        "slat_ns" : {
          "min" : 0,
          "max" : 0,
          "mean" : 0.000000,
          "stddev" : 0.000000,
          "N" : 691470
        },
        "clat_ns" : {
          "min" : 104970849,
          "max" : 10104715711,
          "mean" : 5367205636.914908,
          "stddev" : 2807272797.950336,
          "N" : 691470,
          "percentile" : {
            "1.000000" : 227540992,
            "5.000000" : 759169024,
            "10.000000" : 1384120320,
            "20.000000" : 2566914048,
            "30.000000" : 3539992576,
            "40.000000" : 4462739456,
            "50.000000" : 5402263552,
            "60.000000" : 6341787648,
            "70.000000" : 7348420608,
            "80.000000" : 8287944704,
            "90.000000" : 9193914368,
            "95.000000" : 9596567552,
            "99.000000" : 9999220736,
            "99.500000" : 9999220736,
            "99.900000" : 10133438464,
            "99.950000" : 10133438464,
            "99.990000" : 10133438464
          }
        },
        "lat_ns" : {
          "min" : 4008,
          "max" : 926907,
          "mean" : 22560.823803,
          "stddev" : 7349.542329,
          "N" : 691470
        },
        "bw_min" : 213008,
        "bw_max" : 320688,
        "bw_agg" : 99.761230,
        "bw_mean" : 275900.315789,
        "bw_dev" : 33693.640285,
        "bw_samples" : 19,
        "iops_min" : 53252,
        "iops_max" : 80172,
        "iops_mean" : 68975.052632,
        "iops_stddev" : 8423.460397,
        "iops_samples" : 19
      },
      "trim" : {
        "io_bytes" : 0,
        "io_kbytes" : 0,
        "bw_bytes" : 0,
        "bw" : 0,
        "iops" : 0.000000,
        "runtime" : 0,
        "total_ios" : 0,
        "short_ios" : 0,
        "drop_ios" : 0,
        "slat_ns" : {
          "min" : 0,
          "max" : 0,
          "mean" : 0.000000,
          "stddev" : 0.000000,
          "N" : 0
        },
        "clat_ns" : {
          "min" : 0,
          "max" : 0,
          "mean" : 0.000000,
          "stddev" : 0.000000,
          "N" : 0
        },
        "lat_ns" : {
          "min" : 0,
          "max" : 0,
          "mean" : 0.000000,
          "stddev" : 0.000000,
          "N" : 0
        },
        "bw_min" : 0,
        "bw_max" : 0,
        "bw_agg" : 0.000000,
        "bw_mean" : 0.000000,
        "bw_dev" : 0.000000,
        "bw_samples" : 0,
        "iops_min" : 0,
        "iops_max" : 0,
        "iops_mean" : 0.000000,
        "iops_stddev" : 0.000000,
        "iops_samples" : 0
      },
      "sync" : {
        "total_ios" : 0,
        "lat_ns" : {
          "min" : 0,
          "max" : 0,
          "mean" : 0.000000,
          "stddev" : 0.000000,
          "N" : 0
        }
      },
      "job_runtime" : 10000,
      "usr_cpu" : 19.080000,
      "sys_cpu" : 49.890000,
      "ctx" : 281593,
      "majf" : 0,
      "minf" : 24,
      "iodepth_level" : {
        "1" : 0.100000,
        "2" : 99.999928,
        "4" : 0.000000,
        "8" : 0.000000,
        "16" : 0.000000,
        "32" : 0.000000,
        ">=64" : 0.000000
      },
      "iodepth_submit" : {
        "0" : 0.000000,
        "4" : 100.000000,
        "8" : 0.000000,
        "16" : 0.000000,
        "32" : 0.000000,
        "64" : 0.000000,
        ">=64" : 0.000000
      },
      "iodepth_complete" : {
        "0" : 0.000000,
        "4" : 100.000000,
        "8" : 0.000000,
        "16" : 0.000000,
        "32" : 0.000000,
        "64" : 0.000000,
        ">=64" : 0.000000
      },
      "latency_ns" : {
        "2" : 0.000000,
        "4" : 0.000000,
        "10" : 0.000000,
        "20" : 0.000000,
        "50" : 0.000000,
        "100" : 0.000000,
        "250" : 0.000000,
        "500" : 0.000000,
        "750" : 0.000000,
        "1000" : 0.000000
      },
      "latency_us" : {
        "2" : 0.000000,
        "4" : 0.000000,
        "10" : 0.000000,
        "20" : 0.000000,
        "50" : 0.000000,
        "100" : 0.000000,
        "250" : 0.000000,
        "500" : 0.000000,
        "750" : 0.000000,
        "1000" : 0.000000
      },
      "latency_ms" : {
        "2" : 0.000000,
        "4" : 0.000000,
        "10" : 0.000000,
        "20" : 0.000000,
        "50" : 0.000000,
        "100" : 0.000000,
        "250" : 1.161865,
        "500" : 1.935092,
        "750" : 1.844762,
        "1000" : 1.853578,
        "2000" : 8.208714,
        ">=2000" : 84.995989
      },
      "latency_depth" : 2,
      "latency_target" : 0,
      "latency_percentile" : 100.000000,
      "latency_window" : 0
    }
  ],
  "disk_util" : [
    {
      "name" : "sdb",
      "read_ios" : 0,
      "write_ios" : 87,
      "read_sectors" : 0,
      "write_sectors" : 135512,
      "read_merges" : 0,
      "write_merges" : 15,
      "read_ticks" : 0,
      "write_ticks" : 327,
      "in_queue" : 327,
      "util" : 0.180144
    }
  ]
}
