{
  "fio version" : "fio-3.40",
  "timestamp" : 1768315775,
  "timestamp_ms" : 1768315775937,
  "time" : "Tue Jan 13 14:49:35 2026",
  "global options" : {
    "ioengine" : "librawstor",
    "filename" : "file:///tmp/objects/019bb7d5-4321-7f36-ad28-f362c4d6b17e"
  },
  "jobs" : [
    {
      "jobname" : "rawstor",
      "groupid" : 0,
      "job_start" : 1768315765796,
      "error" : 0,
      "eta" : 0,
      "elapsed" : 11,
      "job options" : {
        "name" : "rawstor",
        "iodepth" : "2",
        "rw" : "randrw",
        "bs" : "4k",
        "size" : "1G",
        "numjobs" : "1",
        "runtime" : "10",
        "time_based" : "",
        "group_reporting" : ""
      },
      "read" : {
        "io_bytes" : 2704060416,
        "io_kbytes" : 2640684,
        "bw_bytes" : 270379003,
        "bw" : 264041,
        "iops" : 66010.498950,
        "runtime" : 10001,
        "total_ios" : 660171,
        "short_ios" : 0,
        "drop_ios" : 0,
        "slat_ns" : {
          "min" : 0,
          "max" : 0,
          "mean" : 0.000000,
          "stddev" : 0.000000,
          "N" : 660171
        },
        "clat_ns" : {
          "min" : 111471236,
          "max" : 10111234337,
          "mean" : 5453565181.519935,
          "stddev" : 2817165174.816517,
          "N" : 660171,
          "percentile" : {
            "1.000000" : 235929600,
            "5.000000" : 750780416,
            "10.000000" : 1400897536,
            "20.000000" : 2667577344,
            "30.000000" : 3640655872,
            "40.000000" : 4596957184,
            "50.000000" : 5603590144,
            "60.000000" : 6476005376,
            "70.000000" : 7415529472,
            "80.000000" : 8355053568,
            "90.000000" : 9193914368,
            "95.000000" : 9730785280,
            "99.000000" : 9999220736,
            "99.500000" : 9999220736,
            "99.900000" : 10133438464,
            "99.950000" : 10133438464,
            "99.990000" : 10133438464
          }
        },
        "lat_ns" : {
          "min" : 1412,
          "max" : 135494,
          "mean" : 5628.880446,
          "stddev" : 4194.702867,
          "N" : 660171
        },
        "bw_min" : 195624,
        "bw_max" : 319120,
        "bw_agg" : 99.378131,
        "bw_mean" : 262400.421053,
        "bw_dev" : 39106.522057,
        "bw_samples" : 19,
        "iops_min" : 48906,
        "iops_max" : 79780,
        "iops_mean" : 65600.105263,
        "iops_stddev" : 9776.630514,
        "iops_samples" : 19
      },
      "write" : {
        "io_bytes" : 2701406208,
        "io_kbytes" : 2638092,
        "bw_bytes" : 270113609,
        "bw" : 263782,
        "iops" : 65945.705429,
        "runtime" : 10001,
        "total_ios" : 659523,
        "short_ios" : 0,
        "drop_ios" : 0,
        "slat_ns" : {
          "min" : 0,
          "max" : 0,
          "mean" : 0.000000,
          "stddev" : 0.000000,
          "N" : 659523
        },
        "clat_ns" : {
          "min" : 111591922,
          "max" : 10111260045,
          "mean" : 5453807570.338187,
          "stddev" : 2817443050.022826,
          "N" : 659523,
          "percentile" : {
            "1.000000" : 235929600,
            "5.000000" : 750780416,
            "10.000000" : 1417674752,
            "20.000000" : 2667577344,
            "30.000000" : 3640655872,
            "40.000000" : 4596957184,
            "50.000000" : 5603590144,
            "60.000000" : 6476005376,
            "70.000000" : 7415529472,
            "80.000000" : 8355053568,
            "90.000000" : 9193914368,
            "95.000000" : 9730785280,
            "99.000000" : 9999220736,
            "99.500000" : 9999220736,
            "99.900000" : 10133438464,
            "99.950000" : 10133438464,
            "99.990000" : 10133438464
          }
        },
        "lat_ns" : {
          "min" : 3937,
          "max" : 1274427,
          "mean" : 23661.285273,
          "stddev" : 7751.840290,
          "N" : 659523
        },
        "bw_min" : 197352,
        "bw_max" : 318096,
        "bw_agg" : 99.374174,
        "bw_mean" : 262132.210526,
        "bw_dev" : 38861.068584,
        "bw_samples" : 19,
        "iops_min" : 49338,
        "iops_max" : 79524,
        "iops_mean" : 65533.052632,
        "iops_stddev" : 9715.267146,
        "iops_samples" : 19
      },
      "trim" : {
        "io_bytes" : 0,
        "io_kbytes" : 0,
        "bw_bytes" : 0,
        "bw" : 0,
        "iops" : 0.000000,
        "runtime" : 0,
        "total_ios" : 0,
        "short_ios" : 0,
        "drop_ios" : 0,
        "slat_ns" : {
          "min" : 0,
          "max" : 0,
          "mean" : 0.000000,
          "stddev" : 0.000000,
          "N" : 0
        },
        "clat_ns" : {
          "min" : 0,
          "max" : 0,
          "mean" : 0.000000,
          "stddev" : 0.000000,
          "N" : 0
        },
        "lat_ns" : {
          "min" : 0,
          "max" : 0,
          "mean" : 0.000000,
          "stddev" : 0.000000,
          "N" : 0
        },
        "bw_min" : 0,
        "bw_max" : 0,
        "bw_agg" : 0.000000,
        "bw_mean" : 0.000000,
        "bw_dev" : 0.000000,
        "bw_samples" : 0,
        "iops_min" : 0,
        "iops_max" : 0,
        "iops_mean" : 0.000000,
        "iops_stddev" : 0.000000,
        "iops_samples" : 0
      },
      "sync" : {
        "total_ios" : 0,
        "lat_ns" : {
          "min" : 0,
          "max" : 0,
          "mean" : 0.000000,
          "stddev" : 0.000000,
          "N" : 0
        }
      },
      "job_runtime" : 10000,
      "usr_cpu" : 19.340000,
      "sys_cpu" : 49.270000,
      "ctx" : 269247,
      "majf" : 0,
      "minf" : 21,
      "iodepth_level" : {
        "1" : 0.100000,
        "2" : 99.999924,
        "4" : 0.000000,
        "8" : 0.000000,
        "16" : 0.000000,
        "32" : 0.000000,
        ">=64" : 0.000000
      },
      "iodepth_submit" : {
        "0" : 0.000000,
        "4" : 100.000000,
        "8" : 0.000000,
        "16" : 0.000000,
        "32" : 0.000000,
        "64" : 0.000000,
        ">=64" : 0.000000
      },
      "iodepth_complete" : {
        "0" : 0.000000,
        "4" : 100.000000,
        "8" : 0.000000,
        "16" : 0.000000,
        "32" : 0.000000,
        "64" : 0.000000,
        ">=64" : 0.000000
      },
      "latency_ns" : {
        "2" : 0.000000,
        "4" : 0.000000,
        "10" : 0.000000,
        "20" : 0.000000,
        "50" : 0.000000,
        "100" : 0.000000,
        "250" : 0.000000,
        "500" : 0.000000,
        "750" : 0.000000,
        "1000" : 0.000000
      },
      "latency_us" : {
        "2" : 0.000000,
        "4" : 0.000000,
        "10" : 0.000000,
        "20" : 0.000000,
        "50" : 0.000000,
        "100" : 0.000000,
        "250" : 0.000000,
        "500" : 0.000000,
        "750" : 0.000000,
        "1000" : 0.000000
      },
      "latency_ms" : {
        "2" : 0.000000,
        "4" : 0.000000,
        "10" : 0.000000,
        "20" : 0.000000,
        "50" : 0.000000,
        "100" : 0.000000,
        "250" : 1.105862,
        "500" : 1.955756,
        "750" : 1.931433,
        "1000" : 2.055552,
        "2000" : 7.442331,
        ">=2000" : 85.509065
      },
      "latency_depth" : 2,
      "latency_target" : 0,
      "latency_percentile" : 100.000000,
      "latency_window" : 0
    }
  ],
  "disk_util" : [
    {
      "name" : "sda",
      "read_ios" : 0,
      "write_ios" : 25,
      "read_sectors" : 0,
      "write_sectors" : 13160,
      "read_merges" : 0,
      "write_merges" : 290,
      "read_ticks" : 0,
      "write_ticks" : 70,
      "in_queue" : 69,
      "util" : 0.030042
    }
  ]
}
