{
  "fio version" : "fio-3.40",
  "timestamp" : 1761389970,
  "timestamp_ms" : 1761389970548,
  "time" : "Sat Oct 25 10:59:30 2025",
  "global options" : {
    "ioengine" : "librawstor",
    "filename" : "file:///tmp/objects/019a1b05-dbd5-711e-9507-407c479b0df9"
  },
  "jobs" : [
    {
      "jobname" : "rawstor",
      "groupid" : 0,
      "job_start" : 1761389960402,
      "error" : 0,
      "eta" : 0,
      "elapsed" : 11,
      "job options" : {
        "name" : "rawstor",
        "iodepth" : "2",
        "rw" : "randrw",
        "bs" : "4k",
        "size" : "1G",
        "numjobs" : "1",
        "runtime" : "10",
        "time_based" : "",
        "group_reporting" : ""
      },
      "read" : {
        "io_bytes" : 2813865984,
        "io_kbytes" : 2747916,
        "bw_bytes" : 281358462,
        "bw" : 274764,
        "iops" : 68691.030897,
        "runtime" : 10001,
        "total_ios" : 686979,
        "short_ios" : 0,
        "drop_ios" : 0,
        "slat_ns" : {
          "min" : 0,
          "max" : 0,
          "mean" : 0.000000,
          "stddev" : 0.000000,
          "N" : 686979
        },
        "clat_ns" : {
          "min" : 104808793,
          "max" : 10104594577,
          "mean" : 5356555760.132883,
          "stddev" : 2798435217.546839,
          "N" : 686979,
          "percentile" : {
            "1.000000" : 219152384,
            "5.000000" : 742391808,
            "10.000000" : 1384120320,
            "20.000000" : 2600468480,
            "30.000000" : 3573547008,
            "40.000000" : 4462739456,
            "50.000000" : 5402263552,
            "60.000000" : 6341787648,
            "70.000000" : 7281311744,
            "80.000000" : 8220835840,
            "90.000000" : 9193914368,
            "95.000000" : 9596567552,
            "99.000000" : 9999220736,
            "99.500000" : 9999220736,
            "99.900000" : 10133438464,
            "99.950000" : 10133438464,
            "99.990000" : 10133438464
          }
        },
        "lat_ns" : {
          "min" : 1353,
          "max" : 140272,
          "mean" : 5389.913782,
          "stddev" : 3930.521061,
          "N" : 686979
        },
        "bw_min" : 202808,
        "bw_max" : 314184,
        "bw_agg" : 99.598884,
        "bw_mean" : 273662.736842,
        "bw_dev" : 35157.069200,
        "bw_samples" : 19,
        "iops_min" : 50702,
        "iops_max" : 78546,
        "iops_mean" : 68415.684211,
        "iops_stddev" : 8789.267300,
        "iops_samples" : 19
      },
      "write" : {
        "io_bytes" : 2810351616,
        "io_kbytes" : 2744484,
        "bw_bytes" : 281007060,
        "bw" : 274420,
        "iops" : 68605.239476,
        "runtime" : 10001,
        "total_ios" : 686121,
        "short_ios" : 0,
        "drop_ios" : 0,
        "slat_ns" : {
          "min" : 0,
          "max" : 0,
          "mean" : 0.000000,
          "stddev" : 0.000000,
          "N" : 686121
        },
        "clat_ns" : {
          "min" : 104903971,
          "max" : 10104617770,
          "mean" : 5355635605.220916,
          "stddev" : 2798064938.941115,
          "N" : 686121,
          "percentile" : {
            "1.000000" : 217055232,
            "5.000000" : 742391808,
            "10.000000" : 1384120320,
            "20.000000" : 2600468480,
            "30.000000" : 3573547008,
            "40.000000" : 4462739456,
            "50.000000" : 5402263552,
            "60.000000" : 6341787648,
            "70.000000" : 7281311744,
            "80.000000" : 8220835840,
            "90.000000" : 9193914368,
            "95.000000" : 9596567552,
            "99.000000" : 9999220736,
            "99.500000" : 9999220736,
            "99.900000" : 10133438464,
            "99.950000" : 10133438464,
            "99.990000" : 10133438464
          }
        },
        "lat_ns" : {
          "min" : 3246,
          "max" : 782620,
          "mean" : 22730.013020,
          "stddev" : 7116.184920,
          "N" : 686121
        },
        "bw_min" : 202416,
        "bw_max" : 313584,
        "bw_agg" : 99.634883,
        "bw_mean" : 273419.368421,
        "bw_dev" : 35124.157518,
        "bw_samples" : 19,
        "iops_min" : 50604,
        "iops_max" : 78396,
        "iops_mean" : 68354.947368,
        "iops_stddev" : 8780.868759,
        "iops_samples" : 19
      },
      "trim" : {
        "io_bytes" : 0,
        "io_kbytes" : 0,
        "bw_bytes" : 0,
        "bw" : 0,
        "iops" : 0.000000,
        "runtime" : 0,
        "total_ios" : 0,
        "short_ios" : 0,
        "drop_ios" : 0,
        "slat_ns" : {
          "min" : 0,
          "max" : 0,
          "mean" : 0.000000,
          "stddev" : 0.000000,
          "N" : 0
        },
        "clat_ns" : {
          "min" : 0,
          "max" : 0,
          "mean" : 0.000000,
          "stddev" : 0.000000,
          "N" : 0
        },
        "lat_ns" : {
          "min" : 0,
          "max" : 0,
          "mean" : 0.000000,
          "stddev" : 0.000000,
          "N" : 0
        },
        "bw_min" : 0,
        "bw_max" : 0,
        "bw_agg" : 0.000000,
        "bw_mean" : 0.000000,
        "bw_dev" : 0.000000,
        "bw_samples" : 0,
        "iops_min" : 0,
        "iops_max" : 0,
        "iops_mean" : 0.000000,
        "iops_stddev" : 0.000000,
        "iops_samples" : 0
      },
      "sync" : {
        "total_ios" : 0,
        "lat_ns" : {
          "min" : 0,
          "max" : 0,
          "mean" : 0.000000,
          "stddev" : 0.000000,
          "N" : 0
        }
      },
      "job_runtime" : 10000,
      "usr_cpu" : 20.000000,
      "sys_cpu" : 48.910000,
      "ctx" : 280352,
      "majf" : 0,
      "minf" : 23,
      "iodepth_level" : {
        "1" : 0.100000,
        "2" : 99.999927,
        "4" : 0.000000,
        "8" : 0.000000,
        "16" : 0.000000,
        "32" : 0.000000,
        ">=64" : 0.000000
      },
      "iodepth_submit" : {
        "0" : 0.000000,
        "4" : 100.000000,
        "8" : 0.000000,
        "16" : 0.000000,
        "32" : 0.000000,
        "64" : 0.000000,
        ">=64" : 0.000000
      },
      "iodepth_complete" : {
        "0" : 0.000000,
        "4" : 100.000000,
        "8" : 0.000000,
        "16" : 0.000000,
        "32" : 0.000000,
        "64" : 0.000000,
        ">=64" : 0.000000
      },
      "latency_ns" : {
        "2" : 0.000000,
        "4" : 0.000000,
        "10" : 0.000000,
        "20" : 0.000000,
        "50" : 0.000000,
        "100" : 0.000000,
        "250" : 0.000000,
        "500" : 0.000000,
        "750" : 0.000000,
        "1000" : 0.000000
      },
      "latency_us" : {
        "2" : 0.000000,
        "4" : 0.000000,
        "10" : 0.000000,
        "20" : 0.000000,
        "50" : 0.000000,
        "100" : 0.000000,
        "250" : 0.000000,
        "500" : 0.000000,
        "750" : 0.000000,
        "1000" : 0.000000
      },
      "latency_ms" : {
        "2" : 0.000000,
        "4" : 0.000000,
        "10" : 0.000000,
        "20" : 0.000000,
        "50" : 0.000000,
        "100" : 0.000000,
        "250" : 1.299250,
        "500" : 1.908382,
        "750" : 1.878450,
        "1000" : 2.173185,
        "2000" : 7.400117,
        ">=2000" : 85.340616
      },
      "latency_depth" : 2,
      "latency_target" : 0,
      "latency_percentile" : 100.000000,
      "latency_window" : 0
    }
  ],
  "disk_util" : [
    {
      "name" : "sdb",
      "read_ios" : 0,
      "write_ios" : 96,
      "read_sectors" : 0,
      "write_sectors" : 152880,
      "read_merges" : 0,
      "write_merges" : 20,
      "read_ticks" : 0,
      "write_ticks" : 790,
      "in_queue" : 790,
      "util" : 0.090072
    }
  ]
}
