{
  "fio version" : "fio-3.40",
  "timestamp" : 1754600478,
  "timestamp_ms" : 1754600478287,
  "time" : "Thu Aug  7 21:01:18 2025",
  "global options" : {
    "ioengine" : "librawstor",
    "filename" : "01988656-6dbc-7fa7-ac53-591b6d64cc7b"
  },
  "jobs" : [
    {
      "jobname" : "rawstor",
      "groupid" : 0,
      "job_start" : 1754600468147,
      "error" : 0,
      "eta" : 0,
      "elapsed" : 11,
      "job options" : {
        "name" : "rawstor",
        "iodepth" : "2",
        "rw" : "randrw",
        "bs" : "4k",
        "size" : "1G",
        "numjobs" : "1",
        "runtime" : "10",
        "time_based" : "",
        "group_reporting" : ""
      },
      "read" : {
        "io_bytes" : 7606177792,
        "io_kbytes" : 7427908,
        "bw_bytes" : 760541725,
        "bw" : 742716,
        "iops" : 185679.132087,
        "runtime" : 10001,
        "total_ios" : 1856977,
        "short_ios" : 0,
        "drop_ios" : 0,
        "slat_ns" : {
          "min" : 0,
          "max" : 0,
          "mean" : 0.000000,
          "stddev" : 0.000000,
          "N" : 1856977
        },
        "clat_ns" : {
          "min" : 111196997,
          "max" : 10111092739,
          "mean" : 5516794249.316963,
          "stddev" : 2722420667.213161,
          "N" : 1856977,
          "percentile" : {
            "1.000000" : 283115520,
            "5.000000" : 1052770304,
            "10.000000" : 1736441856,
            "20.000000" : 2801795072,
            "30.000000" : 3741319168,
            "40.000000" : 4664066048,
            "50.000000" : 5603590144,
            "60.000000" : 6476005376,
            "70.000000" : 7415529472,
            "80.000000" : 8287944704,
            "90.000000" : 9193914368,
            "95.000000" : 9596567552,
            "99.000000" : 9999220736,
            "99.500000" : 10133438464,
            "99.900000" : 10133438464,
            "99.950000" : 10133438464,
            "99.990000" : 10133438464
          }
        },
        "lat_ns" : {
          "min" : 1442,
          "max" : 126477,
          "mean" : 2108.958466,
          "stddev" : 1219.347067,
          "N" : 1856977
        },
        "bw_min" : 379256,
        "bw_max" : 825904,
        "bw_agg" : 99.488024,
        "bw_mean" : 738914.105263,
        "bw_dev" : 141644.276790,
        "bw_samples" : 19,
        "iops_min" : 94814,
        "iops_max" : 206476,
        "iops_mean" : 184728.631579,
        "iops_stddev" : 35411.132349,
        "iops_samples" : 19
      },
      "write" : {
        "io_bytes" : 7597469696,
        "io_kbytes" : 7419404,
        "bw_bytes" : 759671002,
        "bw" : 741866,
        "iops" : 185466.553345,
        "runtime" : 10001,
        "total_ios" : 1854851,
        "short_ios" : 0,
        "drop_ios" : 0,
        "slat_ns" : {
          "min" : 0,
          "max" : 0,
          "mean" : 0.000000,
          "stddev" : 0.000000,
          "N" : 1854851
        },
        "clat_ns" : {
          "min" : 111235369,
          "max" : 10111101906,
          "mean" : 5516425336.726418,
          "stddev" : 2721982331.631620,
          "N" : 1854851,
          "percentile" : {
            "1.000000" : 283115520,
            "5.000000" : 1052770304,
            "10.000000" : 1736441856,
            "20.000000" : 2801795072,
            "30.000000" : 3741319168,
            "40.000000" : 4664066048,
            "50.000000" : 5603590144,
            "60.000000" : 6476005376,
            "70.000000" : 7415529472,
            "80.000000" : 8287944704,
            "90.000000" : 9193914368,
            "95.000000" : 9596567552,
            "99.000000" : 9999220736,
            "99.500000" : 9999220736,
            "99.900000" : 10133438464,
            "99.950000" : 10133438464,
            "99.990000" : 10133438464
          }
        },
        "lat_ns" : {
          "min" : 4288,
          "max" : 149569,
          "mean" : 8153.234488,
          "stddev" : 4371.712367,
          "N" : 1854851
        },
        "bw_min" : 379432,
        "bw_max" : 830096,
        "bw_agg" : 99.500420,
        "bw_mean" : 738160.000000,
        "bw_dev" : 141437.761068,
        "bw_samples" : 19,
        "iops_min" : 94858,
        "iops_max" : 207524,
        "iops_mean" : 184540.000000,
        "iops_stddev" : 35359.440267,
        "iops_samples" : 19
      },
      "trim" : {
        "io_bytes" : 0,
        "io_kbytes" : 0,
        "bw_bytes" : 0,
        "bw" : 0,
        "iops" : 0.000000,
        "runtime" : 0,
        "total_ios" : 0,
        "short_ios" : 0,
        "drop_ios" : 0,
        "slat_ns" : {
          "min" : 0,
          "max" : 0,
          "mean" : 0.000000,
          "stddev" : 0.000000,
          "N" : 0
        },
        "clat_ns" : {
          "min" : 0,
          "max" : 0,
          "mean" : 0.000000,
          "stddev" : 0.000000,
          "N" : 0
        },
        "lat_ns" : {
          "min" : 0,
          "max" : 0,
          "mean" : 0.000000,
          "stddev" : 0.000000,
          "N" : 0
        },
        "bw_min" : 0,
        "bw_max" : 0,
        "bw_agg" : 0.000000,
        "bw_mean" : 0.000000,
        "bw_dev" : 0.000000,
        "bw_samples" : 0,
        "iops_min" : 0,
        "iops_max" : 0,
        "iops_mean" : 0.000000,
        "iops_stddev" : 0.000000,
        "iops_samples" : 0
      },
      "sync" : {
        "total_ios" : 0,
        "lat_ns" : {
          "min" : 0,
          "max" : 0,
          "mean" : 0.000000,
          "stddev" : 0.000000,
          "N" : 0
        }
      },
      "job_runtime" : 10000,
      "usr_cpu" : 26.930000,
      "sys_cpu" : 73.040000,
      "ctx" : 66,
      "majf" : 0,
      "minf" : 26,
      "iodepth_level" : {
        "1" : 0.100000,
        "2" : 99.999973,
        "4" : 0.000000,
        "8" : 0.000000,
        "16" : 0.000000,
        "32" : 0.000000,
        ">=64" : 0.000000
      },
      "iodepth_submit" : {
        "0" : 0.000000,
        "4" : 100.000000,
        "8" : 0.000000,
        "16" : 0.000000,
        "32" : 0.000000,
        "64" : 0.000000,
        ">=64" : 0.000000
      },
      "iodepth_complete" : {
        "0" : 0.000000,
        "4" : 100.000000,
        "8" : 0.000000,
        "16" : 0.000000,
        "32" : 0.000000,
        "64" : 0.000000,
        ">=64" : 0.000000
      },
      "latency_ns" : {
        "2" : 0.000000,
        "4" : 0.000000,
        "10" : 0.000000,
        "20" : 0.000000,
        "50" : 0.000000,
        "100" : 0.000000,
        "250" : 0.000000,
        "500" : 0.000000,
        "750" : 0.000000,
        "1000" : 0.000000
      },
      "latency_us" : {
        "2" : 0.000000,
        "4" : 0.000000,
        "10" : 0.000000,
        "20" : 0.000000,
        "50" : 0.000000,
        "100" : 0.000000,
        "250" : 0.000000,
        "500" : 0.000000,
        "750" : 0.000000,
        "1000" : 0.000000
      },
      "latency_ms" : {
        "2" : 0.000000,
        "4" : 0.000000,
        "10" : 0.000000,
        "20" : 0.000000,
        "50" : 0.000000,
        "100" : 0.000000,
        "250" : 0.804994,
        "500" : 1.389262,
        "750" : 1.282091,
        "1000" : 1.257655,
        "2000" : 7.609539,
        ">=2000" : 87.656459
      },
      "latency_depth" : 2,
      "latency_target" : 0,
      "latency_percentile" : 100.000000,
      "latency_window" : 0
    }
  ],
  "disk_util" : [
    {
      "name" : "sda",
      "read_ios" : 0,
      "write_ios" : 109,
      "read_sectors" : 0,
      "write_sectors" : 31136,
      "read_merges" : 0,
      "write_merges" : 733,
      "read_ticks" : 0,
      "write_ticks" : 498,
      "in_queue" : 497,
      "util" : 0.090144
    }
  ]
}
