{
  "fio version" : "fio-3.40",
  "timestamp" : 1761475512,
  "timestamp_ms" : 1761475512120,
  "time" : "Sun Oct 26 10:45:12 2025",
  "global options" : {
    "ioengine" : "librawstor",
    "filename" : "file:///tmp/objects/019a201f-1e99-7bf1-b590-68cdabcbd437"
  },
  "jobs" : [
    {
      "jobname" : "rawstor",
      "groupid" : 0,
      "job_start" : 1761475501980,
      "error" : 0,
      "eta" : 0,
      "elapsed" : 11,
      "job options" : {
        "name" : "rawstor",
        "iodepth" : "2",
        "rw" : "randrw",
        "bs" : "4k",
        "size" : "1G",
        "numjobs" : "1",
        "runtime" : "10",
        "time_based" : "",
        "group_reporting" : ""
      },
      "read" : {
        "io_bytes" : 7083630592,
        "io_kbytes" : 6917608,
        "bw_bytes" : 708292229,
        "bw" : 691691,
        "iops" : 172922.907709,
        "runtime" : 10001,
        "total_ios" : 1729402,
        "short_ios" : 0,
        "drop_ios" : 0,
        "slat_ns" : {
          "min" : 0,
          "max" : 0,
          "mean" : 0.000000,
          "stddev" : 0.000000,
          "N" : 1729402
        },
        "clat_ns" : {
          "min" : 111211894,
          "max" : 10111029429,
          "mean" : 5496839840.017123,
          "stddev" : 2733020405.318176,
          "N" : 1729402,
          "percentile" : {
            "1.000000" : 278921216,
            "5.000000" : 1010827264,
            "10.000000" : 1686110208,
            "20.000000" : 2768240640,
            "30.000000" : 3741319168,
            "40.000000" : 4664066048,
            "50.000000" : 5603590144,
            "60.000000" : 6476005376,
            "70.000000" : 7415529472,
            "80.000000" : 8287944704,
            "90.000000" : 9193914368,
            "95.000000" : 9596567552,
            "99.000000" : 9999220736,
            "99.500000" : 9999220736,
            "99.900000" : 10133438464,
            "99.950000" : 10133438464,
            "99.990000" : 10133438464
          }
        },
        "lat_ns" : {
          "min" : 1663,
          "max" : 108703,
          "mean" : 2305.054361,
          "stddev" : 1210.649836,
          "N" : 1729402
        },
        "bw_min" : 376400,
        "bw_max" : 766248,
        "bw_agg" : 99.529613,
        "bw_mean" : 688438.315789,
        "bw_dev" : 124256.750494,
        "bw_samples" : 19,
        "iops_min" : 94100,
        "iops_max" : 191562,
        "iops_mean" : 172109.578947,
        "iops_stddev" : 31064.184426,
        "iops_samples" : 19
      },
      "write" : {
        "io_bytes" : 7076970496,
        "io_kbytes" : 6911104,
        "bw_bytes" : 707626286,
        "bw" : 691041,
        "iops" : 172760.323968,
        "runtime" : 10001,
        "total_ios" : 1727776,
        "short_ios" : 0,
        "drop_ios" : 0,
        "slat_ns" : {
          "min" : 0,
          "max" : 0,
          "mean" : 0.000000,
          "stddev" : 0.000000,
          "N" : 1727776
        },
        "clat_ns" : {
          "min" : 111273719,
          "max" : 10111035139,
          "mean" : 5497428014.540175,
          "stddev" : 2733088088.622946,
          "N" : 1727776,
          "percentile" : {
            "1.000000" : 278921216,
            "5.000000" : 1010827264,
            "10.000000" : 1686110208,
            "20.000000" : 2768240640,
            "30.000000" : 3741319168,
            "40.000000" : 4664066048,
            "50.000000" : 5603590144,
            "60.000000" : 6476005376,
            "70.000000" : 7415529472,
            "80.000000" : 8287944704,
            "90.000000" : 9193914368,
            "95.000000" : 9596567552,
            "99.000000" : 9999220736,
            "99.500000" : 9999220736,
            "99.900000" : 10133438464,
            "99.950000" : 10133438464,
            "99.990000" : 10133438464
          }
        },
        "lat_ns" : {
          "min" : 4900,
          "max" : 159038,
          "mean" : 8760.060517,
          "stddev" : 4563.292613,
          "N" : 1727776
        },
        "bw_min" : 377592,
        "bw_max" : 765576,
        "bw_agg" : 99.540361,
        "bw_mean" : 687865.263158,
        "bw_dev" : 124149.098469,
        "bw_samples" : 19,
        "iops_min" : 94398,
        "iops_max" : 191394,
        "iops_mean" : 171966.315789,
        "iops_stddev" : 31037.234601,
        "iops_samples" : 19
      },
      "trim" : {
        "io_bytes" : 0,
        "io_kbytes" : 0,
        "bw_bytes" : 0,
        "bw" : 0,
        "iops" : 0.000000,
        "runtime" : 0,
        "total_ios" : 0,
        "short_ios" : 0,
        "drop_ios" : 0,
        "slat_ns" : {
          "min" : 0,
          "max" : 0,
          "mean" : 0.000000,
          "stddev" : 0.000000,
          "N" : 0
        },
        "clat_ns" : {
          "min" : 0,
          "max" : 0,
          "mean" : 0.000000,
          "stddev" : 0.000000,
          "N" : 0
        },
        "lat_ns" : {
          "min" : 0,
          "max" : 0,
          "mean" : 0.000000,
          "stddev" : 0.000000,
          "N" : 0
        },
        "bw_min" : 0,
        "bw_max" : 0,
        "bw_agg" : 0.000000,
        "bw_mean" : 0.000000,
        "bw_dev" : 0.000000,
        "bw_samples" : 0,
        "iops_min" : 0,
        "iops_max" : 0,
        "iops_mean" : 0.000000,
        "iops_stddev" : 0.000000,
        "iops_samples" : 0
      },
      "sync" : {
        "total_ios" : 0,
        "lat_ns" : {
          "min" : 0,
          "max" : 0,
          "mean" : 0.000000,
          "stddev" : 0.000000,
          "N" : 0
        }
      },
      "job_runtime" : 10000,
      "usr_cpu" : 29.320000,
      "sys_cpu" : 70.660000,
      "ctx" : 80,
      "majf" : 0,
      "minf" : 36,
      "iodepth_level" : {
        "1" : 0.100000,
        "2" : 99.999971,
        "4" : 0.000000,
        "8" : 0.000000,
        "16" : 0.000000,
        "32" : 0.000000,
        ">=64" : 0.000000
      },
      "iodepth_submit" : {
        "0" : 0.000000,
        "4" : 100.000000,
        "8" : 0.000000,
        "16" : 0.000000,
        "32" : 0.000000,
        "64" : 0.000000,
        ">=64" : 0.000000
      },
      "iodepth_complete" : {
        "0" : 0.000000,
        "4" : 100.000000,
        "8" : 0.000000,
        "16" : 0.000000,
        "32" : 0.000000,
        "64" : 0.000000,
        ">=64" : 0.000000
      },
      "latency_ns" : {
        "2" : 0.000000,
        "4" : 0.000000,
        "10" : 0.000000,
        "20" : 0.000000,
        "50" : 0.000000,
        "100" : 0.000000,
        "250" : 0.000000,
        "500" : 0.000000,
        "750" : 0.000000,
        "1000" : 0.000000
      },
      "latency_us" : {
        "2" : 0.000000,
        "4" : 0.000000,
        "10" : 0.000000,
        "20" : 0.000000,
        "50" : 0.000000,
        "100" : 0.000000,
        "250" : 0.000000,
        "500" : 0.000000,
        "750" : 0.000000,
        "1000" : 0.000000
      },
      "latency_ms" : {
        "2" : 0.000000,
        "4" : 0.000000,
        "10" : 0.000000,
        "20" : 0.000000,
        "50" : 0.000000,
        "100" : 0.000000,
        "250" : 0.830591,
        "500" : 1.383730,
        "750" : 1.364813,
        "1000" : 1.347284,
        "2000" : 7.870176,
        ">=2000" : 87.203407
      },
      "latency_depth" : 2,
      "latency_target" : 0,
      "latency_percentile" : 100.000000,
      "latency_window" : 0
    }
  ],
  "disk_util" : [
    {
      "name" : "sda",
      "read_ios" : 0,
      "write_ios" : 5,
      "read_sectors" : 0,
      "write_sectors" : 1720,
      "read_merges" : 0,
      "write_merges" : 32,
      "read_ticks" : 0,
      "write_ticks" : 3,
      "in_queue" : 3,
      "util" : 0.010015
    }
  ]
}
