{
  "fio version" : "fio-3.40",
  "timestamp" : 1756754660,
  "timestamp_ms" : 1756754660371,
  "time" : "Mon Sep  1 19:24:20 2025",
  "global options" : {
    "ioengine" : "librawstor",
    "filename" : "019906bc-a375-7959-99a6-7119d46bfeca"
  },
  "jobs" : [
    {
      "jobname" : "rawstor",
      "groupid" : 0,
      "job_start" : 1756754650232,
      "error" : 0,
      "eta" : 0,
      "elapsed" : 11,
      "job options" : {
        "name" : "rawstor",
        "iodepth" : "2",
        "rw" : "randrw",
        "bs" : "4k",
        "size" : "1G",
        "numjobs" : "1",
        "runtime" : "10",
        "time_based" : "",
        "group_reporting" : ""
      },
      "read" : {
        "io_bytes" : 7031513088,
        "io_kbytes" : 6866712,
        "bw_bytes" : 703081000,
        "bw" : 686602,
        "iops" : 171650.634937,
        "runtime" : 10001,
        "total_ios" : 1716678,
        "short_ios" : 0,
        "drop_ios" : 0,
        "slat_ns" : {
          "min" : 0,
          "max" : 0,
          "mean" : 0.000000,
          "stddev" : 0.000000,
          "N" : 1716678
        },
        "clat_ns" : {
          "min" : 111138442,
          "max" : 10111058701,
          "mean" : 5552004862.345786,
          "stddev" : 2717122881.019351,
          "N" : 1716678,
          "percentile" : {
            "1.000000" : 274726912,
            "5.000000" : 1035993088,
            "10.000000" : 1753219072,
            "20.000000" : 2835349504,
            "30.000000" : 3808428032,
            "40.000000" : 4731174912,
            "50.000000" : 5670699008,
            "60.000000" : 6543114240,
            "70.000000" : 7415529472,
            "80.000000" : 8355053568,
            "90.000000" : 9193914368,
            "95.000000" : 9596567552,
            "99.000000" : 9999220736,
            "99.500000" : 10133438464,
            "99.900000" : 10133438464,
            "99.950000" : 10133438464,
            "99.990000" : 10133438464
          }
        },
        "lat_ns" : {
          "min" : 1603,
          "max" : 220282,
          "mean" : 2298.911137,
          "stddev" : 1307.393820,
          "N" : 1716678
        },
        "bw_min" : 350128,
        "bw_max" : 777776,
        "bw_agg" : 100.000000,
        "bw_mean" : 686671.200000,
        "bw_dev" : 133474.756294,
        "bw_samples" : 20,
        "iops_min" : 87532,
        "iops_max" : 194444,
        "iops_mean" : 171667.800000,
        "iops_stddev" : 33368.680727,
        "iops_samples" : 20
      },
      "write" : {
        "io_bytes" : 7025565696,
        "io_kbytes" : 6860904,
        "bw_bytes" : 702486320,
        "bw" : 686021,
        "iops" : 171505.449455,
        "runtime" : 10001,
        "total_ios" : 1715226,
        "short_ios" : 0,
        "drop_ios" : 0,
        "slat_ns" : {
          "min" : 0,
          "max" : 0,
          "mean" : 0.000000,
          "stddev" : 0.000000,
          "N" : 1715226
        },
        "clat_ns" : {
          "min" : 111181793,
          "max" : 10111061577,
          "mean" : 5553025115.616519,
          "stddev" : 2717421472.642138,
          "N" : 1715226,
          "percentile" : {
            "1.000000" : 274726912,
            "5.000000" : 1044381696,
            "10.000000" : 1753219072,
            "20.000000" : 2835349504,
            "30.000000" : 3808428032,
            "40.000000" : 4731174912,
            "50.000000" : 5670699008,
            "60.000000" : 6543114240,
            "70.000000" : 7415529472,
            "80.000000" : 8355053568,
            "90.000000" : 9193914368,
            "95.000000" : 9730785280,
            "99.000000" : 9999220736,
            "99.500000" : 9999220736,
            "99.900000" : 10133438464,
            "99.950000" : 10133438464,
            "99.990000" : 10133438464
          }
        },
        "lat_ns" : {
          "min" : 4658,
          "max" : 235922,
          "mean" : 8819.295422,
          "stddev" : 4771.178457,
          "N" : 1715226
        },
        "bw_min" : 350272,
        "bw_max" : 776800,
        "bw_agg" : 100.000000,
        "bw_mean" : 686090.400000,
        "bw_dev" : 133298.073232,
        "bw_samples" : 20,
        "iops_min" : 87568,
        "iops_max" : 194200,
        "iops_mean" : 171522.600000,
        "iops_stddev" : 33324.518308,
        "iops_samples" : 20
      },
      "trim" : {
        "io_bytes" : 0,
        "io_kbytes" : 0,
        "bw_bytes" : 0,
        "bw" : 0,
        "iops" : 0.000000,
        "runtime" : 0,
        "total_ios" : 0,
        "short_ios" : 0,
        "drop_ios" : 0,
        "slat_ns" : {
          "min" : 0,
          "max" : 0,
          "mean" : 0.000000,
          "stddev" : 0.000000,
          "N" : 0
        },
        "clat_ns" : {
          "min" : 0,
          "max" : 0,
          "mean" : 0.000000,
          "stddev" : 0.000000,
          "N" : 0
        },
        "lat_ns" : {
          "min" : 0,
          "max" : 0,
          "mean" : 0.000000,
          "stddev" : 0.000000,
          "N" : 0
        },
        "bw_min" : 0,
        "bw_max" : 0,
        "bw_agg" : 0.000000,
        "bw_mean" : 0.000000,
        "bw_dev" : 0.000000,
        "bw_samples" : 0,
        "iops_min" : 0,
        "iops_max" : 0,
        "iops_mean" : 0.000000,
        "iops_stddev" : 0.000000,
        "iops_samples" : 0
      },
      "sync" : {
        "total_ios" : 0,
        "lat_ns" : {
          "min" : 0,
          "max" : 0,
          "mean" : 0.000000,
          "stddev" : 0.000000,
          "N" : 0
        }
      },
      "job_runtime" : 10000,
      "usr_cpu" : 26.240000,
      "sys_cpu" : 73.740000,
      "ctx" : 69,
      "majf" : 0,
      "minf" : 14,
      "iodepth_level" : {
        "1" : 0.100000,
        "2" : 99.999971,
        "4" : 0.000000,
        "8" : 0.000000,
        "16" : 0.000000,
        "32" : 0.000000,
        ">=64" : 0.000000
      },
      "iodepth_submit" : {
        "0" : 0.000000,
        "4" : 100.000000,
        "8" : 0.000000,
        "16" : 0.000000,
        "32" : 0.000000,
        "64" : 0.000000,
        ">=64" : 0.000000
      },
      "iodepth_complete" : {
        "0" : 0.000000,
        "4" : 100.000000,
        "8" : 0.000000,
        "16" : 0.000000,
        "32" : 0.000000,
        "64" : 0.000000,
        ">=64" : 0.000000
      },
      "latency_ns" : {
        "2" : 0.000000,
        "4" : 0.000000,
        "10" : 0.000000,
        "20" : 0.000000,
        "50" : 0.000000,
        "100" : 0.000000,
        "250" : 0.000000,
        "500" : 0.000000,
        "750" : 0.000000,
        "1000" : 0.000000
      },
      "latency_us" : {
        "2" : 0.000000,
        "4" : 0.000000,
        "10" : 0.000000,
        "20" : 0.000000,
        "50" : 0.000000,
        "100" : 0.000000,
        "250" : 0.000000,
        "500" : 0.000000,
        "750" : 0.000000,
        "1000" : 0.000000
      },
      "latency_ms" : {
        "2" : 0.000000,
        "4" : 0.000000,
        "10" : 0.000000,
        "20" : 0.000000,
        "50" : 0.000000,
        "100" : 0.000000,
        "250" : 0.841370,
        "500" : 1.377661,
        "750" : 1.292723,
        "1000" : 1.286749,
        "2000" : 7.326108,
        ">=2000" : 87.875389
      },
      "latency_depth" : 2,
      "latency_target" : 0,
      "latency_percentile" : 100.000000,
      "latency_window" : 0
    }
  ],
  "disk_util" : [
    {
      "name" : "sda",
      "read_ios" : 1,
      "write_ios" : 274,
      "read_sectors" : 208,
      "write_sectors" : 238088,
      "read_merges" : 0,
      "write_merges" : 284,
      "read_ticks" : 0,
      "write_ticks" : 1334,
      "in_queue" : 1334,
      "util" : 0.230346
    }
  ]
}
