{
  "fio version" : "fio-3.40",
  "timestamp" : 1757925891,
  "timestamp_ms" : 1757925891916,
  "time" : "Mon Sep 15 08:44:51 2025",
  "global options" : {
    "ioengine" : "librawstor",
    "filename" : "01994c8c-36ad-7321-98a5-6115ad6e5adb"
  },
  "jobs" : [
    {
      "jobname" : "rawstor",
      "groupid" : 0,
      "job_start" : 1757925881770,
      "error" : 0,
      "eta" : 0,
      "elapsed" : 11,
      "job options" : {
        "name" : "rawstor",
        "iodepth" : "1",
        "rw" : "randrw",
        "bs" : "4k",
        "size" : "1G",
        "numjobs" : "1",
        "runtime" : "10",
        "time_based" : "",
        "group_reporting" : ""
      },
      "read" : {
        "io_bytes" : 1237024768,
        "io_kbytes" : 1208032,
        "bw_bytes" : 123690107,
        "bw" : 120791,
        "iops" : 30197.780222,
        "runtime" : 10001,
        "total_ios" : 302008,
        "short_ios" : 0,
        "drop_ios" : 0,
        "slat_ns" : {
          "min" : 9,
          "max" : 15109,
          "mean" : 44.755321,
          "stddev" : 96.668241,
          "N" : 302008
        },
        "clat_ns" : {
          "min" : 1233,
          "max" : 147416,
          "mean" : 3444.531632,
          "stddev" : 3106.152853,
          "N" : 302008,
          "percentile" : {
            "1.000000" : 1576,
            "5.000000" : 1672,
            "10.000000" : 1720,
            "20.000000" : 1800,
            "30.000000" : 1976,
            "40.000000" : 2224,
            "50.000000" : 2384,
            "60.000000" : 2736,
            "70.000000" : 3408,
            "80.000000" : 4576,
            "90.000000" : 6048,
            "95.000000" : 8256,
            "99.000000" : 16064,
            "99.500000" : 19840,
            "99.900000" : 28288,
            "99.950000" : 34048,
            "99.990000" : 82432
          }
        },
        "lat_ns" : {
          "min" : 1263,
          "max" : 147516,
          "mean" : 3489.286953,
          "stddev" : 3113.489308,
          "N" : 302008
        },
        "bw_min" : 100000,
        "bw_max" : 137680,
        "bw_agg" : 100.000000,
        "bw_mean" : 120803.200000,
        "bw_dev" : 11146.772587,
        "bw_samples" : 20,
        "iops_min" : 25000,
        "iops_max" : 34420,
        "iops_mean" : 30200.800000,
        "iops_stddev" : 2786.693147,
        "iops_samples" : 20
      },
      "write" : {
        "io_bytes" : 1236443136,
        "io_kbytes" : 1207464,
        "bw_bytes" : 123631950,
        "bw" : 120734,
        "iops" : 30183.581642,
        "runtime" : 10001,
        "total_ios" : 301866,
        "short_ios" : 0,
        "drop_ios" : 0,
        "slat_ns" : {
          "min" : 29,
          "max" : 20739,
          "mean" : 78.796102,
          "stddev" : 115.279034,
          "N" : 301866
        },
        "clat_ns" : {
          "min" : 9057,
          "max" : 3052162,
          "mean" : 28556.258002,
          "stddev" : 10541.341678,
          "N" : 301866,
          "percentile" : {
            "1.000000" : 21888,
            "5.000000" : 22912,
            "10.000000" : 23680,
            "20.000000" : 24704,
            "30.000000" : 25728,
            "40.000000" : 26496,
            "50.000000" : 27264,
            "60.000000" : 28032,
            "70.000000" : 29824,
            "80.000000" : 32384,
            "90.000000" : 34560,
            "95.000000" : 36096,
            "99.000000" : 43264,
            "99.500000" : 47872,
            "99.900000" : 76288,
            "99.950000" : 148480,
            "99.990000" : 354304
          }
        },
        "lat_ns" : {
          "min" : 9127,
          "max" : 3052212,
          "mean" : 28635.054103,
          "stddev" : 10548.510208,
          "N" : 301866
        },
        "bw_min" : 99520,
        "bw_max" : 135720,
        "bw_agg" : 100.000000,
        "bw_mean" : 120746.400000,
        "bw_dev" : 10991.233897,
        "bw_samples" : 20,
        "iops_min" : 24880,
        "iops_max" : 33930,
        "iops_mean" : 30186.600000,
        "iops_stddev" : 2747.808474,
        "iops_samples" : 20
      },
      "trim" : {
        "io_bytes" : 0,
        "io_kbytes" : 0,
        "bw_bytes" : 0,
        "bw" : 0,
        "iops" : 0.000000,
        "runtime" : 0,
        "total_ios" : 0,
        "short_ios" : 0,
        "drop_ios" : 0,
        "slat_ns" : {
          "min" : 0,
          "max" : 0,
          "mean" : 0.000000,
          "stddev" : 0.000000,
          "N" : 0
        },
        "clat_ns" : {
          "min" : 0,
          "max" : 0,
          "mean" : 0.000000,
          "stddev" : 0.000000,
          "N" : 0
        },
        "lat_ns" : {
          "min" : 0,
          "max" : 0,
          "mean" : 0.000000,
          "stddev" : 0.000000,
          "N" : 0
        },
        "bw_min" : 0,
        "bw_max" : 0,
        "bw_agg" : 0.000000,
        "bw_mean" : 0.000000,
        "bw_dev" : 0.000000,
        "bw_samples" : 0,
        "iops_min" : 0,
        "iops_max" : 0,
        "iops_mean" : 0.000000,
        "iops_stddev" : 0.000000,
        "iops_samples" : 0
      },
      "sync" : {
        "total_ios" : 0,
        "lat_ns" : {
          "min" : 0,
          "max" : 0,
          "mean" : 0.000000,
          "stddev" : 0.000000,
          "N" : 0
        }
      },
      "job_runtime" : 10000,
      "usr_cpu" : 9.060000,
      "sys_cpu" : 38.690000,
      "ctx" : 301622,
      "majf" : 0,
      "minf" : 29,
      "iodepth_level" : {
        "1" : 100.000000,
        "2" : 0.000000,
        "4" : 0.000000,
        "8" : 0.000000,
        "16" : 0.000000,
        "32" : 0.000000,
        ">=64" : 0.000000
      },
      "iodepth_submit" : {
        "0" : 0.000000,
        "4" : 100.000000,
        "8" : 0.000000,
        "16" : 0.000000,
        "32" : 0.000000,
        "64" : 0.000000,
        ">=64" : 0.000000
      },
      "iodepth_complete" : {
        "0" : 0.000000,
        "4" : 100.000000,
        "8" : 0.000000,
        "16" : 0.000000,
        "32" : 0.000000,
        "64" : 0.000000,
        ">=64" : 0.000000
      },
      "latency_ns" : {
        "2" : 0.000000,
        "4" : 0.000000,
        "10" : 0.000000,
        "20" : 0.000000,
        "50" : 0.000000,
        "100" : 0.000000,
        "250" : 0.000000,
        "500" : 0.000000,
        "750" : 0.000000,
        "1000" : 0.000000
      },
      "latency_us" : {
        "2" : 15.359330,
        "4" : 22.853277,
        "10" : 10.206268,
        "20" : 1.434074,
        "50" : 49.963569,
        "100" : 0.137611,
        "250" : 0.036597,
        "500" : 0.010000,
        "750" : 0.010000,
        "1000" : 0.000000
      },
      "latency_ms" : {
        "2" : 0.010000,
        "4" : 0.010000,
        "10" : 0.000000,
        "20" : 0.000000,
        "50" : 0.000000,
        "100" : 0.000000,
        "250" : 0.000000,
        "500" : 0.000000,
        "750" : 0.000000,
        "1000" : 0.000000,
        "2000" : 0.000000,
        ">=2000" : 0.000000
      },
      "latency_depth" : 1,
      "latency_target" : 0,
      "latency_percentile" : 100.000000,
      "latency_window" : 0
    }
  ],
  "disk_util" : [
    {
      "name" : "sdb",
      "read_ios" : 0,
      "write_ios" : 8,
      "read_sectors" : 0,
      "write_sectors" : 1976,
      "read_merges" : 0,
      "write_merges" : 41,
      "read_ticks" : 0,
      "write_ticks" : 5,
      "in_queue" : 5,
      "util" : 0.010009
    }
  ]
}
