{
  "fio version" : "fio-3.40",
  "timestamp" : 1767778647,
  "timestamp_ms" : 1767778647492,
  "time" : "Wed Jan  7 09:37:27 2026",
  "global options" : {
    "ioengine" : "librawstor",
    "filename" : "file:///tmp/objects/019b97d1-5522-7537-9057-f30349ecbc1c"
  },
  "jobs" : [
    {
      "jobname" : "rawstor",
      "groupid" : 0,
      "job_start" : 1767778637346,
      "error" : 0,
      "eta" : 0,
      "elapsed" : 11,
      "job options" : {
        "name" : "rawstor",
        "iodepth" : "1",
        "rw" : "randrw",
        "bs" : "4k",
        "size" : "1G",
        "numjobs" : "1",
        "runtime" : "10",
        "time_based" : "",
        "group_reporting" : ""
      },
      "read" : {
        "io_bytes" : 1228730368,
        "io_kbytes" : 1199932,
        "bw_bytes" : 122860750,
        "bw" : 119981,
        "iops" : 29995.300470,
        "runtime" : 10001,
        "total_ios" : 299983,
        "short_ios" : 0,
        "drop_ios" : 0,
        "slat_ns" : {
          "min" : 9,
          "max" : 18455,
          "mean" : 50.222736,
          "stddev" : 118.412000,
          "N" : 299983
        },
        "clat_ns" : {
          "min" : 1393,
          "max" : 125836,
          "mean" : 3638.569126,
          "stddev" : 3004.266205,
          "N" : 299983,
          "percentile" : {
            "1.000000" : 1720,
            "5.000000" : 1816,
            "10.000000" : 1864,
            "20.000000" : 1944,
            "30.000000" : 2096,
            "40.000000" : 2384,
            "50.000000" : 2576,
            "60.000000" : 3280,
            "70.000000" : 3664,
            "80.000000" : 4640,
            "90.000000" : 6240,
            "95.000000" : 8384,
            "99.000000" : 16192,
            "99.500000" : 20096,
            "99.900000" : 28032,
            "99.950000" : 33536,
            "99.990000" : 72192
          }
        },
        "lat_ns" : {
          "min" : 1413,
          "max" : 125956,
          "mean" : 3688.791862,
          "stddev" : 3015.546045,
          "N" : 299983
        },
        "bw_min" : 105488,
        "bw_max" : 142080,
        "bw_agg" : 98.987174,
        "bw_mean" : 118766.736842,
        "bw_dev" : 9206.997248,
        "bw_samples" : 19,
        "iops_min" : 26372,
        "iops_max" : 35520,
        "iops_mean" : 29691.789474,
        "iops_stddev" : 2301.705348,
        "iops_samples" : 19
      },
      "write" : {
        "io_bytes" : 1228378112,
        "io_kbytes" : 1199588,
        "bw_bytes" : 122825528,
        "bw" : 119946,
        "iops" : 29986.701330,
        "runtime" : 10001,
        "total_ios" : 299897,
        "short_ios" : 0,
        "drop_ios" : 0,
        "slat_ns" : {
          "min" : 30,
          "max" : 22151,
          "mean" : 95.312187,
          "stddev" : 177.357547,
          "N" : 299897
        },
        "clat_ns" : {
          "min" : 8486,
          "max" : 748970,
          "mean" : 28609.817861,
          "stddev" : 5186.433569,
          "N" : 299897,
          "percentile" : {
            "1.000000" : 21888,
            "5.000000" : 22912,
            "10.000000" : 23680,
            "20.000000" : 24704,
            "30.000000" : 25984,
            "40.000000" : 26752,
            "50.000000" : 27520,
            "60.000000" : 28544,
            "70.000000" : 30080,
            "80.000000" : 32640,
            "90.000000" : 34560,
            "95.000000" : 35584,
            "99.000000" : 43264,
            "99.500000" : 47872,
            "99.900000" : 54528,
            "99.950000" : 57088,
            "99.990000" : 97792
          }
        },
        "lat_ns" : {
          "min" : 8546,
          "max" : 749191,
          "mean" : 28705.130048,
          "stddev" : 5219.386867,
          "N" : 299897
        },
        "bw_min" : 105856,
        "bw_max" : 141120,
        "bw_agg" : 99.094761,
        "bw_mean" : 118861.894737,
        "bw_dev" : 8989.134317,
        "bw_samples" : 19,
        "iops_min" : 26464,
        "iops_max" : 35280,
        "iops_mean" : 29715.473684,
        "iops_stddev" : 2247.283579,
        "iops_samples" : 19
      },
      "trim" : {
        "io_bytes" : 0,
        "io_kbytes" : 0,
        "bw_bytes" : 0,
        "bw" : 0,
        "iops" : 0.000000,
        "runtime" : 0,
        "total_ios" : 0,
        "short_ios" : 0,
        "drop_ios" : 0,
        "slat_ns" : {
          "min" : 0,
          "max" : 0,
          "mean" : 0.000000,
          "stddev" : 0.000000,
          "N" : 0
        },
        "clat_ns" : {
          "min" : 0,
          "max" : 0,
          "mean" : 0.000000,
          "stddev" : 0.000000,
          "N" : 0
        },
        "lat_ns" : {
          "min" : 0,
          "max" : 0,
          "mean" : 0.000000,
          "stddev" : 0.000000,
          "N" : 0
        },
        "bw_min" : 0,
        "bw_max" : 0,
        "bw_agg" : 0.000000,
        "bw_mean" : 0.000000,
        "bw_dev" : 0.000000,
        "bw_samples" : 0,
        "iops_min" : 0,
        "iops_max" : 0,
        "iops_mean" : 0.000000,
        "iops_stddev" : 0.000000,
        "iops_samples" : 0
      },
      "sync" : {
        "total_ios" : 0,
        "lat_ns" : {
          "min" : 0,
          "max" : 0,
          "mean" : 0.000000,
          "stddev" : 0.000000,
          "N" : 0
        }
      },
      "job_runtime" : 10000,
      "usr_cpu" : 11.220000,
      "sys_cpu" : 38.900000,
      "ctx" : 299499,
      "majf" : 0,
      "minf" : 22,
      "iodepth_level" : {
        "1" : 100.000000,
        "2" : 0.000000,
        "4" : 0.000000,
        "8" : 0.000000,
        "16" : 0.000000,
        "32" : 0.000000,
        ">=64" : 0.000000
      },
      "iodepth_submit" : {
        "0" : 0.000000,
        "4" : 100.000000,
        "8" : 0.000000,
        "16" : 0.000000,
        "32" : 0.000000,
        "64" : 0.000000,
        ">=64" : 0.000000
      },
      "iodepth_complete" : {
        "0" : 0.000000,
        "4" : 100.000000,
        "8" : 0.000000,
        "16" : 0.000000,
        "32" : 0.000000,
        "64" : 0.000000,
        ">=64" : 0.000000
      },
      "latency_ns" : {
        "2" : 0.000000,
        "4" : 0.000000,
        "10" : 0.000000,
        "20" : 0.000000,
        "50" : 0.000000,
        "100" : 0.000000,
        "250" : 0.000000,
        "500" : 0.000000,
        "750" : 0.000000,
        "1000" : 0.000000
      },
      "latency_us" : {
        "2" : 12.606021,
        "4" : 25.106021,
        "10" : 10.681970,
        "20" : 1.428619,
        "50" : 49.996666,
        "100" : 0.174368,
        "250" : 0.010000,
        "500" : 0.010000,
        "750" : 0.010000,
        "1000" : 0.000000
      },
      "latency_ms" : {
        "2" : 0.000000,
        "4" : 0.000000,
        "10" : 0.000000,
        "20" : 0.000000,
        "50" : 0.000000,
        "100" : 0.000000,
        "250" : 0.000000,
        "500" : 0.000000,
        "750" : 0.000000,
        "1000" : 0.000000,
        "2000" : 0.000000,
        ">=2000" : 0.000000
      },
      "latency_depth" : 1,
      "latency_target" : 0,
      "latency_percentile" : 100.000000,
      "latency_window" : 0
    }
  ],
  "disk_util" : [
    {
      "name" : "sdb",
      "read_ios" : 0,
      "write_ios" : 102,
      "read_sectors" : 0,
      "write_sectors" : 182152,
      "read_merges" : 0,
      "write_merges" : 57,
      "read_ticks" : 0,
      "write_ticks" : 675,
      "in_queue" : 676,
      "util" : 0.150135
    }
  ]
}
