{
  "fio version" : "fio-3.40",
  "timestamp" : 1763114777,
  "timestamp_ms" : 1763114777097,
  "time" : "Fri Nov 14 10:06:17 2025",
  "global options" : {
    "ioengine" : "librawstor",
    "filename" : "file:///tmp/objects/019a81d4-5168-7a98-b515-6a09b876a2c0"
  },
  "jobs" : [
    {
      "jobname" : "rawstor",
      "groupid" : 0,
      "job_start" : 1763114766956,
      "error" : 0,
      "eta" : 0,
      "elapsed" : 11,
      "job options" : {
        "name" : "rawstor",
        "iodepth" : "1",
        "rw" : "randrw",
        "bs" : "4k",
        "size" : "1G",
        "numjobs" : "1",
        "runtime" : "10",
        "time_based" : "",
        "group_reporting" : ""
      },
      "read" : {
        "io_bytes" : 7046914048,
        "io_kbytes" : 6881752,
        "bw_bytes" : 704620942,
        "bw" : 688106,
        "iops" : 172026.597340,
        "runtime" : 10001,
        "total_ios" : 1720438,
        "short_ios" : 0,
        "drop_ios" : 0,
        "slat_ns" : {
          "min" : 10,
          "max" : 14898,
          "mean" : 26.366143,
          "stddev" : 59.056870,
          "N" : 1720438
        },
        "clat_ns" : {
          "min" : 1593,
          "max" : 101831,
          "mean" : 2305.309125,
          "stddev" : 1289.555042,
          "N" : 1720438,
          "percentile" : {
            "1.000000" : 1848,
            "5.000000" : 1912,
            "10.000000" : 1944,
            "20.000000" : 1992,
            "30.000000" : 2024,
            "40.000000" : 2040,
            "50.000000" : 2096,
            "60.000000" : 2128,
            "70.000000" : 2160,
            "80.000000" : 2224,
            "90.000000" : 2384,
            "95.000000" : 3536,
            "99.000000" : 7200,
            "99.500000" : 11200,
            "99.900000" : 18048,
            "99.950000" : 21376,
            "99.990000" : 31104
          }
        },
        "lat_ns" : {
          "min" : 1623,
          "max" : 101871,
          "mean" : 2331.675269,
          "stddev" : 1292.273366,
          "N" : 1720438
        },
        "bw_min" : 353400,
        "bw_max" : 789768,
        "bw_agg" : 99.289879,
        "bw_mean" : 683220.210526,
        "bw_dev" : 133660.512560,
        "bw_samples" : 19,
        "iops_min" : 88350,
        "iops_max" : 197442,
        "iops_mean" : 170805.157895,
        "iops_stddev" : 33415.212725,
        "iops_samples" : 19
      },
      "write" : {
        "io_bytes" : 7040217088,
        "io_kbytes" : 6875212,
        "bw_bytes" : 703951313,
        "bw" : 687452,
        "iops" : 171863.113689,
        "runtime" : 10001,
        "total_ios" : 1718803,
        "short_ios" : 0,
        "drop_ios" : 0,
        "slat_ns" : {
          "min" : 29,
          "max" : 26760,
          "mean" : 41.612576,
          "stddev" : 72.490115,
          "N" : 1718803
        },
        "clat_ns" : {
          "min" : 1983,
          "max" : 171501,
          "mean" : 2940.234581,
          "stddev" : 1268.205276,
          "N" : 1718803,
          "percentile" : {
            "1.000000" : 2256,
            "5.000000" : 2320,
            "10.000000" : 2352,
            "20.000000" : 2384,
            "30.000000" : 2416,
            "40.000000" : 2448,
            "50.000000" : 2480,
            "60.000000" : 2544,
            "70.000000" : 2576,
            "80.000000" : 2768,
            "90.000000" : 4896,
            "95.000000" : 5344,
            "99.000000" : 6560,
            "99.500000" : 8160,
            "99.900000" : 14400,
            "99.950000" : 16512,
            "99.990000" : 24448
          }
        },
        "lat_ns" : {
          "min" : 2024,
          "max" : 171551,
          "mean" : 2981.847157,
          "stddev" : 1272.444871,
          "N" : 1718803
        },
        "bw_min" : 353536,
        "bw_max" : 789680,
        "bw_agg" : 99.301558,
        "bw_mean" : 682651.368421,
        "bw_dev" : 133564.984242,
        "bw_samples" : 19,
        "iops_min" : 88384,
        "iops_max" : 197420,
        "iops_mean" : 170662.842105,
        "iops_stddev" : 33391.246061,
        "iops_samples" : 19
      },
      "trim" : {
        "io_bytes" : 0,
        "io_kbytes" : 0,
        "bw_bytes" : 0,
        "bw" : 0,
        "iops" : 0.000000,
        "runtime" : 0,
        "total_ios" : 0,
        "short_ios" : 0,
        "drop_ios" : 0,
        "slat_ns" : {
          "min" : 0,
          "max" : 0,
          "mean" : 0.000000,
          "stddev" : 0.000000,
          "N" : 0
        },
        "clat_ns" : {
          "min" : 0,
          "max" : 0,
          "mean" : 0.000000,
          "stddev" : 0.000000,
          "N" : 0
        },
        "lat_ns" : {
          "min" : 0,
          "max" : 0,
          "mean" : 0.000000,
          "stddev" : 0.000000,
          "N" : 0
        },
        "bw_min" : 0,
        "bw_max" : 0,
        "bw_agg" : 0.000000,
        "bw_mean" : 0.000000,
        "bw_dev" : 0.000000,
        "bw_samples" : 0,
        "iops_min" : 0,
        "iops_max" : 0,
        "iops_mean" : 0.000000,
        "iops_stddev" : 0.000000,
        "iops_samples" : 0
      },
      "sync" : {
        "total_ios" : 0,
        "lat_ns" : {
          "min" : 0,
          "max" : 0,
          "mean" : 0.000000,
          "stddev" : 0.000000,
          "N" : 0
        }
      },
      "job_runtime" : 10000,
      "usr_cpu" : 29.120000,
      "sys_cpu" : 70.860000,
      "ctx" : 71,
      "majf" : 0,
      "minf" : 37,
      "iodepth_level" : {
        "1" : 100.000000,
        "2" : 0.000000,
        "4" : 0.000000,
        "8" : 0.000000,
        "16" : 0.000000,
        "32" : 0.000000,
        ">=64" : 0.000000
      },
      "iodepth_submit" : {
        "0" : 0.000000,
        "4" : 100.000000,
        "8" : 0.000000,
        "16" : 0.000000,
        "32" : 0.000000,
        "64" : 0.000000,
        ">=64" : 0.000000
      },
      "iodepth_complete" : {
        "0" : 0.000000,
        "4" : 100.000000,
        "8" : 0.000000,
        "16" : 0.000000,
        "32" : 0.000000,
        "64" : 0.000000,
        ">=64" : 0.000000
      },
      "latency_ns" : {
        "2" : 0.000000,
        "4" : 0.000000,
        "10" : 0.000000,
        "20" : 0.000000,
        "50" : 0.000000,
        "100" : 0.000000,
        "250" : 0.000000,
        "500" : 0.000000,
        "750" : 0.000000,
        "1000" : 0.000000
      },
      "latency_us" : {
        "2" : 11.785769,
        "4" : 78.990917,
        "10" : 8.760160,
        "20" : 0.419279,
        "50" : 0.039951,
        "100" : 0.010000,
        "250" : 0.010000,
        "500" : 0.000000,
        "750" : 0.000000,
        "1000" : 0.000000
      },
      "latency_ms" : {
        "2" : 0.000000,
        "4" : 0.000000,
        "10" : 0.000000,
        "20" : 0.000000,
        "50" : 0.000000,
        "100" : 0.000000,
        "250" : 0.000000,
        "500" : 0.000000,
        "750" : 0.000000,
        "1000" : 0.000000,
        "2000" : 0.000000,
        ">=2000" : 0.000000
      },
      "latency_depth" : 1,
      "latency_target" : 0,
      "latency_percentile" : 100.000000,
      "latency_window" : 0
    }
  ],
  "disk_util" : [
    {
      "name" : "sda",
      "read_ios" : 0,
      "write_ios" : 23,
      "read_sectors" : 0,
      "write_sectors" : 15392,
      "read_merges" : 0,
      "write_merges" : 49,
      "read_ticks" : 0,
      "write_ticks" : 29,
      "in_queue" : 29,
      "util" : 0.030045
    }
  ]
}
