{
  "fio version" : "fio-3.40",
  "timestamp" : 1761478086,
  "timestamp_ms" : 1761478086265,
  "time" : "Sun Oct 26 11:28:06 2025",
  "global options" : {
    "ioengine" : "librawstor",
    "filename" : "ost://127.0.0.1:8080/01988675-e1e5-7788-9ed4-2f2d30910d23"
  },
  "jobs" : [
    {
      "jobname" : "rawstor",
      "groupid" : 0,
      "job_start" : 1761478076126,
      "error" : 0,
      "eta" : 0,
      "elapsed" : 11,
      "job options" : {
        "name" : "rawstor",
        "iodepth" : "1",
        "rw" : "randrw",
        "bs" : "4k",
        "size" : "1G",
        "numjobs" : "1",
        "runtime" : "10",
        "time_based" : "",
        "group_reporting" : ""
      },
      "read" : {
        "io_bytes" : 242360320,
        "io_kbytes" : 236680,
        "bw_bytes" : 24233608,
        "bw" : 23665,
        "iops" : 5916.408359,
        "runtime" : 10001,
        "total_ios" : 59170,
        "short_ios" : 0,
        "drop_ios" : 0,
        "slat_ns" : {
          "min" : 50,
          "max" : 18825,
          "mean" : 181.164492,
          "stddev" : 188.658106,
          "N" : 59170
        },
        "clat_ns" : {
          "min" : 39905,
          "max" : 29825288,
          "mean" : 70412.999020,
          "stddev" : 193571.390102,
          "N" : 59170,
          "percentile" : {
            "1.000000" : 51456,
            "5.000000" : 55040,
            "10.000000" : 57088,
            "20.000000" : 60160,
            "30.000000" : 62720,
            "40.000000" : 64768,
            "50.000000" : 67072,
            "60.000000" : 70144,
            "70.000000" : 72192,
            "80.000000" : 76288,
            "90.000000" : 82432,
            "95.000000" : 88576,
            "99.000000" : 102912,
            "99.500000" : 111104,
            "99.900000" : 134144,
            "99.950000" : 173056,
            "99.990000" : 2506752
          }
        },
        "lat_ns" : {
          "min" : 40015,
          "max" : 29825418,
          "mean" : 70594.163512,
          "stddev" : 193572.568082,
          "N" : 59170
        },
        "bw_min" : 21776,
        "bw_max" : 26424,
        "bw_agg" : 100.000000,
        "bw_mean" : 23737.263158,
        "bw_dev" : 1276.326014,
        "bw_samples" : 19,
        "iops_min" : 5444,
        "iops_max" : 6606,
        "iops_mean" : 5934.315789,
        "iops_stddev" : 319.081503,
        "iops_samples" : 19
      },
      "write" : {
        "io_bytes" : 241614848,
        "io_kbytes" : 235952,
        "bw_bytes" : 24159068,
        "bw" : 23592,
        "iops" : 5898.210179,
        "runtime" : 10001,
        "total_ios" : 58988,
        "short_ios" : 0,
        "drop_ios" : 0,
        "slat_ns" : {
          "min" : 90,
          "max" : 24286,
          "mean" : 259.385095,
          "stddev" : 285.336599,
          "N" : 58988
        },
        "clat_ns" : {
          "min" : 56836,
          "max" : 29295948,
          "mean" : 95094.535092,
          "stddev" : 251742.458848,
          "N" : 58988,
          "percentile" : {
            "1.000000" : 74240,
            "5.000000" : 78336,
            "10.000000" : 80384,
            "20.000000" : 83456,
            "30.000000" : 86528,
            "40.000000" : 88576,
            "50.000000" : 90624,
            "60.000000" : 93696,
            "70.000000" : 95744,
            "80.000000" : 99840,
            "90.000000" : 107008,
            "95.000000" : 112128,
            "99.000000" : 127488,
            "99.500000" : 136192,
            "99.900000" : 166912,
            "99.950000" : 193536,
            "99.990000" : 3751936
          }
        },
        "lat_ns" : {
          "min" : 57047,
          "max" : 29296108,
          "mean" : 95353.920187,
          "stddev" : 251742.965221,
          "N" : 58988
        },
        "bw_min" : 21944,
        "bw_max" : 26328,
        "bw_agg" : 100.000000,
        "bw_mean" : 23612.210526,
        "bw_dev" : 1320.865355,
        "bw_samples" : 19,
        "iops_min" : 5486,
        "iops_max" : 6582,
        "iops_mean" : 5903.052632,
        "iops_stddev" : 330.216339,
        "iops_samples" : 19
      },
      "trim" : {
        "io_bytes" : 0,
        "io_kbytes" : 0,
        "bw_bytes" : 0,
        "bw" : 0,
        "iops" : 0.000000,
        "runtime" : 0,
        "total_ios" : 0,
        "short_ios" : 0,
        "drop_ios" : 0,
        "slat_ns" : {
          "min" : 0,
          "max" : 0,
          "mean" : 0.000000,
          "stddev" : 0.000000,
          "N" : 0
        },
        "clat_ns" : {
          "min" : 0,
          "max" : 0,
          "mean" : 0.000000,
          "stddev" : 0.000000,
          "N" : 0
        },
        "lat_ns" : {
          "min" : 0,
          "max" : 0,
          "mean" : 0.000000,
          "stddev" : 0.000000,
          "N" : 0
        },
        "bw_min" : 0,
        "bw_max" : 0,
        "bw_agg" : 0.000000,
        "bw_mean" : 0.000000,
        "bw_dev" : 0.000000,
        "bw_samples" : 0,
        "iops_min" : 0,
        "iops_max" : 0,
        "iops_mean" : 0.000000,
        "iops_stddev" : 0.000000,
        "iops_samples" : 0
      },
      "sync" : {
        "total_ios" : 0,
        "lat_ns" : {
          "min" : 0,
          "max" : 0,
          "mean" : 0.000000,
          "stddev" : 0.000000,
          "N" : 0
        }
      },
      "job_runtime" : 10000,
      "usr_cpu" : 7.750000,
      "sys_cpu" : 34.050000,
      "ctx" : 118235,
      "majf" : 0,
      "minf" : 41,
      "iodepth_level" : {
        "1" : 100.000000,
        "2" : 0.000000,
        "4" : 0.000000,
        "8" : 0.000000,
        "16" : 0.000000,
        "32" : 0.000000,
        ">=64" : 0.000000
      },
      "iodepth_submit" : {
        "0" : 0.000000,
        "4" : 100.000000,
        "8" : 0.000000,
        "16" : 0.000000,
        "32" : 0.000000,
        "64" : 0.000000,
        ">=64" : 0.000000
      },
      "iodepth_complete" : {
        "0" : 0.000000,
        "4" : 100.000000,
        "8" : 0.000000,
        "16" : 0.000000,
        "32" : 0.000000,
        "64" : 0.000000,
        ">=64" : 0.000000
      },
      "latency_ns" : {
        "2" : 0.000000,
        "4" : 0.000000,
        "10" : 0.000000,
        "20" : 0.000000,
        "50" : 0.000000,
        "100" : 0.000000,
        "250" : 0.000000,
        "500" : 0.000000,
        "750" : 0.000000,
        "1000" : 0.000000
      },
      "latency_us" : {
        "2" : 0.000000,
        "4" : 0.000000,
        "10" : 0.000000,
        "20" : 0.000000,
        "50" : 0.133719,
        "100" : 89.149275,
        "250" : 10.687385,
        "500" : 0.014388,
        "750" : 0.010000,
        "1000" : 0.000000
      },
      "latency_ms" : {
        "2" : 0.010000,
        "4" : 0.010000,
        "10" : 0.010000,
        "20" : 0.000000,
        "50" : 0.010000,
        "100" : 0.000000,
        "250" : 0.000000,
        "500" : 0.000000,
        "750" : 0.000000,
        "1000" : 0.000000,
        "2000" : 0.000000,
        ">=2000" : 0.000000
      },
      "latency_depth" : 1,
      "latency_target" : 0,
      "latency_percentile" : 100.000000,
      "latency_window" : 0
    }
  ],
  "disk_util" : [
    {
      "name" : "sda",
      "read_ios" : 0,
      "write_ios" : 226,
      "read_sectors" : 0,
      "write_sectors" : 40320,
      "read_merges" : 0,
      "write_merges" : 1314,
      "read_ticks" : 0,
      "write_ticks" : 522,
      "in_queue" : 531,
      "util" : 0.220330
    }
  ]
}
