{
  "fio version" : "fio-3.40",
  "timestamp" : 1756755533,
  "timestamp_ms" : 1756755533920,
  "time" : "Mon Sep  1 19:38:53 2025",
  "global options" : {
    "ioengine" : "librawstor",
    "filename" : "019906c9-f7c3-7bb0-a7de-47ce76fd5684"
  },
  "jobs" : [
    {
      "jobname" : "rawstor",
      "groupid" : 0,
      "job_start" : 1756755523774,
      "error" : 0,
      "eta" : 0,
      "elapsed" : 11,
      "job options" : {
        "name" : "rawstor",
        "iodepth" : "2",
        "rw" : "randrw",
        "bs" : "4k",
        "size" : "1G",
        "numjobs" : "1",
        "runtime" : "10",
        "time_based" : "",
        "group_reporting" : ""
      },
      "read" : {
        "io_bytes" : 7222161408,
        "io_kbytes" : 7052892,
        "bw_bytes" : 722143926,
        "bw" : 705218,
        "iops" : 176304.669533,
        "runtime" : 10001,
        "total_ios" : 1763223,
        "short_ios" : 0,
        "drop_ios" : 0,
        "slat_ns" : {
          "min" : 0,
          "max" : 0,
          "mean" : 0.000000,
          "stddev" : 0.000000,
          "N" : 1763223
        },
        "clat_ns" : {
          "min" : 104708322,
          "max" : 10104636240,
          "mean" : 5495903107.254146,
          "stddev" : 2737528878.589812,
          "N" : 1763223,
          "percentile" : {
            "1.000000" : 274726912,
            "5.000000" : 1002438656,
            "10.000000" : 1686110208,
            "20.000000" : 2734686208,
            "30.000000" : 3707764736,
            "40.000000" : 4664066048,
            "50.000000" : 5603590144,
            "60.000000" : 6476005376,
            "70.000000" : 7415529472,
            "80.000000" : 8287944704,
            "90.000000" : 9193914368,
            "95.000000" : 9596567552,
            "99.000000" : 9999220736,
            "99.500000" : 9999220736,
            "99.900000" : 10133438464,
            "99.950000" : 10133438464,
            "99.990000" : 10133438464
          }
        },
        "lat_ns" : {
          "min" : 1603,
          "max" : 116366,
          "mean" : 2244.508030,
          "stddev" : 1194.359878,
          "N" : 1763223
        },
        "bw_min" : 384040,
        "bw_max" : 782944,
        "bw_agg" : 99.463475,
        "bw_mean" : 701435.789474,
        "bw_dev" : 125948.147168,
        "bw_samples" : 19,
        "iops_min" : 96010,
        "iops_max" : 195736,
        "iops_mean" : 175358.947368,
        "iops_stddev" : 31487.036792,
        "iops_samples" : 19
      },
      "write" : {
        "io_bytes" : 7214723072,
        "io_kbytes" : 7045628,
        "bw_bytes" : 721400167,
        "bw" : 704492,
        "iops" : 176123.087691,
        "runtime" : 10001,
        "total_ios" : 1761407,
        "short_ios" : 0,
        "drop_ios" : 0,
        "slat_ns" : {
          "min" : 0,
          "max" : 0,
          "mean" : 0.000000,
          "stddev" : 0.000000,
          "N" : 1761407
        },
        "clat_ns" : {
          "min" : 104744359,
          "max" : 10104642332,
          "mean" : 5496068547.888296,
          "stddev" : 2737365584.676734,
          "N" : 1761407,
          "percentile" : {
            "1.000000" : 274726912,
            "5.000000" : 1002438656,
            "10.000000" : 1686110208,
            "20.000000" : 2734686208,
            "30.000000" : 3707764736,
            "40.000000" : 4664066048,
            "50.000000" : 5603590144,
            "60.000000" : 6476005376,
            "70.000000" : 7415529472,
            "80.000000" : 8287944704,
            "90.000000" : 9193914368,
            "95.000000" : 9596567552,
            "99.000000" : 9999220736,
            "99.500000" : 9999220736,
            "99.900000" : 10133438464,
            "99.950000" : 10133438464,
            "99.990000" : 10133438464
          }
        },
        "lat_ns" : {
          "min" : 4618,
          "max" : 206775,
          "mean" : 8582.089629,
          "stddev" : 4502.590995,
          "N" : 1761407
        },
        "bw_min" : 384448,
        "bw_max" : 787000,
        "bw_agg" : 99.491215,
        "bw_mean" : 700908.210526,
        "bw_dev" : 125956.011351,
        "bw_samples" : 19,
        "iops_min" : 96112,
        "iops_max" : 196750,
        "iops_mean" : 175227.052632,
        "iops_stddev" : 31489.002838,
        "iops_samples" : 19
      },
      "trim" : {
        "io_bytes" : 0,
        "io_kbytes" : 0,
        "bw_bytes" : 0,
        "bw" : 0,
        "iops" : 0.000000,
        "runtime" : 0,
        "total_ios" : 0,
        "short_ios" : 0,
        "drop_ios" : 0,
        "slat_ns" : {
          "min" : 0,
          "max" : 0,
          "mean" : 0.000000,
          "stddev" : 0.000000,
          "N" : 0
        },
        "clat_ns" : {
          "min" : 0,
          "max" : 0,
          "mean" : 0.000000,
          "stddev" : 0.000000,
          "N" : 0
        },
        "lat_ns" : {
          "min" : 0,
          "max" : 0,
          "mean" : 0.000000,
          "stddev" : 0.000000,
          "N" : 0
        },
        "bw_min" : 0,
        "bw_max" : 0,
        "bw_agg" : 0.000000,
        "bw_mean" : 0.000000,
        "bw_dev" : 0.000000,
        "bw_samples" : 0,
        "iops_min" : 0,
        "iops_max" : 0,
        "iops_mean" : 0.000000,
        "iops_stddev" : 0.000000,
        "iops_samples" : 0
      },
      "sync" : {
        "total_ios" : 0,
        "lat_ns" : {
          "min" : 0,
          "max" : 0,
          "mean" : 0.000000,
          "stddev" : 0.000000,
          "N" : 0
        }
      },
      "job_runtime" : 10000,
      "usr_cpu" : 27.930000,
      "sys_cpu" : 72.050000,
      "ctx" : 63,
      "majf" : 0,
      "minf" : 16,
      "iodepth_level" : {
        "1" : 0.100000,
        "2" : 99.999972,
        "4" : 0.000000,
        "8" : 0.000000,
        "16" : 0.000000,
        "32" : 0.000000,
        ">=64" : 0.000000
      },
      "iodepth_submit" : {
        "0" : 0.000000,
        "4" : 100.000000,
        "8" : 0.000000,
        "16" : 0.000000,
        "32" : 0.000000,
        "64" : 0.000000,
        ">=64" : 0.000000
      },
      "iodepth_complete" : {
        "0" : 0.000000,
        "4" : 100.000000,
        "8" : 0.000000,
        "16" : 0.000000,
        "32" : 0.000000,
        "64" : 0.000000,
        ">=64" : 0.000000
      },
      "latency_ns" : {
        "2" : 0.000000,
        "4" : 0.000000,
        "10" : 0.000000,
        "20" : 0.000000,
        "50" : 0.000000,
        "100" : 0.000000,
        "250" : 0.000000,
        "500" : 0.000000,
        "750" : 0.000000,
        "1000" : 0.000000
      },
      "latency_us" : {
        "2" : 0.000000,
        "4" : 0.000000,
        "10" : 0.000000,
        "20" : 0.000000,
        "50" : 0.000000,
        "100" : 0.000000,
        "250" : 0.000000,
        "500" : 0.000000,
        "750" : 0.000000,
        "1000" : 0.000000
      },
      "latency_ms" : {
        "2" : 0.000000,
        "4" : 0.000000,
        "10" : 0.000000,
        "20" : 0.000000,
        "50" : 0.000000,
        "100" : 0.000000,
        "250" : 0.865623,
        "500" : 1.438194,
        "750" : 1.356795,
        "1000" : 1.343120,
        "2000" : 7.866301,
        ">=2000" : 87.129968
      },
      "latency_depth" : 2,
      "latency_target" : 0,
      "latency_percentile" : 100.000000,
      "latency_window" : 0
    }
  ],
  "disk_util" : [
    {
      "name" : "sdb",
      "read_ios" : 0,
      "write_ios" : 125,
      "read_sectors" : 0,
      "write_sectors" : 235088,
      "read_merges" : 0,
      "write_merges" : 138,
      "read_ticks" : 0,
      "write_ticks" : 475,
      "in_queue" : 475,
      "util" : 0.200180
    }
  ]
}
