{
  "fio version" : "fio-3.40",
  "timestamp" : 1780306140,
  "timestamp_ms" : 1780306140193,
  "time" : "Mon Jun  1 09:29:00 2026",
  "global options" : {
    "ioengine" : "librawstor",
    "filename" : "ost://127.0.0.1:8080/019e8283-8b75-707d-b138-90b0fa315b08"
  },
  "jobs" : [
    {
      "jobname" : "randread",
      "groupid" : 0,
      "job_start" : 1780306119802,
      "error" : 0,
      "eta" : 0,
      "elapsed" : 21,
      "job options" : {
        "name" : "randread",
        "iodepth" : "1",
        "rw" : "randread",
        "bs" : "4k",
        "size" : "1G",
        "numjobs" : "1",
        "runtime" : "10",
        "time_based" : "",
        "group_reporting" : ""
      },
      "read" : {
        "io_bytes" : 252612608,
        "io_kbytes" : 246692,
        "bw_bytes" : 25258734,
        "bw" : 24666,
        "iops" : 6166.683332,
        "runtime" : 10001,
        "total_ios" : 61673,
        "short_ios" : 0,
        "drop_ios" : 0,
        "slat_ns" : {
          "min" : 0,
          "max" : 0,
          "mean" : 0.000000,
          "stddev" : 0.000000,
          "N" : 61673
        },
        "clat_ns" : {
          "min" : 111369266,
          "max" : 10110661963,
          "mean" : 5105972672.729057,
          "stddev" : 2892482388.273983,
          "N" : 61673,
          "percentile" : {
            "1.000000" : 206569472,
            "5.000000" : 624951296,
            "10.000000" : 1115684864,
            "20.000000" : 2105540608,
            "30.000000" : 3103784960,
            "40.000000" : 4076863488,
            "50.000000" : 5066719232,
            "60.000000" : 6073352192,
            "70.000000" : 7079985152,
            "80.000000" : 8153726976,
            "90.000000" : 9193914368,
            "95.000000" : 9596567552,
            "99.000000" : 9999220736,
            "99.500000" : 9999220736,
            "99.900000" : 10133438464,
            "99.950000" : 10133438464,
            "99.990000" : 10133438464
          }
        },
        "lat_ns" : {
          "min" : 134541,
          "max" : 662504,
          "mean" : 160743.218507,
          "stddev" : 15797.391908,
          "N" : 61673
        },
        "bw_min" : 23416,
        "bw_max" : 26016,
        "bw_agg" : 100.000000,
        "bw_mean" : 24667.947368,
        "bw_dev" : 893.553547,
        "bw_samples" : 19,
        "iops_min" : 5854,
        "iops_max" : 6504,
        "iops_mean" : 6166.842105,
        "iops_stddev" : 223.391600,
        "iops_samples" : 19
      },
      "write" : {
        "io_bytes" : 0,
        "io_kbytes" : 0,
        "bw_bytes" : 0,
        "bw" : 0,
        "iops" : 0.000000,
        "runtime" : 0,
        "total_ios" : 0,
        "short_ios" : 0,
        "drop_ios" : 0,
        "slat_ns" : {
          "min" : 0,
          "max" : 0,
          "mean" : 0.000000,
          "stddev" : 0.000000,
          "N" : 0
        },
        "clat_ns" : {
          "min" : 0,
          "max" : 0,
          "mean" : 0.000000,
          "stddev" : 0.000000,
          "N" : 0
        },
        "lat_ns" : {
          "min" : 0,
          "max" : 0,
          "mean" : 0.000000,
          "stddev" : 0.000000,
          "N" : 0
        },
        "bw_min" : 0,
        "bw_max" : 0,
        "bw_agg" : 0.000000,
        "bw_mean" : 0.000000,
        "bw_dev" : 0.000000,
        "bw_samples" : 0,
        "iops_min" : 0,
        "iops_max" : 0,
        "iops_mean" : 0.000000,
        "iops_stddev" : 0.000000,
        "iops_samples" : 0
      },
      "trim" : {
        "io_bytes" : 0,
        "io_kbytes" : 0,
        "bw_bytes" : 0,
        "bw" : 0,
        "iops" : 0.000000,
        "runtime" : 0,
        "total_ios" : 0,
        "short_ios" : 0,
        "drop_ios" : 0,
        "slat_ns" : {
          "min" : 0,
          "max" : 0,
          "mean" : 0.000000,
          "stddev" : 0.000000,
          "N" : 0
        },
        "clat_ns" : {
          "min" : 0,
          "max" : 0,
          "mean" : 0.000000,
          "stddev" : 0.000000,
          "N" : 0
        },
        "lat_ns" : {
          "min" : 0,
          "max" : 0,
          "mean" : 0.000000,
          "stddev" : 0.000000,
          "N" : 0
        },
        "bw_min" : 0,
        "bw_max" : 0,
        "bw_agg" : 0.000000,
        "bw_mean" : 0.000000,
        "bw_dev" : 0.000000,
        "bw_samples" : 0,
        "iops_min" : 0,
        "iops_max" : 0,
        "iops_mean" : 0.000000,
        "iops_stddev" : 0.000000,
        "iops_samples" : 0
      },
      "sync" : {
        "total_ios" : 0,
        "lat_ns" : {
          "min" : 0,
          "max" : 0,
          "mean" : 0.000000,
          "stddev" : 0.000000,
          "N" : 0
        }
      },
      "job_runtime" : 10000,
      "usr_cpu" : 12.530000,
      "sys_cpu" : 57.450000,
      "ctx" : 62218,
      "majf" : 0,
      "minf" : 1973612,
      "iodepth_level" : {
        "1" : 100.000000,
        "2" : 0.000000,
        "4" : 0.000000,
        "8" : 0.000000,
        "16" : 0.000000,
        "32" : 0.000000,
        ">=64" : 0.000000
      },
      "iodepth_submit" : {
        "0" : 0.000000,
        "4" : 100.000000,
        "8" : 0.000000,
        "16" : 0.000000,
        "32" : 0.000000,
        "64" : 0.000000,
        ">=64" : 0.000000
      },
      "iodepth_complete" : {
        "0" : 0.000000,
        "4" : 100.000000,
        "8" : 0.000000,
        "16" : 0.000000,
        "32" : 0.000000,
        "64" : 0.000000,
        ">=64" : 0.000000
      },
      "latency_ns" : {
        "2" : 0.000000,
        "4" : 0.000000,
        "10" : 0.000000,
        "20" : 0.000000,
        "50" : 0.000000,
        "100" : 0.000000,
        "250" : 0.000000,
        "500" : 0.000000,
        "750" : 0.000000,
        "1000" : 0.000000
      },
      "latency_us" : {
        "2" : 0.000000,
        "4" : 0.000000,
        "10" : 0.000000,
        "20" : 0.000000,
        "50" : 0.000000,
        "100" : 0.000000,
        "250" : 0.000000,
        "500" : 0.000000,
        "750" : 0.000000,
        "1000" : 0.000000
      },
      "latency_ms" : {
        "2" : 0.000000,
        "4" : 0.000000,
        "10" : 0.000000,
        "20" : 0.000000,
        "50" : 0.000000,
        "100" : 0.000000,
        "250" : 1.426880,
        "500" : 2.459747,
        "750" : 2.305709,
        "1000" : 2.615407,
        "2000" : 10.177874,
        ">=2000" : 81.014382
      },
      "latency_depth" : 1,
      "latency_target" : 0,
      "latency_percentile" : 100.000000,
      "latency_window" : 0
    },
    {
      "jobname" : "randwrite",
      "groupid" : 1,
      "job_start" : 1780306130012,
      "error" : 0,
      "eta" : 0,
      "elapsed" : 21,
      "job options" : {
        "name" : "randwrite",
        "stonewall" : "",
        "iodepth" : "1",
        "rw" : "randwrite",
        "bs" : "4k",
        "size" : "1G",
        "numjobs" : "1",
        "runtime" : "10",
        "time_based" : "",
        "group_reporting" : ""
      },
      "read" : {
        "io_bytes" : 0,
        "io_kbytes" : 0,
        "bw_bytes" : 0,
        "bw" : 0,
        "iops" : 0.000000,
        "runtime" : 0,
        "total_ios" : 0,
        "short_ios" : 0,
        "drop_ios" : 0,
        "slat_ns" : {
          "min" : 0,
          "max" : 0,
          "mean" : 0.000000,
          "stddev" : 0.000000,
          "N" : 0
        },
        "clat_ns" : {
          "min" : 0,
          "max" : 0,
          "mean" : 0.000000,
          "stddev" : 0.000000,
          "N" : 0
        },
        "lat_ns" : {
          "min" : 0,
          "max" : 0,
          "mean" : 0.000000,
          "stddev" : 0.000000,
          "N" : 0
        },
        "bw_min" : 0,
        "bw_max" : 0,
        "bw_agg" : 0.000000,
        "bw_mean" : 0.000000,
        "bw_dev" : 0.000000,
        "bw_samples" : 0,
        "iops_min" : 0,
        "iops_max" : 0,
        "iops_mean" : 0.000000,
        "iops_stddev" : 0.000000,
        "iops_samples" : 0
      },