{
  "fio version" : "fio-3.40",
  "timestamp" : 1766673639,
  "timestamp_ms" : 1766673639791,
  "time" : "Thu Dec 25 14:40:39 2025",
  "global options" : {
    "ioengine" : "librawstor",
    "filename" : "ost://127.0.0.1:8080/01988675-e1e5-7788-9ed4-2f2d30910d23"
  },
  "jobs" : [
    {
      "jobname" : "rawstor",
      "groupid" : 0,
      "job_start" : 1766673629644,
      "error" : 0,
      "eta" : 0,
      "elapsed" : 11,
      "job options" : {
        "name" : "rawstor",
        "iodepth" : "1",
        "rw" : "randrw",
        "bs" : "4k",
        "size" : "1G",
        "numjobs" : "1",
        "runtime" : "10",
        "time_based" : "",
        "group_reporting" : ""
      },
      "read" : {
        "io_bytes" : 246124544,
        "io_kbytes" : 240356,
        "bw_bytes" : 24609993,
        "bw" : 24033,
        "iops" : 6008.299170,
        "runtime" : 10001,
        "total_ios" : 60089,
        "short_ios" : 0,
        "drop_ios" : 0,
        "slat_ns" : {
          "min" : 50,
          "max" : 19346,
          "mean" : 178.376175,
          "stddev" : 194.067015,
          "N" : 60089
        },
        "clat_ns" : {
          "min" : 38212,
          "max" : 21853440,
          "mean" : 68661.072659,
          "stddev" : 121565.298415,
          "N" : 60089,
          "percentile" : {
            "1.000000" : 51456,
            "5.000000" : 55040,
            "10.000000" : 56576,
            "20.000000" : 59648,
            "30.000000" : 62208,
            "40.000000" : 64256,
            "50.000000" : 66048,
            "60.000000" : 69120,
            "70.000000" : 71168,
            "80.000000" : 74240,
            "90.000000" : 80384,
            "95.000000" : 86528,
            "99.000000" : 101888,
            "99.500000" : 109056,
            "99.900000" : 130560,
            "99.950000" : 152576,
            "99.990000" : 358400
          }
        },
        "lat_ns" : {
          "min" : 38312,
          "max" : 21853591,
          "mean" : 68839.448834,
          "stddev" : 121566.540706,
          "N" : 60089
        },
        "bw_min" : 22008,
        "bw_max" : 25832,
        "bw_agg" : 100.000000,
        "bw_mean" : 24035.600000,
        "bw_dev" : 942.605482,
        "bw_samples" : 20,
        "iops_min" : 5502,
        "iops_max" : 6458,
        "iops_mean" : 6008.900000,
        "iops_stddev" : 235.651371,
        "iops_samples" : 20
      },
      "write" : {
        "io_bytes" : 245563392,
        "io_kbytes" : 239808,
        "bw_bytes" : 24553883,
        "bw" : 23978,
        "iops" : 5994.600540,
        "runtime" : 10001,
        "total_ios" : 59952,
        "short_ios" : 0,
        "drop_ios" : 0,
        "slat_ns" : {
          "min" : 90,
          "max" : 21150,
          "mean" : 261.192254,
          "stddev" : 298.783119,
          "N" : 59952
        },
        "clat_ns" : {
          "min" : 43972,
          "max" : 29523739,
          "mean" : 94367.073926,
          "stddev" : 238513.475424,
          "N" : 59952,
          "percentile" : {
            "1.000000" : 72192,
            "5.000000" : 77312,
            "10.000000" : 80384,
            "20.000000" : 83456,
            "30.000000" : 85504,
            "40.000000" : 87552,
            "50.000000" : 90624,
            "60.000000" : 92672,
            "70.000000" : 94720,
            "80.000000" : 98816,
            "90.000000" : 104960,
            "95.000000" : 111104,
            "99.000000" : 127488,
            "99.500000" : 136192,
            "99.900000" : 168960,
            "99.950000" : 252928,
            "99.990000" : 18743296
          }
        },
        "lat_ns" : {
          "min" : 44072,
          "max" : 29523959,
          "mean" : 94628.266180,
          "stddev" : 238514.083074,
          "N" : 59952
        },
        "bw_min" : 21976,
        "bw_max" : 25984,
        "bw_agg" : 100.000000,
        "bw_mean" : 23980.800000,
        "bw_dev" : 903.638120,
        "bw_samples" : 20,
        "iops_min" : 5494,
        "iops_max" : 6496,
        "iops_mean" : 5995.200000,
        "iops_stddev" : 225.909530,
        "iops_samples" : 20
      },
      "trim" : {
        "io_bytes" : 0,
        "io_kbytes" : 0,
        "bw_bytes" : 0,
        "bw" : 0,
        "iops" : 0.000000,
        "runtime" : 0,
        "total_ios" : 0,
        "short_ios" : 0,
        "drop_ios" : 0,
        "slat_ns" : {
          "min" : 0,
          "max" : 0,
          "mean" : 0.000000,
          "stddev" : 0.000000,
          "N" : 0
        },
        "clat_ns" : {
          "min" : 0,
          "max" : 0,
          "mean" : 0.000000,
          "stddev" : 0.000000,
          "N" : 0
        },
        "lat_ns" : {
          "min" : 0,
          "max" : 0,
          "mean" : 0.000000,
          "stddev" : 0.000000,
          "N" : 0
        },
        "bw_min" : 0,
        "bw_max" : 0,
        "bw_agg" : 0.000000,
        "bw_mean" : 0.000000,
        "bw_dev" : 0.000000,
        "bw_samples" : 0,
        "iops_min" : 0,
        "iops_max" : 0,
        "iops_mean" : 0.000000,
        "iops_stddev" : 0.000000,
        "iops_samples" : 0
      },
      "sync" : {
        "total_ios" : 0,
        "lat_ns" : {
          "min" : 0,
          "max" : 0,
          "mean" : 0.000000,
          "stddev" : 0.000000,
          "N" : 0
        }
      },
      "job_runtime" : 10000,
      "usr_cpu" : 7.950000,
      "sys_cpu" : 33.810000,
      "ctx" : 120189,
      "majf" : 0,
      "minf" : 43,
      "iodepth_level" : {
        "1" : 100.000000,
        "2" : 0.000000,
        "4" : 0.000000,
        "8" : 0.000000,
        "16" : 0.000000,
        "32" : 0.000000,
        ">=64" : 0.000000
      },
      "iodepth_submit" : {
        "0" : 0.000000,
        "4" : 100.000000,
        "8" : 0.000000,
        "16" : 0.000000,
        "32" : 0.000000,
        "64" : 0.000000,
        ">=64" : 0.000000
      },
      "iodepth_complete" : {
        "0" : 0.000000,
        "4" : 100.000000,
        "8" : 0.000000,
        "16" : 0.000000,
        "32" : 0.000000,
        "64" : 0.000000,
        ">=64" : 0.000000
      },
      "latency_ns" : {
        "2" : 0.000000,
        "4" : 0.000000,
        "10" : 0.000000,
        "20" : 0.000000,
        "50" : 0.000000,
        "100" : 0.000000,
        "250" : 0.000000,
        "500" : 0.000000,
        "750" : 0.000000,
        "1000" : 0.000000
      },
      "latency_us" : {
        "2" : 0.000000,
        "4" : 0.000000,
        "10" : 0.000000,
        "20" : 0.000000,
        "50" : 0.173274,
        "100" : 90.673187,
        "250" : 9.120217,
        "500" : 0.015828,
        "750" : 0.010000,
        "1000" : 0.010000
      },
      "latency_ms" : {
        "2" : 0.010000,
        "4" : 0.010000,
        "10" : 0.000000,
        "20" : 0.010000,
        "50" : 0.010000,
        "100" : 0.000000,
        "250" : 0.000000,
        "500" : 0.000000,
        "750" : 0.000000,
        "1000" : 0.000000,
        "2000" : 0.000000,
        ">=2000" : 0.000000
      },
      "latency_depth" : 1,
      "latency_target" : 0,
      "latency_percentile" : 100.000000,
      "latency_window" : 0
    }
  ],
  "disk_util" : [
    {
      "name" : "sdb",
      "read_ios" : 0,
      "write_ios" : 133,
      "read_sectors" : 0,
      "write_sectors" : 37048,
      "read_merges" : 0,
      "write_merges" : 1105,
      "read_ticks" : 0,
      "write_ticks" : 272,
      "in_queue" : 278,
      "util" : 0.170136
    }
  ]
}
