{
  "fio version" : "fio-3.40",
  "timestamp" : 1766437089,
  "timestamp_ms" : 1766437089953,
  "time" : "Mon Dec 22 20:58:09 2025",
  "global options" : {
    "ioengine" : "librawstor",
    "filename" : "ost://127.0.0.1:8080/01988675-e1e5-7788-9ed4-2f2d30910d23"
  },
  "jobs" : [
    {
      "jobname" : "rawstor",
      "groupid" : 0,
      "job_start" : 1766437079808,
      "error" : 0,
      "eta" : 0,
      "elapsed" : 11,
      "job options" : {
        "name" : "rawstor",
        "iodepth" : "2",
        "rw" : "randrw",
        "bs" : "4k",
        "size" : "1G",
        "numjobs" : "1",
        "runtime" : "10",
        "time_based" : "",
        "group_reporting" : ""
      },
      "read" : {
        "io_bytes" : 661725184,
        "io_kbytes" : 646216,
        "bw_bytes" : 66165901,
        "bw" : 64615,
        "iops" : 16153.784622,
        "runtime" : 10001,
        "total_ios" : 161554,
        "short_ios" : 0,
        "drop_ios" : 0,
        "slat_ns" : {
          "min" : 0,
          "max" : 0,
          "mean" : 0.000000,
          "stddev" : 0.000000,
          "N" : 161554
        },
        "clat_ns" : {
          "min" : 107296932,
          "max" : 10106268649,
          "mean" : 5140059080.437225,
          "stddev" : 2913461697.364427,
          "N" : 161554,
          "percentile" : {
            "1.000000" : 221249536,
            "5.000000" : 591396864,
            "10.000000" : 1052770304,
            "20.000000" : 2139095040,
            "30.000000" : 3137339392,
            "40.000000" : 4143972352,
            "50.000000" : 5133828096,
            "60.000000" : 6140461056,
            "70.000000" : 7147094016,
            "80.000000" : 8220835840,
            "90.000000" : 9193914368,
            "95.000000" : 9596567552,
            "99.000000" : 9999220736,
            "99.500000" : 9999220736,
            "99.900000" : 10133438464,
            "99.950000" : 10133438464,
            "99.990000" : 10133438464
          }
        },
        "lat_ns" : {
          "min" : 18237,
          "max" : 53897537,
          "mean" : 52526.673979,
          "stddev" : 356148.378639,
          "N" : 161554
        },
        "bw_min" : 57200,
        "bw_max" : 70912,
        "bw_agg" : 100.000000,
        "bw_mean" : 64621.600000,
        "bw_dev" : 4018.735156,
        "bw_samples" : 20,
        "iops_min" : 14300,
        "iops_max" : 17728,
        "iops_mean" : 16155.400000,
        "iops_stddev" : 1004.683789,
        "iops_samples" : 20
      },
      "write" : {
        "io_bytes" : 661594112,
        "io_kbytes" : 646088,
        "bw_bytes" : 66152795,
        "bw" : 64602,
        "iops" : 16150.584942,
        "runtime" : 10001,
        "total_ios" : 161522,
        "short_ios" : 0,
        "drop_ios" : 0,
        "slat_ns" : {
          "min" : 0,
          "max" : 0,
          "mean" : 0.000000,
          "stddev" : 0.000000,
          "N" : 161522
        },
        "clat_ns" : {
          "min" : 107470636,
          "max" : 10106329819,
          "mean" : 5146226824.299369,
          "stddev" : 2910759357.576564,
          "N" : 161522,
          "percentile" : {
            "1.000000" : 217055232,
            "5.000000" : 583008256,
            "10.000000" : 1052770304,
            "20.000000" : 2122317824,
            "30.000000" : 3170893824,
            "40.000000" : 4143972352,
            "50.000000" : 5200936960,
            "60.000000" : 6207569920,
            "70.000000" : 7147094016,
            "80.000000" : 8220835840,
            "90.000000" : 9193914368,
            "95.000000" : 9596567552,
            "99.000000" : 9999220736,
            "99.500000" : 9999220736,
            "99.900000" : 10133438464,
            "99.950000" : 10133438464,
            "99.990000" : 10133438464
          }
        },
        "lat_ns" : {
          "min" : 22873,
          "max" : 53906082,
          "mean" : 69782.309537,
          "stddev" : 476315.730917,
          "N" : 161522
        },
        "bw_min" : 58440,
        "bw_max" : 69944,
        "bw_agg" : 100.000000,
        "bw_mean" : 64608.800000,
        "bw_dev" : 3572.085365,
        "bw_samples" : 20,
        "iops_min" : 14610,
        "iops_max" : 17486,
        "iops_mean" : 16152.200000,
        "iops_stddev" : 893.021341,
        "iops_samples" : 20
      },
      "trim" : {
        "io_bytes" : 0,
        "io_kbytes" : 0,
        "bw_bytes" : 0,
        "bw" : 0,
        "iops" : 0.000000,
        "runtime" : 0,
        "total_ios" : 0,
        "short_ios" : 0,
        "drop_ios" : 0,
        "slat_ns" : {
          "min" : 0,
          "max" : 0,
          "mean" : 0.000000,
          "stddev" : 0.000000,
          "N" : 0
        },
        "clat_ns" : {
          "min" : 0,
          "max" : 0,
          "mean" : 0.000000,
          "stddev" : 0.000000,
          "N" : 0
        },
        "lat_ns" : {
          "min" : 0,
          "max" : 0,
          "mean" : 0.000000,
          "stddev" : 0.000000,
          "N" : 0
        },
        "bw_min" : 0,
        "bw_max" : 0,
        "bw_agg" : 0.000000,
        "bw_mean" : 0.000000,
        "bw_dev" : 0.000000,
        "bw_samples" : 0,
        "iops_min" : 0,
        "iops_max" : 0,
        "iops_mean" : 0.000000,
        "iops_stddev" : 0.000000,
        "iops_samples" : 0
      },
      "sync" : {
        "total_ios" : 0,
        "lat_ns" : {
          "min" : 0,
          "max" : 0,
          "mean" : 0.000000,
          "stddev" : 0.000000,
          "N" : 0
        }
      },
      "job_runtime" : 10000,
      "usr_cpu" : 11.480000,
      "sys_cpu" : 39.220000,
      "ctx" : 210917,
      "majf" : 0,
      "minf" : 43,
      "iodepth_level" : {
        "1" : 0.100000,
        "2" : 99.999690,
        "4" : 0.000000,
        "8" : 0.000000,
        "16" : 0.000000,
        "32" : 0.000000,
        ">=64" : 0.000000
      },
      "iodepth_submit" : {
        "0" : 0.000000,
        "4" : 100.000000,
        "8" : 0.000000,
        "16" : 0.000000,
        "32" : 0.000000,
        "64" : 0.000000,
        ">=64" : 0.000000
      },
      "iodepth_complete" : {
        "0" : 0.000000,
        "4" : 100.000000,
        "8" : 0.000000,
        "16" : 0.000000,
        "32" : 0.000000,
        "64" : 0.000000,
        ">=64" : 0.000000
      },
      "latency_ns" : {
        "2" : 0.000000,
        "4" : 0.000000,
        "10" : 0.000000,
        "20" : 0.000000,
        "50" : 0.000000,
        "100" : 0.000000,
        "250" : 0.000000,
        "500" : 0.000000,
        "750" : 0.000000,
        "1000" : 0.000000
      },
      "latency_us" : {
        "2" : 0.000000,
        "4" : 0.000000,
        "10" : 0.000000,
        "20" : 0.000000,
        "50" : 0.000000,
        "100" : 0.000000,
        "250" : 0.000000,
        "500" : 0.000000,
        "750" : 0.000000,
        "1000" : 0.000000
      },
      "latency_ms" : {
        "2" : 0.000000,
        "4" : 0.000000,
        "10" : 0.000000,
        "20" : 0.000000,
        "50" : 0.000000,
        "100" : 0.000000,
        "250" : 1.327861,
        "500" : 2.732174,
        "750" : 2.816984,
        "1000" : 2.547698,
        "2000" : 9.645409,
        ">=2000" : 80.929874
      },
      "latency_depth" : 2,
      "latency_target" : 0,
      "latency_percentile" : 100.000000,
      "latency_window" : 0
    }
  ],
  "disk_util" : [
    {
      "name" : "sda",
      "read_ios" : 0,
      "write_ios" : 242,
      "read_sectors" : 0,
      "write_sectors" : 40016,
      "read_merges" : 0,
      "write_merges" : 1217,
      "read_ticks" : 0,
      "write_ticks" : 352,
      "in_queue" : 357,
      "util" : 0.120120
    }
  ]
}
