{
  "fio version" : "fio-3.40",
  "timestamp" : 1758443408,
  "timestamp_ms" : 1758443408759,
  "time" : "Sun Sep 21 08:30:08 2025",
  "global options" : {
    "ioengine" : "librawstor",
    "filename" : "01996b64-e4d8-7789-ba39-07f7795f57fd"
  },
  "jobs" : [
    {
      "jobname" : "rawstor",
      "groupid" : 0,
      "job_start" : 1758443398613,
      "error" : 0,
      "eta" : 0,
      "elapsed" : 11,
      "job options" : {
        "name" : "rawstor",
        "iodepth" : "2",
        "rw" : "randrw",
        "bs" : "4k",
        "size" : "1G",
        "numjobs" : "1",
        "runtime" : "10",
        "time_based" : "",
        "group_reporting" : ""
      },
      "read" : {
        "io_bytes" : 2756231168,
        "io_kbytes" : 2691632,
        "bw_bytes" : 275595557,
        "bw" : 269136,
        "iops" : 67284.071593,
        "runtime" : 10001,
        "total_ios" : 672908,
        "short_ios" : 0,
        "drop_ios" : 0,
        "slat_ns" : {
          "min" : 0,
          "max" : 0,
          "mean" : 0.000000,
          "stddev" : 0.000000,
          "N" : 672908
        },
        "clat_ns" : {
          "min" : 104881679,
          "max" : 10104646763,
          "mean" : 5426769899.102294,
          "stddev" : 2827805178.965341,
          "N" : 672908,
          "percentile" : {
            "1.000000" : 229638144,
            "5.000000" : 742391808,
            "10.000000" : 1333788672,
            "20.000000" : 2600468480,
            "30.000000" : 3607101440,
            "40.000000" : 4596957184,
            "50.000000" : 5536481280,
            "60.000000" : 6476005376,
            "70.000000" : 7415529472,
            "80.000000" : 8355053568,
            "90.000000" : 9193914368,
            "95.000000" : 9596567552,
            "99.000000" : 9999220736,
            "99.500000" : 9999220736,
            "99.900000" : 10133438464,
            "99.950000" : 10133438464,
            "99.990000" : 10133438464
          }
        },
        "lat_ns" : {
          "min" : 1282,
          "max" : 142556,
          "mean" : 5291.874919,
          "stddev" : 3972.710233,
          "N" : 672908
        },
        "bw_min" : 209728,
        "bw_max" : 324656,
        "bw_agg" : 99.514266,
        "bw_mean" : 267829.052632,
        "bw_dev" : 36243.302102,
        "bw_samples" : 19,
        "iops_min" : 52432,
        "iops_max" : 81164,
        "iops_mean" : 66957.263158,
        "iops_stddev" : 9060.825526,
        "iops_samples" : 19
      },
      "write" : {
        "io_bytes" : 2753085440,
        "io_kbytes" : 2688560,
        "bw_bytes" : 275281015,
        "bw" : 268829,
        "iops" : 67207.279272,
        "runtime" : 10001,
        "total_ios" : 672140,
        "short_ios" : 0,
        "drop_ios" : 0,
        "slat_ns" : {
          "min" : 0,
          "max" : 0,
          "mean" : 0.000000,
          "stddev" : 0.000000,
          "N" : 672140
        },
        "clat_ns" : {
          "min" : 104970605,
          "max" : 10104678392,
          "mean" : 5426303588.028853,
          "stddev" : 2827721459.878119,
          "N" : 672140,
          "percentile" : {
            "1.000000" : 229638144,
            "5.000000" : 742391808,
            "10.000000" : 1333788672,
            "20.000000" : 2600468480,
            "30.000000" : 3607101440,
            "40.000000" : 4596957184,
            "50.000000" : 5536481280,
            "60.000000" : 6476005376,
            "70.000000" : 7415529472,
            "80.000000" : 8355053568,
            "90.000000" : 9193914368,
            "95.000000" : 9596567552,
            "99.000000" : 9999220736,
            "99.500000" : 9999220736,
            "99.900000" : 10133438464,
            "99.950000" : 10133438464,
            "99.990000" : 10133438464
          }
        },
        "lat_ns" : {
          "min" : 3757,
          "max" : 616380,
          "mean" : 23368.154151,
          "stddev" : 7358.512518,
          "N" : 672140
        },
        "bw_min" : 209552,
        "bw_max" : 327024,
        "bw_agg" : 99.571432,
        "bw_mean" : 267677.473684,
        "bw_dev" : 36212.785666,
        "bw_samples" : 19,
        "iops_min" : 52388,
        "iops_max" : 81756,
        "iops_mean" : 66919.368421,
        "iops_stddev" : 9053.196417,
        "iops_samples" : 19
      },
      "trim" : {
        "io_bytes" : 0,
        "io_kbytes" : 0,
        "bw_bytes" : 0,
        "bw" : 0,
        "iops" : 0.000000,
        "runtime" : 0,
        "total_ios" : 0,
        "short_ios" : 0,
        "drop_ios" : 0,
        "slat_ns" : {
          "min" : 0,
          "max" : 0,
          "mean" : 0.000000,
          "stddev" : 0.000000,
          "N" : 0
        },
        "clat_ns" : {
          "min" : 0,
          "max" : 0,
          "mean" : 0.000000,
          "stddev" : 0.000000,
          "N" : 0
        },
        "lat_ns" : {
          "min" : 0,
          "max" : 0,
          "mean" : 0.000000,
          "stddev" : 0.000000,
          "N" : 0
        },
        "bw_min" : 0,
        "bw_max" : 0,
        "bw_agg" : 0.000000,
        "bw_mean" : 0.000000,
        "bw_dev" : 0.000000,
        "bw_samples" : 0,
        "iops_min" : 0,
        "iops_max" : 0,
        "iops_mean" : 0.000000,
        "iops_stddev" : 0.000000,
        "iops_samples" : 0
      },
      "sync" : {
        "total_ios" : 0,
        "lat_ns" : {
          "min" : 0,
          "max" : 0,
          "mean" : 0.000000,
          "stddev" : 0.000000,
          "N" : 0
        }
      },
      "job_runtime" : 10000,
      "usr_cpu" : 17.610000,
      "sys_cpu" : 49.910000,
      "ctx" : 276873,
      "majf" : 0,
      "minf" : 30,
      "iodepth_level" : {
        "1" : 0.100000,
        "2" : 99.999926,
        "4" : 0.000000,
        "8" : 0.000000,
        "16" : 0.000000,
        "32" : 0.000000,
        ">=64" : 0.000000
      },
      "iodepth_submit" : {
        "0" : 0.000000,
        "4" : 100.000000,
        "8" : 0.000000,
        "16" : 0.000000,
        "32" : 0.000000,
        "64" : 0.000000,
        ">=64" : 0.000000
      },
      "iodepth_complete" : {
        "0" : 0.000000,
        "4" : 100.000000,
        "8" : 0.000000,
        "16" : 0.000000,
        "32" : 0.000000,
        "64" : 0.000000,
        ">=64" : 0.000000
      },
      "latency_ns" : {
        "2" : 0.000000,
        "4" : 0.000000,
        "10" : 0.000000,
        "20" : 0.000000,
        "50" : 0.000000,
        "100" : 0.000000,
        "250" : 0.000000,
        "500" : 0.000000,
        "750" : 0.000000,
        "1000" : 0.000000
      },
      "latency_us" : {
        "2" : 0.000000,
        "4" : 0.000000,
        "10" : 0.000000,
        "20" : 0.000000,
        "50" : 0.000000,
        "100" : 0.000000,
        "250" : 0.000000,
        "500" : 0.000000,
        "750" : 0.000000,
        "1000" : 0.000000
      },
      "latency_ms" : {
        "2" : 0.000000,
        "4" : 0.000000,
        "10" : 0.000000,
        "20" : 0.000000,
        "50" : 0.000000,
        "100" : 0.000000,
        "250" : 1.158397,
        "500" : 1.976063,
        "750" : 1.903798,
        "1000" : 2.183491,
        "2000" : 7.779202,
        ">=2000" : 84.999048
      },
      "latency_depth" : 2,
      "latency_target" : 0,
      "latency_percentile" : 100.000000,
      "latency_window" : 0
    }
  ],
  "disk_util" : [
    {
      "name" : "sdb",
      "read_ios" : 1,
      "write_ios" : 155,
      "read_sectors" : 24,
      "write_sectors" : 4440,
      "read_merges" : 0,
      "write_merges" : 395,
      "read_ticks" : 0,
      "write_ticks" : 135,
      "in_queue" : 135,
      "util" : 0.040032
    }
  ]
}
