{
  "fio version" : "fio-3.40",
  "timestamp" : 1767995087,
  "timestamp_ms" : 1767995087363,
  "time" : "Fri Jan  9 21:44:47 2026",
  "global options" : {
    "ioengine" : "librawstor",
    "filename" : "ost://127.0.0.1:8080/01988675-e1e5-7788-9ed4-2f2d30910d23"
  },
  "jobs" : [
    {
      "jobname" : "rawstor",
      "groupid" : 0,
      "job_start" : 1767995077217,
      "error" : 0,
      "eta" : 0,
      "elapsed" : 11,
      "job options" : {
        "name" : "rawstor",
        "iodepth" : "2",
        "rw" : "randrw",
        "bs" : "4k",
        "size" : "1G",
        "numjobs" : "1",
        "runtime" : "10",
        "time_based" : "",
        "group_reporting" : ""
      },
      "read" : {
        "io_bytes" : 443494400,
        "io_kbytes" : 433100,
        "bw_bytes" : 44327276,
        "bw" : 43288,
        "iops" : 10822.088956,
        "runtime" : 10005,
        "total_ios" : 108275,
        "short_ios" : 0,
        "drop_ios" : 0,
        "slat_ns" : {
          "min" : 0,
          "max" : 0,
          "mean" : 0.000000,
          "stddev" : 0.000000,
          "N" : 108275
        },
        "clat_ns" : {
          "min" : 105999873,
          "max" : 10109544639,
          "mean" : 5033069611.067970,
          "stddev" : 2894137227.719456,
          "N" : 108275,
          "percentile" : {
            "1.000000" : 210763776,
            "5.000000" : 583008256,
            "10.000000" : 1035993088,
            "20.000000" : 2021654528,
            "30.000000" : 2969567232,
            "40.000000" : 3976200192,
            "50.000000" : 4999610368,
            "60.000000" : 6006243328,
            "70.000000" : 7012876288,
            "80.000000" : 8019509248,
            "90.000000" : 9059696640,
            "95.000000" : 9596567552,
            "99.000000" : 9999220736,
            "99.500000" : 9999220736,
            "99.900000" : 10133438464,
            "99.950000" : 10133438464,
            "99.990000" : 10133438464
          }
        },
        "lat_ns" : {
          "min" : 29665,
          "max" : 33151768,
          "mean" : 79808.233258,
          "stddev" : 257053.958397,
          "N" : 108275
        },
        "bw_min" : 39464,
        "bw_max" : 47400,
        "bw_agg" : 100.000000,
        "bw_mean" : 43310.000000,
        "bw_dev" : 2026.920921,
        "bw_samples" : 20,
        "iops_min" : 9866,
        "iops_max" : 11850,
        "iops_mean" : 10827.500000,
        "iops_stddev" : 506.730230,
        "iops_samples" : 20
      },
      "write" : {
        "io_bytes" : 442195968,
        "io_kbytes" : 431832,
        "bw_bytes" : 44197498,
        "bw" : 43161,
        "iops" : 10790.404798,
        "runtime" : 10005,
        "total_ios" : 107958,
        "short_ios" : 0,
        "drop_ios" : 0,
        "slat_ns" : {
          "min" : 0,
          "max" : 0,
          "mean" : 0.000000,
          "stddev" : 0.000000,
          "N" : 107958
        },
        "clat_ns" : {
          "min" : 106210588,
          "max" : 10083846672,
          "mean" : 5034619594.176337,
          "stddev" : 2895961560.534865,
          "N" : 107958,
          "percentile" : {
            "1.000000" : 206569472,
            "5.000000" : 574619648,
            "10.000000" : 1035993088,
            "20.000000" : 2021654528,
            "30.000000" : 2969567232,
            "40.000000" : 3976200192,
            "50.000000" : 4999610368,
            "60.000000" : 6073352192,
            "70.000000" : 7079985152,
            "80.000000" : 8019509248,
            "90.000000" : 9059696640,
            "95.000000" : 9596567552,
            "99.000000" : 9999220736,
            "99.500000" : 9999220736,
            "99.900000" : 10133438464,
            "99.950000" : 10133438464,
            "99.990000" : 10133438464
          }
        },
        "lat_ns" : {
          "min" : 42169,
          "max" : 33341303,
          "mean" : 102645.828433,
          "stddev" : 290535.495450,
          "N" : 107958
        },
        "bw_min" : 38280,
        "bw_max" : 47768,
        "bw_agg" : 100.000000,
        "bw_mean" : 43183.200000,
        "bw_dev" : 2329.220009,
        "bw_samples" : 20,
        "iops_min" : 9570,
        "iops_max" : 11942,
        "iops_mean" : 10795.800000,
        "iops_stddev" : 582.305002,
        "iops_samples" : 20
      },
      "trim" : {
        "io_bytes" : 0,
        "io_kbytes" : 0,
        "bw_bytes" : 0,
        "bw" : 0,
        "iops" : 0.000000,
        "runtime" : 0,
        "total_ios" : 0,
        "short_ios" : 0,
        "drop_ios" : 0,
        "slat_ns" : {
          "min" : 0,
          "max" : 0,
          "mean" : 0.000000,
          "stddev" : 0.000000,
          "N" : 0
        },
        "clat_ns" : {
          "min" : 0,
          "max" : 0,
          "mean" : 0.000000,
          "stddev" : 0.000000,
          "N" : 0
        },
        "lat_ns" : {
          "min" : 0,
          "max" : 0,
          "mean" : 0.000000,
          "stddev" : 0.000000,
          "N" : 0
        },
        "bw_min" : 0,
        "bw_max" : 0,
        "bw_agg" : 0.000000,
        "bw_mean" : 0.000000,
        "bw_dev" : 0.000000,
        "bw_samples" : 0,
        "iops_min" : 0,
        "iops_max" : 0,
        "iops_mean" : 0.000000,
        "iops_stddev" : 0.000000,
        "iops_samples" : 0
      },
      "sync" : {
        "total_ios" : 0,
        "lat_ns" : {
          "min" : 0,
          "max" : 0,
          "mean" : 0.000000,
          "stddev" : 0.000000,
          "N" : 0
        }
      },
      "job_runtime" : 10004,
      "usr_cpu" : 13.764494,
      "sys_cpu" : 47.710916,
      "ctx" : 142279,
      "majf" : 0,
      "minf" : 43,
      "iodepth_level" : {
        "1" : 0.100000,
        "2" : 99.999538,
        "4" : 0.000000,
        "8" : 0.000000,
        "16" : 0.000000,
        "32" : 0.000000,
        ">=64" : 0.000000
      },
      "iodepth_submit" : {
        "0" : 0.000000,
        "4" : 100.000000,
        "8" : 0.000000,
        "16" : 0.000000,
        "32" : 0.000000,
        "64" : 0.000000,
        ">=64" : 0.000000
      },
      "iodepth_complete" : {
        "0" : 0.000000,
        "4" : 100.000000,
        "8" : 0.000000,
        "16" : 0.000000,
        "32" : 0.000000,
        "64" : 0.000000,
        ">=64" : 0.000000
      },
      "latency_ns" : {
        "2" : 0.000000,
        "4" : 0.000000,
        "10" : 0.000000,
        "20" : 0.000000,
        "50" : 0.000000,
        "100" : 0.000000,
        "250" : 0.000000,
        "500" : 0.000000,
        "750" : 0.000000,
        "1000" : 0.000000
      },
      "latency_us" : {
        "2" : 0.000000,
        "4" : 0.000000,
        "10" : 0.000000,
        "20" : 0.000000,
        "50" : 0.000000,
        "100" : 0.000000,
        "250" : 0.000000,
        "500" : 0.000000,
        "750" : 0.000000,
        "1000" : 0.000000
      },
      "latency_ms" : {
        "2" : 0.000000,
        "4" : 0.000000,
        "10" : 0.000000,
        "20" : 0.000000,
        "50" : 0.000000,
        "100" : 0.000000,
        "250" : 1.459537,
        "500" : 2.642057,
        "750" : 2.749812,
        "1000" : 2.769235,
        "2000" : 10.100678,
        ">=2000" : 80.278681
      },
      "latency_depth" : 2,
      "latency_target" : 0,
      "latency_percentile" : 100.000000,
      "latency_window" : 0
    }
  ],
  "disk_util" : [
    {
      "name" : "sdb",
      "read_ios" : 0,
      "write_ios" : 124,
      "read_sectors" : 0,
      "write_sectors" : 58536,
      "read_merges" : 0,
      "write_merges" : 1141,
      "read_ticks" : 0,
      "write_ticks" : 269,
      "in_queue" : 275,
      "util" : 0.140112
    }
  ]
}
