{
  "fio version" : "fio-3.40",
  "timestamp" : 1761387757,
  "timestamp_ms" : 1761387757345,
  "time" : "Sat Oct 25 10:22:37 2025",
  "global options" : {
    "ioengine" : "librawstor",
    "filename" : "ost://127.0.0.1:8080/01988675-e1e5-7788-9ed4-2f2d30910d23"
  },
  "jobs" : [
    {
      "jobname" : "rawstor",
      "groupid" : 0,
      "job_start" : 1761387747206,
      "error" : 0,
      "eta" : 0,
      "elapsed" : 11,
      "job options" : {
        "name" : "rawstor",
        "iodepth" : "2",
        "rw" : "randrw",
        "bs" : "4k",
        "size" : "1G",
        "numjobs" : "1",
        "runtime" : "10",
        "time_based" : "",
        "group_reporting" : ""
      },
      "read" : {
        "io_bytes" : 436506624,
        "io_kbytes" : 426276,
        "bw_bytes" : 43607055,
        "bw" : 42585,
        "iops" : 10646.253746,
        "runtime" : 10010,
        "total_ios" : 106569,
        "short_ios" : 0,
        "drop_ios" : 0,
        "slat_ns" : {
          "min" : 0,
          "max" : 0,
          "mean" : 0.000000,
          "stddev" : 0.000000,
          "N" : 106569
        },
        "clat_ns" : {
          "min" : 112144174,
          "max" : 10096717163,
          "mean" : 5069504565.490338,
          "stddev" : 2904609000.419539,
          "N" : 106569,
          "percentile" : {
            "1.000000" : 219152384,
            "5.000000" : 583008256,
            "10.000000" : 1044381696,
            "20.000000" : 2088763392,
            "30.000000" : 3003121664,
            "40.000000" : 4043309056,
            "50.000000" : 5066719232,
            "60.000000" : 6073352192,
            "70.000000" : 7079985152,
            "80.000000" : 8086618112,
            "90.000000" : 9059696640,
            "95.000000" : 9596567552,
            "99.000000" : 9999220736,
            "99.500000" : 9999220736,
            "99.900000" : 10133438464,
            "99.950000" : 10133438464,
            "99.990000" : 10133438464
          }
        },
        "lat_ns" : {
          "min" : 29195,
          "max" : 35593504,
          "mean" : 81215.375494,
          "stddev" : 304933.520850,
          "N" : 106569
        },
        "bw_min" : 39656,
        "bw_max" : 46232,
        "bw_agg" : 100.000000,
        "bw_mean" : 42627.600000,
        "bw_dev" : 2125.989513,
        "bw_samples" : 20,
        "iops_min" : 9914,
        "iops_max" : 11558,
        "iops_mean" : 10656.900000,
        "iops_stddev" : 531.497378,
        "iops_samples" : 20
      },
      "write" : {
        "io_bytes" : 435523584,
        "io_kbytes" : 425316,
        "bw_bytes" : 43508849,
        "bw" : 42489,
        "iops" : 10622.277722,
        "runtime" : 10010,
        "total_ios" : 106329,
        "short_ios" : 0,
        "drop_ios" : 0,
        "slat_ns" : {
          "min" : 0,
          "max" : 0,
          "mean" : 0.000000,
          "stddev" : 0.000000,
          "N" : 106329
        },
        "clat_ns" : {
          "min" : 112377034,
          "max" : 10120980403,
          "mean" : 5074671779.583579,
          "stddev" : 2908902886.871236,
          "N" : 106329,
          "percentile" : {
            "1.000000" : 214958080,
            "5.000000" : 583008256,
            "10.000000" : 1044381696,
            "20.000000" : 2071986176,
            "30.000000" : 3003121664,
            "40.000000" : 4043309056,
            "50.000000" : 5066719232,
            "60.000000" : 6073352192,
            "70.000000" : 7147094016,
            "80.000000" : 8086618112,
            "90.000000" : 9059696640,
            "95.000000" : 9596567552,
            "99.000000" : 9999220736,
            "99.500000" : 9999220736,
            "99.900000" : 10133438464,
            "99.950000" : 10133438464,
            "99.990000" : 10133438464
          }
        },
        "lat_ns" : {
          "min" : 41097,
          "max" : 32260911,
          "mean" : 104260.223852,
          "stddev" : 289197.877068,
          "N" : 106329
        },
        "bw_min" : 39656,
        "bw_max" : 47096,
        "bw_agg" : 100.000000,
        "bw_mean" : 42530.800000,
        "bw_dev" : 2293.417620,
        "bw_samples" : 20,
        "iops_min" : 9914,
        "iops_max" : 11774,
        "iops_mean" : 10632.700000,
        "iops_stddev" : 573.354405,
        "iops_samples" : 20
      },
      "trim" : {
        "io_bytes" : 0,
        "io_kbytes" : 0,
        "bw_bytes" : 0,
        "bw" : 0,
        "iops" : 0.000000,
        "runtime" : 0,
        "total_ios" : 0,
        "short_ios" : 0,
        "drop_ios" : 0,
        "slat_ns" : {
          "min" : 0,
          "max" : 0,
          "mean" : 0.000000,
          "stddev" : 0.000000,
          "N" : 0
        },
        "clat_ns" : {
          "min" : 0,
          "max" : 0,
          "mean" : 0.000000,
          "stddev" : 0.000000,
          "N" : 0
        },
        "lat_ns" : {
          "min" : 0,
          "max" : 0,
          "mean" : 0.000000,
          "stddev" : 0.000000,
          "N" : 0
        },
        "bw_min" : 0,
        "bw_max" : 0,
        "bw_agg" : 0.000000,
        "bw_mean" : 0.000000,
        "bw_dev" : 0.000000,
        "bw_samples" : 0,
        "iops_min" : 0,
        "iops_max" : 0,
        "iops_mean" : 0.000000,
        "iops_stddev" : 0.000000,
        "iops_samples" : 0
      },
      "sync" : {
        "total_ios" : 0,
        "lat_ns" : {
          "min" : 0,
          "max" : 0,
          "mean" : 0.000000,
          "stddev" : 0.000000,
          "N" : 0
        }
      },
      "job_runtime" : 10009,
      "usr_cpu" : 10.650415,
      "sys_cpu" : 50.004996,
      "ctx" : 140500,
      "majf" : 0,
      "minf" : 42,
      "iodepth_level" : {
        "1" : 0.100000,
        "2" : 99.999530,
        "4" : 0.000000,
        "8" : 0.000000,
        "16" : 0.000000,
        "32" : 0.000000,
        ">=64" : 0.000000
      },
      "iodepth_submit" : {
        "0" : 0.000000,
        "4" : 100.000000,
        "8" : 0.000000,
        "16" : 0.000000,
        "32" : 0.000000,
        "64" : 0.000000,
        ">=64" : 0.000000
      },
      "iodepth_complete" : {
        "0" : 0.000000,
        "4" : 100.000000,
        "8" : 0.000000,
        "16" : 0.000000,
        "32" : 0.000000,
        "64" : 0.000000,
        ">=64" : 0.000000
      },
      "latency_ns" : {
        "2" : 0.000000,
        "4" : 0.000000,
        "10" : 0.000000,
        "20" : 0.000000,
        "50" : 0.000000,
        "100" : 0.000000,
        "250" : 0.000000,
        "500" : 0.000000,
        "750" : 0.000000,
        "1000" : 0.000000
      },
      "latency_us" : {
        "2" : 0.000000,
        "4" : 0.000000,
        "10" : 0.000000,
        "20" : 0.000000,
        "50" : 0.000000,
        "100" : 0.000000,
        "250" : 0.000000,
        "500" : 0.000000,
        "750" : 0.000000,
        "1000" : 0.000000
      },
      "latency_ms" : {
        "2" : 0.000000,
        "4" : 0.000000,
        "10" : 0.000000,
        "20" : 0.000000,
        "50" : 0.000000,
        "100" : 0.000000,
        "250" : 1.341018,
        "500" : 2.712567,
        "750" : 2.820130,
        "1000" : 2.708339,
        "2000" : 9.600842,
        ">=2000" : 80.817105
      },
      "latency_depth" : 2,
      "latency_target" : 0,
      "latency_percentile" : 100.000000,
      "latency_window" : 0
    }
  ],
  "disk_util" : [
    {
      "name" : "sda",
      "read_ios" : 0,
      "write_ios" : 227,
      "read_sectors" : 0,
      "write_sectors" : 44424,
      "read_merges" : 0,
      "write_merges" : 1039,
      "read_ticks" : 0,
      "write_ticks" : 363,
      "in_queue" : 363,
      "util" : 0.190266
    }
  ]
}
