{
  "fio version" : "fio-3.40",
  "timestamp" : 1762982750,
  "timestamp_ms" : 1762982750656,
  "time" : "Wed Nov 12 21:25:50 2025",
  "global options" : {
    "ioengine" : "librawstor",
    "filename" : "ost://127.0.0.1:8080/01988675-e1e5-7788-9ed4-2f2d30910d23"
  },
  "jobs" : [
    {
      "jobname" : "rawstor",
      "groupid" : 0,
      "job_start" : 1762982740510,
      "error" : 0,
      "eta" : 0,
      "elapsed" : 11,
      "job options" : {
        "name" : "rawstor",
        "iodepth" : "1",
        "rw" : "randrw",
        "bs" : "4k",
        "size" : "1G",
        "numjobs" : "1",
        "runtime" : "10",
        "time_based" : "",
        "group_reporting" : ""
      },
      "read" : {
        "io_bytes" : 228798464,
        "io_kbytes" : 223436,
        "bw_bytes" : 22877558,
        "bw" : 22341,
        "iops" : 5585.341466,
        "runtime" : 10001,
        "total_ios" : 55859,
        "short_ios" : 0,
        "drop_ios" : 0,
        "slat_ns" : {
          "min" : 50,
          "max" : 19806,
          "mean" : 175.024275,
          "stddev" : 253.598654,
          "N" : 55859
        },
        "clat_ns" : {
          "min" : 41407,
          "max" : 28282229,
          "mean" : 76319.110260,
          "stddev" : 269541.332727,
          "N" : 55859,
          "percentile" : {
            "1.000000" : 54528,
            "5.000000" : 59136,
            "10.000000" : 61696,
            "20.000000" : 65280,
            "30.000000" : 68096,
            "40.000000" : 70144,
            "50.000000" : 72192,
            "60.000000" : 74240,
            "70.000000" : 76288,
            "80.000000" : 80384,
            "90.000000" : 85504,
            "95.000000" : 91648,
            "99.000000" : 107008,
            "99.500000" : 115200,
            "99.900000" : 168960,
            "99.950000" : 232448,
            "99.990000" : 22675456
          }
        },
        "lat_ns" : {
          "min" : 41568,
          "max" : 28282349,
          "mean" : 76494.134535,
          "stddev" : 269541.553136,
          "N" : 55859
        },
        "bw_min" : 20688,
        "bw_max" : 24040,
        "bw_agg" : 100.000000,
        "bw_mean" : 22343.600000,
        "bw_dev" : 1094.776036,
        "bw_samples" : 20,
        "iops_min" : 5172,
        "iops_max" : 6010,
        "iops_mean" : 5585.900000,
        "iops_stddev" : 273.694009,
        "iops_samples" : 20
      },
      "write" : {
        "io_bytes" : 227635200,
        "io_kbytes" : 222300,
        "bw_bytes" : 22761243,
        "bw" : 22227,
        "iops" : 5556.944306,
        "runtime" : 10001,
        "total_ios" : 55575,
        "short_ios" : 0,
        "drop_ios" : 0,
        "slat_ns" : {
          "min" : 80,
          "max" : 17032,
          "mean" : 269.399190,
          "stddev" : 258.674764,
          "N" : 55575
        },
        "clat_ns" : {
          "min" : 57838,
          "max" : 22691072,
          "mean" : 99277.437805,
          "stddev" : 100894.617498,
          "N" : 55575,
          "percentile" : {
            "1.000000" : 77312,
            "5.000000" : 82432,
            "10.000000" : 84480,
            "20.000000" : 88576,
            "30.000000" : 92672,
            "40.000000" : 94720,
            "50.000000" : 97792,
            "60.000000" : 99840,
            "70.000000" : 102912,
            "80.000000" : 105984,
            "90.000000" : 113152,
            "95.000000" : 118272,
            "99.000000" : 136192,
            "99.500000" : 144384,
            "99.900000" : 214016,
            "99.950000" : 301056,
            "99.990000" : 1204224
          }
        },
        "lat_ns" : {
          "min" : 58079,
          "max" : 22691383,
          "mean" : 99546.836995,
          "stddev" : 100896.849068,
          "N" : 55575
        },
        "bw_min" : 20640,
        "bw_max" : 24336,
        "bw_agg" : 100.000000,
        "bw_mean" : 22230.000000,
        "bw_dev" : 1036.745921,
        "bw_samples" : 20,
        "iops_min" : 5160,
        "iops_max" : 6084,
        "iops_mean" : 5557.500000,
        "iops_stddev" : 259.186480,
        "iops_samples" : 20
      },
      "trim" : {
        "io_bytes" : 0,
        "io_kbytes" : 0,
        "bw_bytes" : 0,
        "bw" : 0,
        "iops" : 0.000000,
        "runtime" : 0,
        "total_ios" : 0,
        "short_ios" : 0,
        "drop_ios" : 0,
        "slat_ns" : {
          "min" : 0,
          "max" : 0,
          "mean" : 0.000000,
          "stddev" : 0.000000,
          "N" : 0
        },
        "clat_ns" : {
          "min" : 0,
          "max" : 0,
          "mean" : 0.000000,
          "stddev" : 0.000000,
          "N" : 0
        },
        "lat_ns" : {
          "min" : 0,
          "max" : 0,
          "mean" : 0.000000,
          "stddev" : 0.000000,
          "N" : 0
        },
        "bw_min" : 0,
        "bw_max" : 0,
        "bw_agg" : 0.000000,
        "bw_mean" : 0.000000,
        "bw_dev" : 0.000000,
        "bw_samples" : 0,
        "iops_min" : 0,
        "iops_max" : 0,
        "iops_mean" : 0.000000,
        "iops_stddev" : 0.000000,
        "iops_samples" : 0
      },
      "sync" : {
        "total_ios" : 0,
        "lat_ns" : {
          "min" : 0,
          "max" : 0,
          "mean" : 0.000000,
          "stddev" : 0.000000,
          "N" : 0
        }
      },
      "job_runtime" : 10000,
      "usr_cpu" : 7.570000,
      "sys_cpu" : 33.440000,
      "ctx" : 111547,
      "majf" : 0,
      "minf" : 41,
      "iodepth_level" : {
        "1" : 100.000000,
        "2" : 0.000000,
        "4" : 0.000000,
        "8" : 0.000000,
        "16" : 0.000000,
        "32" : 0.000000,
        ">=64" : 0.000000
      },
      "iodepth_submit" : {
        "0" : 0.000000,
        "4" : 100.000000,
        "8" : 0.000000,
        "16" : 0.000000,
        "32" : 0.000000,
        "64" : 0.000000,
        ">=64" : 0.000000
      },
      "iodepth_complete" : {
        "0" : 0.000000,
        "4" : 100.000000,
        "8" : 0.000000,
        "16" : 0.000000,
        "32" : 0.000000,
        "64" : 0.000000,
        ">=64" : 0.000000
      },
      "latency_ns" : {
        "2" : 0.000000,
        "4" : 0.000000,
        "10" : 0.000000,
        "20" : 0.000000,
        "50" : 0.000000,
        "100" : 0.000000,
        "250" : 0.000000,
        "500" : 0.000000,
        "750" : 0.000000,
        "1000" : 0.000000
      },
      "latency_us" : {
        "2" : 0.000000,
        "4" : 0.000000,
        "10" : 0.000000,
        "20" : 0.000000,
        "50" : 0.065510,
        "100" : 79.097044,
        "250" : 20.777321,
        "500" : 0.038588,
        "750" : 0.010000,
        "1000" : 0.010000
      },
      "latency_ms" : {
        "2" : 0.010000,
        "4" : 0.010000,
        "10" : 0.010000,
        "20" : 0.000000,
        "50" : 0.010000,
        "100" : 0.000000,
        "250" : 0.000000,
        "500" : 0.000000,
        "750" : 0.000000,
        "1000" : 0.000000,
        "2000" : 0.000000,
        ">=2000" : 0.000000
      },
      "latency_depth" : 1,
      "latency_target" : 0,
      "latency_percentile" : 100.000000,
      "latency_window" : 0
    }
  ],
  "disk_util" : [
    {
      "name" : "sdb",
      "read_ios" : 0,
      "write_ios" : 142,
      "read_sectors" : 0,
      "write_sectors" : 42192,
      "read_merges" : 0,
      "write_merges" : 1049,
      "read_ticks" : 0,
      "write_ticks" : 221,
      "in_queue" : 225,
      "util" : 0.190171
    }
  ]
}
