{
  "fio version" : "fio-3.40",
  "timestamp" : 1758534846,
  "timestamp_ms" : 1758534846316,
  "time" : "Mon Sep 22 09:54:06 2025",
  "global options" : {
    "ioengine" : "librawstor",
    "filename" : "01988675-e1e5-7788-9ed4-2f2d30910d23"
  },
  "jobs" : [
    {
      "jobname" : "rawstor",
      "groupid" : 0,
      "job_start" : 1758534836169,
      "error" : 0,
      "eta" : 0,
      "elapsed" : 11,
      "job options" : {
        "name" : "rawstor",
        "iodepth" : "1",
        "rw" : "randrw",
        "bs" : "4k",
        "size" : "1G",
        "numjobs" : "1",
        "runtime" : "10",
        "time_based" : "",
        "group_reporting" : ""
      },
      "read" : {
        "io_bytes" : 243462144,
        "io_kbytes" : 237756,
        "bw_bytes" : 24343780,
        "bw" : 23773,
        "iops" : 5943.305669,
        "runtime" : 10001,
        "total_ios" : 59439,
        "short_ios" : 0,
        "drop_ios" : 0,
        "slat_ns" : {
          "min" : 50,
          "max" : 17953,
          "mean" : 169.520063,
          "stddev" : 202.154524,
          "N" : 59439
        },
        "clat_ns" : {
          "min" : 41827,
          "max" : 25842092,
          "mean" : 70761.540739,
          "stddev" : 183648.968442,
          "N" : 59439,
          "percentile" : {
            "1.000000" : 52480,
            "5.000000" : 55552,
            "10.000000" : 57600,
            "20.000000" : 61184,
            "30.000000" : 63232,
            "40.000000" : 66048,
            "50.000000" : 68096,
            "60.000000" : 70144,
            "70.000000" : 72192,
            "80.000000" : 76288,
            "90.000000" : 81408,
            "95.000000" : 87552,
            "99.000000" : 101888,
            "99.500000" : 111104,
            "99.900000" : 144384,
            "99.950000" : 177152,
            "99.990000" : 1253376
          }
        },
        "lat_ns" : {
          "min" : 41988,
          "max" : 25842212,
          "mean" : 70931.060802,
          "stddev" : 183649.847579,
          "N" : 59439
        },
        "bw_min" : 21912,
        "bw_max" : 25248,
        "bw_agg" : 100.000000,
        "bw_mean" : 23825.684211,
        "bw_dev" : 1024.435945,
        "bw_samples" : 19,
        "iops_min" : 5478,
        "iops_max" : 6312,
        "iops_mean" : 5956.421053,
        "iops_stddev" : 256.108986,
        "iops_samples" : 19
      },
      "write" : {
        "io_bytes" : 242814976,
        "io_kbytes" : 237124,
        "bw_bytes" : 24279069,
        "bw" : 23710,
        "iops" : 5927.507249,
        "runtime" : 10001,
        "total_ios" : 59281,
        "short_ios" : 0,
        "drop_ios" : 0,
        "slat_ns" : {
          "min" : 69,
          "max" : 21229,
          "mean" : 245.302188,
          "stddev" : 294.087701,
          "N" : 59281
        },
        "clat_ns" : {
          "min" : 55884,
          "max" : 25387299,
          "mean" : 94167.054672,
          "stddev" : 193082.906843,
          "N" : 59281,
          "percentile" : {
            "1.000000" : 74240,
            "5.000000" : 78336,
            "10.000000" : 80384,
            "20.000000" : 84480,
            "30.000000" : 86528,
            "40.000000" : 88576,
            "50.000000" : 91648,
            "60.000000" : 93696,
            "70.000000" : 95744,
            "80.000000" : 99840,
            "90.000000" : 105984,
            "95.000000" : 112128,
            "99.000000" : 126464,
            "99.500000" : 136192,
            "99.900000" : 183296,
            "99.950000" : 228352,
            "99.990000" : 1236992
          }
        },
        "lat_ns" : {
          "min" : 56134,
          "max" : 25387419,
          "mean" : 94412.356860,
          "stddev" : 193083.850006,
          "N" : 59281
        },
        "bw_min" : 22304,
        "bw_max" : 25304,
        "bw_agg" : 100.000000,
        "bw_mean" : 23717.473684,
        "bw_dev" : 893.759312,
        "bw_samples" : 19,
        "iops_min" : 5576,
        "iops_max" : 6326,
        "iops_mean" : 5929.368421,
        "iops_stddev" : 223.439828,
        "iops_samples" : 19
      },
      "trim" : {
        "io_bytes" : 0,
        "io_kbytes" : 0,
        "bw_bytes" : 0,
        "bw" : 0,
        "iops" : 0.000000,
        "runtime" : 0,
        "total_ios" : 0,
        "short_ios" : 0,
        "drop_ios" : 0,
        "slat_ns" : {
          "min" : 0,
          "max" : 0,
          "mean" : 0.000000,
          "stddev" : 0.000000,
          "N" : 0
        },
        "clat_ns" : {
          "min" : 0,
          "max" : 0,
          "mean" : 0.000000,
          "stddev" : 0.000000,
          "N" : 0
        },
        "lat_ns" : {
          "min" : 0,
          "max" : 0,
          "mean" : 0.000000,
          "stddev" : 0.000000,
          "N" : 0
        },
        "bw_min" : 0,
        "bw_max" : 0,
        "bw_agg" : 0.000000,
        "bw_mean" : 0.000000,
        "bw_dev" : 0.000000,
        "bw_samples" : 0,
        "iops_min" : 0,
        "iops_max" : 0,
        "iops_mean" : 0.000000,
        "iops_stddev" : 0.000000,
        "iops_samples" : 0
      },
      "sync" : {
        "total_ios" : 0,
        "lat_ns" : {
          "min" : 0,
          "max" : 0,
          "mean" : 0.000000,
          "stddev" : 0.000000,
          "N" : 0
        }
      },
      "job_runtime" : 10000,
      "usr_cpu" : 8.330000,
      "sys_cpu" : 31.990000,
      "ctx" : 118838,
      "majf" : 0,
      "minf" : 295,
      "iodepth_level" : {
        "1" : 100.000000,
        "2" : 0.000000,
        "4" : 0.000000,
        "8" : 0.000000,
        "16" : 0.000000,
        "32" : 0.000000,
        ">=64" : 0.000000
      },
      "iodepth_submit" : {
        "0" : 0.000000,
        "4" : 100.000000,
        "8" : 0.000000,
        "16" : 0.000000,
        "32" : 0.000000,
        "64" : 0.000000,
        ">=64" : 0.000000
      },
      "iodepth_complete" : {
        "0" : 0.000000,
        "4" : 100.000000,
        "8" : 0.000000,
        "16" : 0.000000,
        "32" : 0.000000,
        "64" : 0.000000,
        ">=64" : 0.000000
      },
      "latency_ns" : {
        "2" : 0.000000,
        "4" : 0.000000,
        "10" : 0.000000,
        "20" : 0.000000,
        "50" : 0.000000,
        "100" : 0.000000,
        "250" : 0.000000,
        "500" : 0.000000,
        "750" : 0.000000,
        "1000" : 0.000000
      },
      "latency_us" : {
        "2" : 0.000000,
        "4" : 0.000000,
        "10" : 0.000000,
        "20" : 0.000000,
        "50" : 0.128875,
        "100" : 89.834063,
        "250" : 10.010108,
        "500" : 0.012635,
        "750" : 0.010000,
        "1000" : 0.010000
      },
      "latency_ms" : {
        "2" : 0.010000,
        "4" : 0.010000,
        "10" : 0.000000,
        "20" : 0.010000,
        "50" : 0.010000,
        "100" : 0.000000,
        "250" : 0.000000,
        "500" : 0.000000,
        "750" : 0.000000,
        "1000" : 0.000000,
        "2000" : 0.000000,
        ">=2000" : 0.000000
      },
      "latency_depth" : 1,
      "latency_target" : 0,
      "latency_percentile" : 100.000000,
      "latency_window" : 0
    }
  ],
  "disk_util" : [
    {
      "name" : "sdb",
      "read_ios" : 0,
      "write_ios" : 131,
      "read_sectors" : 0,
      "write_sectors" : 41088,
      "read_merges" : 0,
      "write_merges" : 1095,
      "read_ticks" : 0,
      "write_ticks" : 241,
      "in_queue" : 248,
      "util" : 0.140126
    }
  ]
}
