{
  "fio version" : "fio-3.40",
  "timestamp" : 1757448291,
  "timestamp_ms" : 1757448291204,
  "time" : "Tue Sep  9 20:04:51 2025",
  "global options" : {
    "ioengine" : "librawstor",
    "filename" : "01988675-e1e5-7788-9ed4-2f2d30910d23"
  },
  "jobs" : [
    {
      "jobname" : "rawstor",
      "groupid" : 0,
      "job_start" : 1757448281064,
      "error" : 0,
      "eta" : 0,
      "elapsed" : 11,
      "job options" : {
        "name" : "rawstor",
        "iodepth" : "1",
        "rw" : "randrw",
        "bs" : "4k",
        "size" : "1G",
        "numjobs" : "1",
        "runtime" : "10",
        "time_based" : "",
        "group_reporting" : ""
      },
      "read" : {
        "io_bytes" : 165425152,
        "io_kbytes" : 161548,
        "bw_bytes" : 16540861,
        "bw" : 16153,
        "iops" : 4038.296170,
        "runtime" : 10001,
        "total_ios" : 40387,
        "short_ios" : 0,
        "drop_ios" : 0,
        "slat_ns" : {
          "min" : 30,
          "max" : 18084,
          "mean" : 207.340704,
          "stddev" : 248.929257,
          "N" : 40387
        },
        "clat_ns" : {
          "min" : 73397,
          "max" : 24021599,
          "mean" : 122065.351895,
          "stddev" : 121373.731804,
          "N" : 40387,
          "percentile" : {
            "1.000000" : 88576,
            "5.000000" : 99840,
            "10.000000" : 104960,
            "20.000000" : 110080,
            "30.000000" : 113152,
            "40.000000" : 117248,
            "50.000000" : 120320,
            "60.000000" : 123392,
            "70.000000" : 127488,
            "80.000000" : 132096,
            "90.000000" : 138240,
            "95.000000" : 146432,
            "99.000000" : 160768,
            "99.500000" : 168960,
            "99.900000" : 205824,
            "99.950000" : 284672,
            "99.990000" : 880640
          }
        },
        "lat_ns" : {
          "min" : 73568,
          "max" : 24021689,
          "mean" : 122272.692599,
          "stddev" : 121375.358175,
          "N" : 40387
        },
        "bw_min" : 14856,
        "bw_max" : 18576,
        "bw_agg" : 100.000000,
        "bw_mean" : 16154.800000,
        "bw_dev" : 1017.490080,
        "bw_samples" : 20,
        "iops_min" : 3714,
        "iops_max" : 4644,
        "iops_mean" : 4038.700000,
        "iops_stddev" : 254.372520,
        "iops_samples" : 20
      },
      "write" : {
        "io_bytes" : 165076992,
        "io_kbytes" : 161208,
        "bw_bytes" : 16506048,
        "bw" : 16119,
        "iops" : 4029.797020,
        "runtime" : 10001,
        "total_ios" : 40302,
        "short_ios" : 0,
        "drop_ios" : 0,
        "slat_ns" : {
          "min" : 60,
          "max" : 18104,
          "mean" : 298.707384,
          "stddev" : 268.049316,
          "N" : 40302
        },
        "clat_ns" : {
          "min" : 74970,
          "max" : 23221771,
          "mean" : 121745.545953,
          "stddev" : 220937.495323,
          "N" : 40302,
          "percentile" : {
            "1.000000" : 96768,
            "5.000000" : 101888,
            "10.000000" : 104960,
            "20.000000" : 109056,
            "30.000000" : 112128,
            "40.000000" : 115200,
            "50.000000" : 118272,
            "60.000000" : 121344,
            "70.000000" : 124416,
            "80.000000" : 128512,
            "90.000000" : 134144,
            "95.000000" : 140288,
            "99.000000" : 156672,
            "99.500000" : 168960,
            "99.900000" : 216064,
            "99.950000" : 313344,
            "99.990000" : 1056768
          }
        },
        "lat_ns" : {
          "min" : 75381,
          "max" : 23222021,
          "mean" : 122044.253337,
          "stddev" : 220938.269411,
          "N" : 40302
        },
        "bw_min" : 14672,
        "bw_max" : 17976,
        "bw_agg" : 100.000000,
        "bw_mean" : 16120.800000,
        "bw_dev" : 870.187977,
        "bw_samples" : 20,
        "iops_min" : 3668,
        "iops_max" : 4494,
        "iops_mean" : 4030.200000,
        "iops_stddev" : 217.546994,
        "iops_samples" : 20
      },
      "trim" : {
        "io_bytes" : 0,
        "io_kbytes" : 0,
        "bw_bytes" : 0,
        "bw" : 0,
        "iops" : 0.000000,
        "runtime" : 0,
        "total_ios" : 0,
        "short_ios" : 0,
        "drop_ios" : 0,
        "slat_ns" : {
          "min" : 0,
          "max" : 0,
          "mean" : 0.000000,
          "stddev" : 0.000000,
          "N" : 0
        },
        "clat_ns" : {
          "min" : 0,
          "max" : 0,
          "mean" : 0.000000,
          "stddev" : 0.000000,
          "N" : 0
        },
        "lat_ns" : {
          "min" : 0,
          "max" : 0,
          "mean" : 0.000000,
          "stddev" : 0.000000,
          "N" : 0
        },
        "bw_min" : 0,
        "bw_max" : 0,
        "bw_agg" : 0.000000,
        "bw_mean" : 0.000000,
        "bw_dev" : 0.000000,
        "bw_samples" : 0,
        "iops_min" : 0,
        "iops_max" : 0,
        "iops_mean" : 0.000000,
        "iops_stddev" : 0.000000,
        "iops_samples" : 0
      },
      "sync" : {
        "total_ios" : 0,
        "lat_ns" : {
          "min" : 0,
          "max" : 0,
          "mean" : 0.000000,
          "stddev" : 0.000000,
          "N" : 0
        }
      },
      "job_runtime" : 10000,
      "usr_cpu" : 8.270000,
      "sys_cpu" : 17.120000,
      "ctx" : 204319,
      "majf" : 0,
      "minf" : 288,
      "iodepth_level" : {
        "1" : 100.000000,
        "2" : 0.000000,
        "4" : 0.000000,
        "8" : 0.000000,
        "16" : 0.000000,
        "32" : 0.000000,
        ">=64" : 0.000000
      },
      "iodepth_submit" : {
        "0" : 0.000000,
        "4" : 100.000000,
        "8" : 0.000000,
        "16" : 0.000000,
        "32" : 0.000000,
        "64" : 0.000000,
        ">=64" : 0.000000
      },
      "iodepth_complete" : {
        "0" : 0.000000,
        "4" : 100.000000,
        "8" : 0.000000,
        "16" : 0.000000,
        "32" : 0.000000,
        "64" : 0.000000,
        ">=64" : 0.000000
      },
      "latency_ns" : {
        "2" : 0.000000,
        "4" : 0.000000,
        "10" : 0.000000,
        "20" : 0.000000,
        "50" : 0.000000,
        "100" : 0.000000,
        "250" : 0.000000,
        "500" : 0.000000,
        "750" : 0.000000,
        "1000" : 0.000000
      },
      "latency_us" : {
        "2" : 0.000000,
        "4" : 0.000000,
        "10" : 0.000000,
        "20" : 0.000000,
        "50" : 0.000000,
        "100" : 3.955930,
        "250" : 95.972190,
        "500" : 0.048334,
        "750" : 0.010000,
        "1000" : 0.010000
      },
      "latency_ms" : {
        "2" : 0.010000,
        "4" : 0.010000,
        "10" : 0.000000,
        "20" : 0.000000,
        "50" : 0.010000,
        "100" : 0.000000,
        "250" : 0.000000,
        "500" : 0.000000,
        "750" : 0.000000,
        "1000" : 0.000000,
        "2000" : 0.000000,
        ">=2000" : 0.000000
      },
      "latency_depth" : 1,
      "latency_target" : 0,
      "latency_percentile" : 100.000000,
      "latency_window" : 0
    }
  ],
  "disk_util" : [
    {
      "name" : "sda",
      "read_ios" : 4,
      "write_ios" : 287,
      "read_sectors" : 752,
      "write_sectors" : 43976,
      "read_merges" : 0,
      "write_merges" : 1492,
      "read_ticks" : 0,
      "write_ticks" : 385,
      "in_queue" : 392,
      "util" : 0.220330
    }
  ]
}
