{
  "fio version" : "fio-3.40",
  "timestamp" : 1760867529,
  "timestamp_ms" : 1760867529049,
  "time" : "Sun Oct 19 09:52:09 2025",
  "global options" : {
    "ioengine" : "librawstor",
    "filename" : "ost://127.0.0.1:8080/01988675-e1e5-7788-9ed4-2f2d30910d23"
  },
  "jobs" : [
    {
      "jobname" : "rawstor",
      "groupid" : 0,
      "job_start" : 1760867518902,
      "error" : 0,
      "eta" : 0,
      "elapsed" : 11,
      "job options" : {
        "name" : "rawstor",
        "iodepth" : "1",
        "rw" : "randrw",
        "bs" : "4k",
        "size" : "1G",
        "numjobs" : "1",
        "runtime" : "10",
        "time_based" : "",
        "group_reporting" : ""
      },
      "read" : {
        "io_bytes" : 229728256,
        "io_kbytes" : 224344,
        "bw_bytes" : 22970528,
        "bw" : 22432,
        "iops" : 5608.039196,
        "runtime" : 10001,
        "total_ios" : 56086,
        "short_ios" : 0,
        "drop_ios" : 0,
        "slat_ns" : {
          "min" : 50,
          "max" : 29355,
          "mean" : 187.315943,
          "stddev" : 247.277819,
          "N" : 56086
        },
        "clat_ns" : {
          "min" : 37941,
          "max" : 26796721,
          "mean" : 74966.651660,
          "stddev" : 178606.728728,
          "N" : 56086,
          "percentile" : {
            "1.000000" : 55552,
            "5.000000" : 59136,
            "10.000000" : 61184,
            "20.000000" : 64768,
            "30.000000" : 68096,
            "40.000000" : 70144,
            "50.000000" : 72192,
            "60.000000" : 74240,
            "70.000000" : 77312,
            "80.000000" : 80384,
            "90.000000" : 85504,
            "95.000000" : 91648,
            "99.000000" : 104960,
            "99.500000" : 112128,
            "99.900000" : 136192,
            "99.950000" : 162816,
            "99.990000" : 937984
          }
        },
        "lat_ns" : {
          "min" : 38071,
          "max" : 26796891,
          "mean" : 75153.967603,
          "stddev" : 178607.787648,
          "N" : 56086
        },
        "bw_min" : 20488,
        "bw_max" : 24432,
        "bw_agg" : 100.000000,
        "bw_mean" : 22434.400000,
        "bw_dev" : 998.451348,
        "bw_samples" : 20,
        "iops_min" : 5122,
        "iops_max" : 6108,
        "iops_mean" : 5608.600000,
        "iops_stddev" : 249.612837,
        "iops_samples" : 20
      },
      "write" : {
        "io_bytes" : 228659200,
        "io_kbytes" : 223300,
        "bw_bytes" : 22863633,
        "bw" : 22327,
        "iops" : 5581.941806,
        "runtime" : 10001,
        "total_ios" : 55825,
        "short_ios" : 0,
        "drop_ios" : 0,
        "slat_ns" : {
          "min" : 90,
          "max" : 22332,
          "mean" : 261.775513,
          "stddev" : 298.136772,
          "N" : 55825
        },
        "clat_ns" : {
          "min" : 58549,
          "max" : 21913429,
          "mean" : 99931.636328,
          "stddev" : 151473.606176,
          "N" : 55825,
          "percentile" : {
            "1.000000" : 79360,
            "5.000000" : 83456,
            "10.000000" : 86528,
            "20.000000" : 89600,
            "30.000000" : 92672,
            "40.000000" : 94720,
            "50.000000" : 97792,
            "60.000000" : 99840,
            "70.000000" : 102912,
            "80.000000" : 105984,
            "90.000000" : 112128,
            "95.000000" : 118272,
            "99.000000" : 130560,
            "99.500000" : 138240,
            "99.900000" : 166912,
            "99.950000" : 191488,
            "99.990000" : 782336
          }
        },
        "lat_ns" : {
          "min" : 58830,
          "max" : 21913579,
          "mean" : 100193.411841,
          "stddev" : 151474.557016,
          "N" : 55825
        },
        "bw_min" : 20896,
        "bw_max" : 24024,
        "bw_agg" : 100.000000,
        "bw_mean" : 22330.000000,
        "bw_dev" : 978.794532,
        "bw_samples" : 20,
        "iops_min" : 5224,
        "iops_max" : 6006,
        "iops_mean" : 5582.500000,
        "iops_stddev" : 244.698633,
        "iops_samples" : 20
      },
      "trim" : {
        "io_bytes" : 0,
        "io_kbytes" : 0,
        "bw_bytes" : 0,
        "bw" : 0,
        "iops" : 0.000000,
        "runtime" : 0,
        "total_ios" : 0,
        "short_ios" : 0,
        "drop_ios" : 0,
        "slat_ns" : {
          "min" : 0,
          "max" : 0,
          "mean" : 0.000000,
          "stddev" : 0.000000,
          "N" : 0
        },
        "clat_ns" : {
          "min" : 0,
          "max" : 0,
          "mean" : 0.000000,
          "stddev" : 0.000000,
          "N" : 0
        },
        "lat_ns" : {
          "min" : 0,
          "max" : 0,
          "mean" : 0.000000,
          "stddev" : 0.000000,
          "N" : 0
        },
        "bw_min" : 0,
        "bw_max" : 0,
        "bw_agg" : 0.000000,
        "bw_mean" : 0.000000,
        "bw_dev" : 0.000000,
        "bw_samples" : 0,
        "iops_min" : 0,
        "iops_max" : 0,
        "iops_mean" : 0.000000,
        "iops_stddev" : 0.000000,
        "iops_samples" : 0
      },
      "sync" : {
        "total_ios" : 0,
        "lat_ns" : {
          "min" : 0,
          "max" : 0,
          "mean" : 0.000000,
          "stddev" : 0.000000,
          "N" : 0
        }
      },
      "job_runtime" : 10000,
      "usr_cpu" : 9.840000,
      "sys_cpu" : 32.150000,
      "ctx" : 112212,
      "majf" : 0,
      "minf" : 42,
      "iodepth_level" : {
        "1" : 100.000000,
        "2" : 0.000000,
        "4" : 0.000000,
        "8" : 0.000000,
        "16" : 0.000000,
        "32" : 0.000000,
        ">=64" : 0.000000
      },
      "iodepth_submit" : {
        "0" : 0.000000,
        "4" : 100.000000,
        "8" : 0.000000,
        "16" : 0.000000,
        "32" : 0.000000,
        "64" : 0.000000,
        ">=64" : 0.000000
      },
      "iodepth_complete" : {
        "0" : 0.000000,
        "4" : 100.000000,
        "8" : 0.000000,
        "16" : 0.000000,
        "32" : 0.000000,
        "64" : 0.000000,
        ">=64" : 0.000000
      },
      "latency_ns" : {
        "2" : 0.000000,
        "4" : 0.000000,
        "10" : 0.000000,
        "20" : 0.000000,
        "50" : 0.000000,
        "100" : 0.000000,
        "250" : 0.000000,
        "500" : 0.000000,
        "750" : 0.000000,
        "1000" : 0.000000
      },
      "latency_us" : {
        "2" : 0.000000,
        "4" : 0.000000,
        "10" : 0.000000,
        "20" : 0.000000,
        "50" : 0.033062,
        "100" : 79.075337,
        "250" : 20.865688,
        "500" : 0.011616,
        "750" : 0.010000,
        "1000" : 0.010000
      },
      "latency_ms" : {
        "2" : 0.010000,
        "4" : 0.000000,
        "10" : 0.000000,
        "20" : 0.010000,
        "50" : 0.010000,
        "100" : 0.000000,
        "250" : 0.000000,
        "500" : 0.000000,
        "750" : 0.000000,
        "1000" : 0.000000,
        "2000" : 0.000000,
        ">=2000" : 0.000000
      },
      "latency_depth" : 1,
      "latency_target" : 0,
      "latency_percentile" : 100.000000,
      "latency_window" : 0
    }
  ],
  "disk_util" : [
    {
      "name" : "sdb",
      "read_ios" : 0,
      "write_ios" : 338,
      "read_sectors" : 0,
      "write_sectors" : 40936,
      "read_merges" : 0,
      "write_merges" : 1406,
      "read_ticks" : 0,
      "write_ticks" : 172,
      "in_queue" : 177,
      "util" : 0.220176
    }
  ]
}
