{
  "fio version" : "fio-3.40",
  "timestamp" : 1758232713,
  "timestamp_ms" : 1758232713582,
  "time" : "Thu Sep 18 21:58:33 2025",
  "global options" : {
    "ioengine" : "librawstor",
    "filename" : "01988675-e1e5-7788-9ed4-2f2d30910d23"
  },
  "jobs" : [
    {
      "jobname" : "rawstor",
      "groupid" : 0,
      "job_start" : 1758232703443,
      "error" : 0,
      "eta" : 0,
      "elapsed" : 11,
      "job options" : {
        "name" : "rawstor",
        "iodepth" : "1",
        "rw" : "randrw",
        "bs" : "4k",
        "size" : "1G",
        "numjobs" : "1",
        "runtime" : "10",
        "time_based" : "",
        "group_reporting" : ""
      },
      "read" : {
        "io_bytes" : 247238656,
        "io_kbytes" : 241444,
        "bw_bytes" : 24721393,
        "bw" : 24141,
        "iops" : 6035.496450,
        "runtime" : 10001,
        "total_ios" : 60361,
        "short_ios" : 0,
        "drop_ios" : 0,
        "slat_ns" : {
          "min" : 40,
          "max" : 19917,
          "mean" : 177.520087,
          "stddev" : 209.628643,
          "N" : 60361
        },
        "clat_ns" : {
          "min" : 41908,
          "max" : 26033076,
          "mean" : 68847.417107,
          "stddev" : 138217.247941,
          "N" : 60361,
          "percentile" : {
            "1.000000" : 51968,
            "5.000000" : 55040,
            "10.000000" : 57088,
            "20.000000" : 60160,
            "30.000000" : 62208,
            "40.000000" : 64768,
            "50.000000" : 66048,
            "60.000000" : 68096,
            "70.000000" : 71168,
            "80.000000" : 74240,
            "90.000000" : 80384,
            "95.000000" : 85504,
            "99.000000" : 99840,
            "99.500000" : 107008,
            "99.900000" : 129536,
            "99.950000" : 148480,
            "99.990000" : 651264
          }
        },
        "lat_ns" : {
          "min" : 42058,
          "max" : 26033207,
          "mean" : 69024.937195,
          "stddev" : 138218.479899,
          "N" : 60361
        },
        "bw_min" : 22040,
        "bw_max" : 26032,
        "bw_agg" : 100.000000,
        "bw_mean" : 24149.894737,
        "bw_dev" : 1084.083940,
        "bw_samples" : 19,
        "iops_min" : 5510,
        "iops_max" : 6508,
        "iops_mean" : 6037.473684,
        "iops_stddev" : 271.020985,
        "iops_samples" : 19
      },
      "write" : {
        "io_bytes" : 246710272,
        "io_kbytes" : 240928,
        "bw_bytes" : 24668560,
        "bw" : 24090,
        "iops" : 6022.597740,
        "runtime" : 10001,
        "total_ios" : 60232,
        "short_ios" : 0,
        "drop_ios" : 0,
        "slat_ns" : {
          "min" : 60,
          "max" : 17292,
          "mean" : 267.212063,
          "stddev" : 214.118455,
          "N" : 60232
        },
        "clat_ns" : {
          "min" : 57006,
          "max" : 26199578,
          "mean" : 93347.373141,
          "stddev" : 240532.917204,
          "N" : 60232,
          "percentile" : {
            "1.000000" : 73216,
            "5.000000" : 77312,
            "10.000000" : 80384,
            "20.000000" : 82432,
            "30.000000" : 85504,
            "40.000000" : 87552,
            "50.000000" : 89600,
            "60.000000" : 91648,
            "70.000000" : 93696,
            "80.000000" : 97792,
            "90.000000" : 103936,
            "95.000000" : 109056,
            "99.000000" : 122368,
            "99.500000" : 129536,
            "99.900000" : 154624,
            "99.950000" : 179200,
            "99.990000" : 2801664
          }
        },
        "lat_ns" : {
          "min" : 57227,
          "max" : 26199819,
          "mean" : 93614.585204,
          "stddev" : 240533.051074,
          "N" : 60232
        },
        "bw_min" : 22192,
        "bw_max" : 25728,
        "bw_agg" : 99.853092,
        "bw_mean" : 24055.157895,
        "bw_dev" : 1003.198067,
        "bw_samples" : 19,
        "iops_min" : 5548,
        "iops_max" : 6432,
        "iops_mean" : 6013.789474,
        "iops_stddev" : 250.799517,
        "iops_samples" : 19
      },
      "trim" : {
        "io_bytes" : 0,
        "io_kbytes" : 0,
        "bw_bytes" : 0,
        "bw" : 0,
        "iops" : 0.000000,
        "runtime" : 0,
        "total_ios" : 0,
        "short_ios" : 0,
        "drop_ios" : 0,
        "slat_ns" : {
          "min" : 0,
          "max" : 0,
          "mean" : 0.000000,
          "stddev" : 0.000000,
          "N" : 0
        },
        "clat_ns" : {
          "min" : 0,
          "max" : 0,
          "mean" : 0.000000,
          "stddev" : 0.000000,
          "N" : 0
        },
        "lat_ns" : {
          "min" : 0,
          "max" : 0,
          "mean" : 0.000000,
          "stddev" : 0.000000,
          "N" : 0
        },
        "bw_min" : 0,
        "bw_max" : 0,
        "bw_agg" : 0.000000,
        "bw_mean" : 0.000000,
        "bw_dev" : 0.000000,
        "bw_samples" : 0,
        "iops_min" : 0,
        "iops_max" : 0,
        "iops_mean" : 0.000000,
        "iops_stddev" : 0.000000,
        "iops_samples" : 0
      },
      "sync" : {
        "total_ios" : 0,
        "lat_ns" : {
          "min" : 0,
          "max" : 0,
          "mean" : 0.000000,
          "stddev" : 0.000000,
          "N" : 0
        }
      },
      "job_runtime" : 10000,
      "usr_cpu" : 8.400000,
      "sys_cpu" : 32.220000,
      "ctx" : 120659,
      "majf" : 0,
      "minf" : 293,
      "iodepth_level" : {
        "1" : 100.000000,
        "2" : 0.000000,
        "4" : 0.000000,
        "8" : 0.000000,
        "16" : 0.000000,
        "32" : 0.000000,
        ">=64" : 0.000000
      },
      "iodepth_submit" : {
        "0" : 0.000000,
        "4" : 100.000000,
        "8" : 0.000000,
        "16" : 0.000000,
        "32" : 0.000000,
        "64" : 0.000000,
        ">=64" : 0.000000
      },
      "iodepth_complete" : {
        "0" : 0.000000,
        "4" : 100.000000,
        "8" : 0.000000,
        "16" : 0.000000,
        "32" : 0.000000,
        "64" : 0.000000,
        ">=64" : 0.000000
      },
      "latency_ns" : {
        "2" : 0.000000,
        "4" : 0.000000,
        "10" : 0.000000,
        "20" : 0.000000,
        "50" : 0.000000,
        "100" : 0.000000,
        "250" : 0.000000,
        "500" : 0.000000,
        "750" : 0.000000,
        "1000" : 0.000000
      },
      "latency_us" : {
        "2" : 0.000000,
        "4" : 0.000000,
        "10" : 0.000000,
        "20" : 0.000000,
        "50" : 0.144287,
        "100" : 91.937343,
        "250" : 7.890176,
        "500" : 0.012439,
        "750" : 0.010000,
        "1000" : 0.000000
      },
      "latency_ms" : {
        "2" : 0.010000,
        "4" : 0.010000,
        "10" : 0.010000,
        "20" : 0.000000,
        "50" : 0.010000,
        "100" : 0.000000,
        "250" : 0.000000,
        "500" : 0.000000,
        "750" : 0.000000,
        "1000" : 0.000000,
        "2000" : 0.000000,
        ">=2000" : 0.000000
      },
      "latency_depth" : 1,
      "latency_target" : 0,
      "latency_percentile" : 100.000000,
      "latency_window" : 0
    }
  ],
  "disk_util" : [
    {
      "name" : "sda",
      "read_ios" : 0,
      "write_ios" : 212,
      "read_sectors" : 0,
      "write_sectors" : 235160,
      "read_merges" : 0,
      "write_merges" : 1065,
      "read_ticks" : 0,
      "write_ticks" : 2139,
      "in_queue" : 2145,
      "util" : 0.330496
    }
  ]
}
