{
  "fio version" : "fio-3.40",
  "timestamp" : 1767957642,
  "timestamp_ms" : 1767957642680,
  "time" : "Fri Jan  9 11:20:42 2026",
  "global options" : {
    "ioengine" : "librawstor",
    "filename" : "file:///tmp/objects/019ba27c-9518-7acc-bd67-61488d785ba8"
  },
  "jobs" : [
    {
      "jobname" : "rawstor",
      "groupid" : 0,
      "job_start" : 1767957632534,
      "error" : 0,
      "eta" : 0,
      "elapsed" : 11,
      "job options" : {
        "name" : "rawstor",
        "iodepth" : "1",
        "rw" : "randrw",
        "bs" : "4k",
        "size" : "1G",
        "numjobs" : "1",
        "runtime" : "10",
        "time_based" : "",
        "group_reporting" : ""
      },
      "read" : {
        "io_bytes" : 7037288448,
        "io_kbytes" : 6872352,
        "bw_bytes" : 703658478,
        "bw" : 687166,
        "iops" : 171791.620838,
        "runtime" : 10001,
        "total_ios" : 1718088,
        "short_ios" : 0,
        "drop_ios" : 0,
        "slat_ns" : {
          "min" : 9,
          "max" : 83967,
          "mean" : 28.899023,
          "stddev" : 91.733621,
          "N" : 1718088
        },
        "clat_ns" : {
          "min" : 1613,
          "max" : 158729,
          "mean" : 2299.171207,
          "stddev" : 1347.915019,
          "N" : 1718088,
          "percentile" : {
            "1.000000" : 1880,
            "5.000000" : 1928,
            "10.000000" : 1960,
            "20.000000" : 2008,
            "30.000000" : 2024,
            "40.000000" : 2064,
            "50.000000" : 2064,
            "60.000000" : 2096,
            "70.000000" : 2160,
            "80.000000" : 2192,
            "90.000000" : 2384,
            "95.000000" : 3408,
            "99.000000" : 7008,
            "99.500000" : 11072,
            "99.900000" : 18304,
            "99.950000" : 21632,
            "99.990000" : 36608
          }
        },
        "lat_ns" : {
          "min" : 1634,
          "max" : 158749,
          "mean" : 2328.070229,
          "stddev" : 1352.173490,
          "N" : 1718088
        },
        "bw_min" : 357968,
        "bw_max" : 768976,
        "bw_agg" : 99.447807,
        "bw_mean" : 683372.210526,
        "bw_dev" : 125791.201568,
        "bw_samples" : 19,
        "iops_min" : 89494,
        "iops_max" : 192244,
        "iops_mean" : 170843.157895,
        "iops_stddev" : 31447.512965,
        "iops_samples" : 19
      },
      "write" : {
        "io_bytes" : 7031042048,
        "io_kbytes" : 6866252,
        "bw_bytes" : 703033901,
        "bw" : 686556,
        "iops" : 171639.136086,
        "runtime" : 10001,
        "total_ios" : 1716563,
        "short_ios" : 0,
        "drop_ios" : 0,
        "slat_ns" : {
          "min" : 29,
          "max" : 65423,
          "mean" : 45.743916,
          "stddev" : 87.148646,
          "N" : 1716563
        },
        "clat_ns" : {
          "min" : 2084,
          "max" : 138531,
          "mean" : 2902.758002,
          "stddev" : 1268.270929,
          "N" : 1716563,
          "percentile" : {
            "1.000000" : 2288,
            "5.000000" : 2320,
            "10.000000" : 2352,
            "20.000000" : 2384,
            "30.000000" : 2416,
            "40.000000" : 2448,
            "50.000000" : 2480,
            "60.000000" : 2512,
            "70.000000" : 2576,
            "80.000000" : 2736,
            "90.000000" : 4704,
            "95.000000" : 5088,
            "99.000000" : 6368,
            "99.500000" : 7968,
            "99.900000" : 15168,
            "99.950000" : 17536,
            "99.990000" : 27264
          }
        },
        "lat_ns" : {
          "min" : 2134,
          "max" : 138581,
          "mean" : 2948.501919,
          "stddev" : 1273.362036,
          "N" : 1716563
        },
        "bw_min" : 357944,
        "bw_max" : 764992,
        "bw_agg" : 99.452988,
        "bw_mean" : 682801.684211,
        "bw_dev" : 125666.519076,
        "bw_samples" : 19,
        "iops_min" : 89486,
        "iops_max" : 191248,
        "iops_mean" : 170700.421053,
        "iops_stddev" : 31416.629769,
        "iops_samples" : 19
      },
      "trim" : {
        "io_bytes" : 0,
        "io_kbytes" : 0,
        "bw_bytes" : 0,
        "bw" : 0,
        "iops" : 0.000000,
        "runtime" : 0,
        "total_ios" : 0,
        "short_ios" : 0,
        "drop_ios" : 0,
        "slat_ns" : {
          "min" : 0,
          "max" : 0,
          "mean" : 0.000000,
          "stddev" : 0.000000,
          "N" : 0
        },
        "clat_ns" : {
          "min" : 0,
          "max" : 0,
          "mean" : 0.000000,
          "stddev" : 0.000000,
          "N" : 0
        },
        "lat_ns" : {
          "min" : 0,
          "max" : 0,
          "mean" : 0.000000,
          "stddev" : 0.000000,
          "N" : 0
        },
        "bw_min" : 0,
        "bw_max" : 0,
        "bw_agg" : 0.000000,
        "bw_mean" : 0.000000,
        "bw_dev" : 0.000000,
        "bw_samples" : 0,
        "iops_min" : 0,
        "iops_max" : 0,
        "iops_mean" : 0.000000,
        "iops_stddev" : 0.000000,
        "iops_samples" : 0
      },
      "sync" : {
        "total_ios" : 0,
        "lat_ns" : {
          "min" : 0,
          "max" : 0,
          "mean" : 0.000000,
          "stddev" : 0.000000,
          "N" : 0
        }
      },
      "job_runtime" : 10000,
      "usr_cpu" : 30.550000,
      "sys_cpu" : 69.430000,
      "ctx" : 68,
      "majf" : 0,
      "minf" : 35,
      "iodepth_level" : {
        "1" : 100.000000,
        "2" : 0.000000,
        "4" : 0.000000,
        "8" : 0.000000,
        "16" : 0.000000,
        "32" : 0.000000,
        ">=64" : 0.000000
      },
      "iodepth_submit" : {
        "0" : 0.000000,
        "4" : 100.000000,
        "8" : 0.000000,
        "16" : 0.000000,
        "32" : 0.000000,
        "64" : 0.000000,
        ">=64" : 0.000000
      },
      "iodepth_complete" : {
        "0" : 0.000000,
        "4" : 100.000000,
        "8" : 0.000000,
        "16" : 0.000000,
        "32" : 0.000000,
        "64" : 0.000000,
        ">=64" : 0.000000
      },
      "latency_ns" : {
        "2" : 0.000000,
        "4" : 0.000000,
        "10" : 0.000000,
        "20" : 0.000000,
        "50" : 0.000000,
        "100" : 0.000000,
        "250" : 0.000000,
        "500" : 0.000000,
        "750" : 0.000000,
        "1000" : 0.000000
      },
      "latency_us" : {
        "2" : 9.597685,
        "4" : 81.356825,
        "10" : 8.591994,
        "20" : 0.403680,
        "50" : 0.044226,
        "100" : 0.010000,
        "250" : 0.010000,
        "500" : 0.000000,
        "750" : 0.000000,
        "1000" : 0.000000
      },
      "latency_ms" : {
        "2" : 0.000000,
        "4" : 0.000000,
        "10" : 0.000000,
        "20" : 0.000000,
        "50" : 0.000000,
        "100" : 0.000000,
        "250" : 0.000000,
        "500" : 0.000000,
        "750" : 0.000000,
        "1000" : 0.000000,
        "2000" : 0.000000,
        ">=2000" : 0.000000
      },
      "latency_depth" : 1,
      "latency_target" : 0,
      "latency_percentile" : 100.000000,
      "latency_window" : 0
    }
  ],
  "disk_util" : [
    {
      "name" : "sdb",
      "read_ios" : 0,
      "write_ios" : 136,
      "read_sectors" : 0,
      "write_sectors" : 186256,
      "read_merges" : 0,
      "write_merges" : 52,
      "read_ticks" : 0,
      "write_ticks" : 342,
      "in_queue" : 342,
      "util" : 0.170153
    }
  ]
}
