{
  "fio version" : "fio-3.40",
  "timestamp" : 1767364777,
  "timestamp_ms" : 1767364777205,
  "time" : "Fri Jan  2 14:39:37 2026",
  "global options" : {
    "ioengine" : "librawstor",
    "filename" : "ost://127.0.0.1:8080/01988675-e1e5-7788-9ed4-2f2d30910d23"
  },
  "jobs" : [
    {
      "jobname" : "rawstor",
      "groupid" : 0,
      "job_start" : 1767364767059,
      "error" : 0,
      "eta" : 0,
      "elapsed" : 11,
      "job options" : {
        "name" : "rawstor",
        "iodepth" : "2",
        "rw" : "randrw",
        "bs" : "4k",
        "size" : "1G",
        "numjobs" : "1",
        "runtime" : "10",
        "time_based" : "",
        "group_reporting" : ""
      },
      "read" : {
        "io_bytes" : 436744192,
        "io_kbytes" : 426508,
        "bw_bytes" : 43670052,
        "bw" : 42646,
        "iops" : 10661.633837,
        "runtime" : 10001,
        "total_ios" : 106627,
        "short_ios" : 0,
        "drop_ios" : 0,
        "slat_ns" : {
          "min" : 0,
          "max" : 0,
          "mean" : 0.000000,
          "stddev" : 0.000000,
          "N" : 106627
        },
        "clat_ns" : {
          "min" : 105887829,
          "max" : 10105143992,
          "mean" : 5072420178.386991,
          "stddev" : 2900768851.578709,
          "N" : 106627,
          "percentile" : {
            "1.000000" : 206569472,
            "5.000000" : 574619648,
            "10.000000" : 1061158912,
            "20.000000" : 2055208960,
            "30.000000" : 3036676096,
            "40.000000" : 4043309056,
            "50.000000" : 5066719232,
            "60.000000" : 6073352192,
            "70.000000" : 7079985152,
            "80.000000" : 8086618112,
            "90.000000" : 9059696640,
            "95.000000" : 9596567552,
            "99.000000" : 9999220736,
            "99.500000" : 9999220736,
            "99.900000" : 10133438464,
            "99.950000" : 10133438464,
            "99.990000" : 10133438464
          }
        },
        "lat_ns" : {
          "min" : 27852,
          "max" : 29799190,
          "mean" : 79918.876598,
          "stddev" : 247781.380463,
          "N" : 106627
        },
        "bw_min" : 39456,
        "bw_max" : 45384,
        "bw_agg" : 100.000000,
        "bw_mean" : 42650.800000,
        "bw_dev" : 1780.720658,
        "bw_samples" : 20,
        "iops_min" : 9864,
        "iops_max" : 11346,
        "iops_mean" : 10662.700000,
        "iops_stddev" : 445.180165,
        "iops_samples" : 20
      },
      "write" : {
        "io_bytes" : 435855360,
        "io_kbytes" : 425640,
        "bw_bytes" : 43581177,
        "bw" : 42559,
        "iops" : 10639.936006,
        "runtime" : 10001,
        "total_ios" : 106410,
        "short_ios" : 0,
        "drop_ios" : 0,
        "slat_ns" : {
          "min" : 0,
          "max" : 0,
          "mean" : 0.000000,
          "stddev" : 0.000000,
          "N" : 106410
        },
        "clat_ns" : {
          "min" : 106064224,
          "max" : 10105109367,
          "mean" : 5078577845.081275,
          "stddev" : 2905682382.696244,
          "N" : 106410,
          "percentile" : {
            "1.000000" : 202375168,
            "5.000000" : 574619648,
            "10.000000" : 1061158912,
            "20.000000" : 2055208960,
            "30.000000" : 3036676096,
            "40.000000" : 4043309056,
            "50.000000" : 5066719232,
            "60.000000" : 6140461056,
            "70.000000" : 7079985152,
            "80.000000" : 8086618112,
            "90.000000" : 9059696640,
            "95.000000" : 9596567552,
            "99.000000" : 9999220736,
            "99.500000" : 9999220736,
            "99.900000" : 10133438464,
            "99.950000" : 10133438464,
            "99.990000" : 10133438464
          }
        },
        "lat_ns" : {
          "min" : 44683,
          "max" : 34112509,
          "mean" : 105301.274655,
          "stddev" : 363774.244905,
          "N" : 106410
        },
        "bw_min" : 40328,
        "bw_max" : 45600,
        "bw_agg" : 100.000000,
        "bw_mean" : 42564.000000,
        "bw_dev" : 1685.255939,
        "bw_samples" : 20,
        "iops_min" : 10082,
        "iops_max" : 11400,
        "iops_mean" : 10641.000000,
        "iops_stddev" : 421.313985,
        "iops_samples" : 20
      },
      "trim" : {
        "io_bytes" : 0,
        "io_kbytes" : 0,
        "bw_bytes" : 0,
        "bw" : 0,
        "iops" : 0.000000,
        "runtime" : 0,
        "total_ios" : 0,
        "short_ios" : 0,
        "drop_ios" : 0,
        "slat_ns" : {
          "min" : 0,
          "max" : 0,
          "mean" : 0.000000,
          "stddev" : 0.000000,
          "N" : 0
        },
        "clat_ns" : {
          "min" : 0,
          "max" : 0,
          "mean" : 0.000000,
          "stddev" : 0.000000,
          "N" : 0
        },
        "lat_ns" : {
          "min" : 0,
          "max" : 0,
          "mean" : 0.000000,
          "stddev" : 0.000000,
          "N" : 0
        },
        "bw_min" : 0,
        "bw_max" : 0,
        "bw_agg" : 0.000000,
        "bw_mean" : 0.000000,
        "bw_dev" : 0.000000,
        "bw_samples" : 0,
        "iops_min" : 0,
        "iops_max" : 0,
        "iops_mean" : 0.000000,
        "iops_stddev" : 0.000000,
        "iops_samples" : 0
      },
      "sync" : {
        "total_ios" : 0,
        "lat_ns" : {
          "min" : 0,
          "max" : 0,
          "mean" : 0.000000,
          "stddev" : 0.000000,
          "N" : 0
        }
      },
      "job_runtime" : 10000,
      "usr_cpu" : 10.900000,
      "sys_cpu" : 49.980000,
      "ctx" : 140929,
      "majf" : 0,
      "minf" : 41,
      "iodepth_level" : {
        "1" : 0.100000,
        "2" : 99.999531,
        "4" : 0.000000,
        "8" : 0.000000,
        "16" : 0.000000,
        "32" : 0.000000,
        ">=64" : 0.000000
      },
      "iodepth_submit" : {
        "0" : 0.000000,
        "4" : 100.000000,
        "8" : 0.000000,
        "16" : 0.000000,
        "32" : 0.000000,
        "64" : 0.000000,
        ">=64" : 0.000000
      },
      "iodepth_complete" : {
        "0" : 0.000000,
        "4" : 100.000000,
        "8" : 0.000000,
        "16" : 0.000000,
        "32" : 0.000000,
        "64" : 0.000000,
        ">=64" : 0.000000
      },
      "latency_ns" : {
        "2" : 0.000000,
        "4" : 0.000000,
        "10" : 0.000000,
        "20" : 0.000000,
        "50" : 0.000000,
        "100" : 0.000000,
        "250" : 0.000000,
        "500" : 0.000000,
        "750" : 0.000000,
        "1000" : 0.000000
      },
      "latency_us" : {
        "2" : 0.000000,
        "4" : 0.000000,
        "10" : 0.000000,
        "20" : 0.000000,
        "50" : 0.000000,
        "100" : 0.000000,
        "250" : 0.000000,
        "500" : 0.000000,
        "750" : 0.000000,
        "1000" : 0.000000
      },
      "latency_ms" : {
        "2" : 0.000000,
        "4" : 0.000000,
        "10" : 0.000000,
        "20" : 0.000000,
        "50" : 0.000000,
        "100" : 0.000000,
        "250" : 1.497392,
        "500" : 2.649305,
        "750" : 2.822984,
        "1000" : 2.445115,
        "2000" : 10.231556,
        ">=2000" : 80.353647
      },
      "latency_depth" : 2,
      "latency_target" : 0,
      "latency_percentile" : 100.000000,
      "latency_window" : 0
    }
  ],
  "disk_util" : [
    {
      "name" : "sdb",
      "read_ios" : 0,
      "write_ios" : 123,
      "read_sectors" : 0,
      "write_sectors" : 38952,
      "read_merges" : 0,
      "write_merges" : 1063,
      "read_ticks" : 0,
      "write_ticks" : 287,
      "in_queue" : 295,
      "util" : 0.220176
    }
  ]
}
