{
  "fio version" : "fio-3.40",
  "timestamp" : 1761299067,
  "timestamp_ms" : 1761299067943,
  "time" : "Fri Oct 24 09:44:27 2025",
  "global options" : {
    "ioengine" : "librawstor",
    "filename" : "file:///tmp/objects/019a159a-cb88-7dd7-a4f3-9930bbf33c8e"
  },
  "jobs" : [
    {
      "jobname" : "rawstor",
      "groupid" : 0,
      "job_start" : 1761299057797,
      "error" : 0,
      "eta" : 0,
      "elapsed" : 11,
      "job options" : {
        "name" : "rawstor",
        "iodepth" : "1",
        "rw" : "randrw",
        "bs" : "4k",
        "size" : "1G",
        "numjobs" : "1",
        "runtime" : "10",
        "time_based" : "",
        "group_reporting" : ""
      },
      "read" : {
        "io_bytes" : 1300062208,
        "io_kbytes" : 1269592,
        "bw_bytes" : 129993221,
        "bw" : 126946,
        "iops" : 31736.626337,
        "runtime" : 10001,
        "total_ios" : 317398,
        "short_ios" : 0,
        "drop_ios" : 0,
        "slat_ns" : {
          "min" : 9,
          "max" : 15509,
          "mean" : 39.743360,
          "stddev" : 80.929351,
          "N" : 317398
        },
        "clat_ns" : {
          "min" : 1362,
          "max" : 145922,
          "mean" : 3366.724207,
          "stddev" : 2927.438890,
          "N" : 317398,
          "percentile" : {
            "1.000000" : 1688,
            "5.000000" : 1768,
            "10.000000" : 1816,
            "20.000000" : 1896,
            "30.000000" : 2008,
            "40.000000" : 2256,
            "50.000000" : 2384,
            "60.000000" : 2640,
            "70.000000" : 3280,
            "80.000000" : 4256,
            "90.000000" : 5664,
            "95.000000" : 7840,
            "99.000000" : 15680,
            "99.500000" : 19584,
            "99.900000" : 28032,
            "99.950000" : 32384,
            "99.990000" : 74240
          }
        },
        "lat_ns" : {
          "min" : 1392,
          "max" : 145953,
          "mean" : 3406.467568,
          "stddev" : 2933.849980,
          "N" : 317398
        },
        "bw_min" : 104688,
        "bw_max" : 146480,
        "bw_agg" : 99.296944,
        "bw_mean" : 126054.315789,
        "bw_dev" : 12904.011181,
        "bw_samples" : 19,
        "iops_min" : 26172,
        "iops_max" : 36620,
        "iops_mean" : 31513.578947,
        "iops_stddev" : 3226.002795,
        "iops_samples" : 19
      },
      "write" : {
        "io_bytes" : 1299050496,
        "io_kbytes" : 1268604,
        "bw_bytes" : 129892060,
        "bw" : 126847,
        "iops" : 31711.928807,
        "runtime" : 10001,
        "total_ios" : 317151,
        "short_ios" : 0,
        "drop_ios" : 0,
        "slat_ns" : {
          "min" : 40,
          "max" : 19477,
          "mean" : 75.952896,
          "stddev" : 141.026496,
          "N" : 317151
        },
        "clat_ns" : {
          "min" : 8295,
          "max" : 2705985,
          "mean" : 27200.113640,
          "stddev" : 6951.900366,
          "N" : 317151,
          "percentile" : {
            "1.000000" : 20864,
            "5.000000" : 22400,
            "10.000000" : 22912,
            "20.000000" : 23936,
            "30.000000" : 24960,
            "40.000000" : 25728,
            "50.000000" : 26496,
            "60.000000" : 27008,
            "70.000000" : 28032,
            "80.000000" : 30592,
            "90.000000" : 32384,
            "95.000000" : 34048,
            "99.000000" : 41216,
            "99.500000" : 44800,
            "99.900000" : 50944,
            "99.950000" : 54528,
            "99.990000" : 102912
          }
        },
        "lat_ns" : {
          "min" : 8496,
          "max" : 2706115,
          "mean" : 27276.066536,
          "stddev" : 6962.696180,
          "N" : 317151
        },
        "bw_min" : 107032,
        "bw_max" : 143616,
        "bw_agg" : 99.328553,
        "bw_mean" : 125996.210526,
        "bw_dev" : 12701.162675,
        "bw_samples" : 19,
        "iops_min" : 26758,
        "iops_max" : 35904,
        "iops_mean" : 31499.052632,
        "iops_stddev" : 3175.290669,
        "iops_samples" : 19
      },
      "trim" : {
        "io_bytes" : 0,
        "io_kbytes" : 0,
        "bw_bytes" : 0,
        "bw" : 0,
        "iops" : 0.000000,
        "runtime" : 0,
        "total_ios" : 0,
        "short_ios" : 0,
        "drop_ios" : 0,
        "slat_ns" : {
          "min" : 0,
          "max" : 0,
          "mean" : 0.000000,
          "stddev" : 0.000000,
          "N" : 0
        },
        "clat_ns" : {
          "min" : 0,
          "max" : 0,
          "mean" : 0.000000,
          "stddev" : 0.000000,
          "N" : 0
        },
        "lat_ns" : {
          "min" : 0,
          "max" : 0,
          "mean" : 0.000000,
          "stddev" : 0.000000,
          "N" : 0
        },
        "bw_min" : 0,
        "bw_max" : 0,
        "bw_agg" : 0.000000,
        "bw_mean" : 0.000000,
        "bw_dev" : 0.000000,
        "bw_samples" : 0,
        "iops_min" : 0,
        "iops_max" : 0,
        "iops_mean" : 0.000000,
        "iops_stddev" : 0.000000,
        "iops_samples" : 0
      },
      "sync" : {
        "total_ios" : 0,
        "lat_ns" : {
          "min" : 0,
          "max" : 0,
          "mean" : 0.000000,
          "stddev" : 0.000000,
          "N" : 0
        }
      },
      "job_runtime" : 10000,
      "usr_cpu" : 9.150000,
      "sys_cpu" : 39.480000,
      "ctx" : 316883,
      "majf" : 0,
      "minf" : 22,
      "iodepth_level" : {
        "1" : 100.000000,
        "2" : 0.000000,
        "4" : 0.000000,
        "8" : 0.000000,
        "16" : 0.000000,
        "32" : 0.000000,
        ">=64" : 0.000000
      },
      "iodepth_submit" : {
        "0" : 0.000000,
        "4" : 100.000000,
        "8" : 0.000000,
        "16" : 0.000000,
        "32" : 0.000000,
        "64" : 0.000000,
        ">=64" : 0.000000
      },
      "iodepth_complete" : {
        "0" : 0.000000,
        "4" : 100.000000,
        "8" : 0.000000,
        "16" : 0.000000,
        "32" : 0.000000,
        "64" : 0.000000,
        ">=64" : 0.000000
      },
      "latency_ns" : {
        "2" : 0.000000,
        "4" : 0.000000,
        "10" : 0.000000,
        "20" : 0.000000,
        "50" : 0.000000,
        "100" : 0.000000,
        "250" : 0.000000,
        "500" : 0.000000,
        "750" : 0.000000,
        "1000" : 0.000000
      },
      "latency_us" : {
        "2" : 14.700835,
        "4" : 24.355566,
        "10" : 9.516838,
        "20" : 1.530221,
        "50" : 49.816326,
        "100" : 0.073280,
        "250" : 0.010000,
        "500" : 0.000000,
        "750" : 0.000000,
        "1000" : 0.000000
      },
      "latency_ms" : {
        "2" : 0.010000,
        "4" : 0.010000,
        "10" : 0.000000,
        "20" : 0.000000,
        "50" : 0.000000,
        "100" : 0.000000,
        "250" : 0.000000,
        "500" : 0.000000,
        "750" : 0.000000,
        "1000" : 0.000000,
        "2000" : 0.000000,
        ">=2000" : 0.000000
      },
      "latency_depth" : 1,
      "latency_target" : 0,
      "latency_percentile" : 100.000000,
      "latency_window" : 0
    }
  ],
  "disk_util" : [
    {
      "name" : "sdb",
      "read_ios" : 0,
      "write_ios" : 9,
      "read_sectors" : 0,
      "write_sectors" : 2168,
      "read_merges" : 0,
      "write_merges" : 36,
      "read_ticks" : 0,
      "write_ticks" : 7,
      "in_queue" : 8,
      "util" : 0.030024
    }
  ]
}
