{
  "fio version" : "fio-3.40",
  "timestamp" : 1763290105,
  "timestamp_ms" : 1763290105714,
  "time" : "Sun Nov 16 10:48:25 2025",
  "global options" : {
    "ioengine" : "librawstor",
    "filename" : "ost://127.0.0.1:8080/01988675-e1e5-7788-9ed4-2f2d30910d23"
  },
  "jobs" : [
    {
      "jobname" : "rawstor",
      "groupid" : 0,
      "job_start" : 1763290095573,
      "error" : 0,
      "eta" : 0,
      "elapsed" : 11,
      "job options" : {
        "name" : "rawstor",
        "iodepth" : "2",
        "rw" : "randrw",
        "bs" : "4k",
        "size" : "1G",
        "numjobs" : "1",
        "runtime" : "10",
        "time_based" : "",
        "group_reporting" : ""
      },
      "read" : {
        "io_bytes" : 400551936,
        "io_kbytes" : 391164,
        "bw_bytes" : 40051188,
        "bw" : 39112,
        "iops" : 9778.122188,
        "runtime" : 10001,
        "total_ios" : 97791,
        "short_ios" : 0,
        "drop_ios" : 0,
        "slat_ns" : {
          "min" : 0,
          "max" : 0,
          "mean" : 0.000000,
          "stddev" : 0.000000,
          "N" : 97791
        },
        "clat_ns" : {
          "min" : 112045376,
          "max" : 10111283498,
          "mean" : 5058258592.447676,
          "stddev" : 2911192576.814011,
          "N" : 97791,
          "percentile" : {
            "1.000000" : 221249536,
            "5.000000" : 583008256,
            "10.000000" : 1035993088,
            "20.000000" : 1988100096,
            "30.000000" : 3003121664,
            "40.000000" : 4009754624,
            "50.000000" : 4999610368,
            "60.000000" : 6073352192,
            "70.000000" : 7079985152,
            "80.000000" : 8086618112,
            "90.000000" : 9059696640,
            "95.000000" : 9596567552,
            "99.000000" : 9999220736,
            "99.500000" : 9999220736,
            "99.900000" : 10133438464,
            "99.950000" : 10133438464,
            "99.990000" : 10133438464
          }
        },
        "lat_ns" : {
          "min" : 30808,
          "max" : 30339459,
          "mean" : 95610.280496,
          "stddev" : 308582.678303,
          "N" : 97791
        },
        "bw_min" : 36880,
        "bw_max" : 43328,
        "bw_agg" : 100.000000,
        "bw_mean" : 39116.400000,
        "bw_dev" : 1841.323963,
        "bw_samples" : 20,
        "iops_min" : 9220,
        "iops_max" : 10832,
        "iops_mean" : 9779.100000,
        "iops_stddev" : 460.330991,
        "iops_samples" : 20
      },
      "write" : {
        "io_bytes" : 399720448,
        "io_kbytes" : 390352,
        "bw_bytes" : 39968047,
        "bw" : 39031,
        "iops" : 9757.824218,
        "runtime" : 10001,
        "total_ios" : 97588,
        "short_ios" : 0,
        "drop_ios" : 0,
        "slat_ns" : {
          "min" : 0,
          "max" : 0,
          "mean" : 0.000000,
          "stddev" : 0.000000,
          "N" : 97588
        },
        "clat_ns" : {
          "min" : 112220709,
          "max" : 10111289349,
          "mean" : 5065959280.517528,
          "stddev" : 2919317090.122480,
          "N" : 97588,
          "percentile" : {
            "1.000000" : 217055232,
            "5.000000" : 583008256,
            "10.000000" : 1035993088,
            "20.000000" : 1988100096,
            "30.000000" : 3003121664,
            "40.000000" : 4009754624,
            "50.000000" : 5066719232,
            "60.000000" : 6073352192,
            "70.000000" : 7079985152,
            "80.000000" : 8153726976,
            "90.000000" : 9193914368,
            "95.000000" : 9596567552,
            "99.000000" : 9999220736,
            "99.500000" : 9999220736,
            "99.900000" : 10133438464,
            "99.950000" : 10133438464,
            "99.990000" : 10133438464
          }
        },
        "lat_ns" : {
          "min" : 50645,
          "max" : 30363094,
          "mean" : 106571.835994,
          "stddev" : 259133.779383,
          "N" : 97588
        },
        "bw_min" : 36176,
        "bw_max" : 43560,
        "bw_agg" : 100.000000,
        "bw_mean" : 39035.200000,
        "bw_dev" : 1886.972780,
        "bw_samples" : 20,
        "iops_min" : 9044,
        "iops_max" : 10890,
        "iops_mean" : 9758.800000,
        "iops_stddev" : 471.743195,
        "iops_samples" : 20
      },
      "trim" : {
        "io_bytes" : 0,
        "io_kbytes" : 0,
        "bw_bytes" : 0,
        "bw" : 0,
        "iops" : 0.000000,
        "runtime" : 0,
        "total_ios" : 0,
        "short_ios" : 0,
        "drop_ios" : 0,
        "slat_ns" : {
          "min" : 0,
          "max" : 0,
          "mean" : 0.000000,
          "stddev" : 0.000000,
          "N" : 0
        },
        "clat_ns" : {
          "min" : 0,
          "max" : 0,
          "mean" : 0.000000,
          "stddev" : 0.000000,
          "N" : 0
        },
        "lat_ns" : {
          "min" : 0,
          "max" : 0,
          "mean" : 0.000000,
          "stddev" : 0.000000,
          "N" : 0
        },
        "bw_min" : 0,
        "bw_max" : 0,
        "bw_agg" : 0.000000,
        "bw_mean" : 0.000000,
        "bw_dev" : 0.000000,
        "bw_samples" : 0,
        "iops_min" : 0,
        "iops_max" : 0,
        "iops_mean" : 0.000000,
        "iops_stddev" : 0.000000,
        "iops_samples" : 0
      },
      "sync" : {
        "total_ios" : 0,
        "lat_ns" : {
          "min" : 0,
          "max" : 0,
          "mean" : 0.000000,
          "stddev" : 0.000000,
          "N" : 0
        }
      },
      "job_runtime" : 10000,
      "usr_cpu" : 12.050000,
      "sys_cpu" : 36.700000,
      "ctx" : 101779,
      "majf" : 0,
      "minf" : 42,
      "iodepth_level" : {
        "1" : 0.100000,
        "2" : 99.999488,
        "4" : 0.000000,
        "8" : 0.000000,
        "16" : 0.000000,
        "32" : 0.000000,
        ">=64" : 0.000000
      },
      "iodepth_submit" : {
        "0" : 0.000000,
        "4" : 100.000000,
        "8" : 0.000000,
        "16" : 0.000000,
        "32" : 0.000000,
        "64" : 0.000000,
        ">=64" : 0.000000
      },
      "iodepth_complete" : {
        "0" : 0.000000,
        "4" : 100.000000,
        "8" : 0.000000,
        "16" : 0.000000,
        "32" : 0.000000,
        "64" : 0.000000,
        ">=64" : 0.000000
      },
      "latency_ns" : {
        "2" : 0.000000,
        "4" : 0.000000,
        "10" : 0.000000,
        "20" : 0.000000,
        "50" : 0.000000,
        "100" : 0.000000,
        "250" : 0.000000,
        "500" : 0.000000,
        "750" : 0.000000,
        "1000" : 0.000000
      },
      "latency_us" : {
        "2" : 0.000000,
        "4" : 0.000000,
        "10" : 0.000000,
        "20" : 0.000000,
        "50" : 0.000000,
        "100" : 0.000000,
        "250" : 0.000000,
        "500" : 0.000000,
        "750" : 0.000000,
        "1000" : 0.000000
      },
      "latency_ms" : {
        "2" : 0.000000,
        "4" : 0.000000,
        "10" : 0.000000,
        "20" : 0.000000,
        "50" : 0.000000,
        "100" : 0.000000,
        "250" : 1.298502,
        "500" : 2.797639,
        "750" : 2.761300,
        "1000" : 2.796616,
        "2000" : 10.516995,
        ">=2000" : 79.828948
      },
      "latency_depth" : 2,
      "latency_target" : 0,
      "latency_percentile" : 100.000000,
      "latency_window" : 0
    }
  ],
  "disk_util" : [
    {
      "name" : "sda",
      "read_ios" : 0,
      "write_ios" : 256,
      "read_sectors" : 0,
      "write_sectors" : 39920,
      "read_merges" : 0,
      "write_merges" : 1167,
      "read_ticks" : 0,
      "write_ticks" : 293,
      "in_queue" : 302,
      "util" : 0.260365
    }
  ]
}
