{
  "fio version" : "fio-3.40",
  "timestamp" : 1759674464,
  "timestamp_ms" : 1759674464451,
  "time" : "Sun Oct  5 14:27:44 2025",
  "global options" : {
    "ioengine" : "librawstor",
    "filename" : "01988675-e1e5-7788-9ed4-2f2d30910d23"
  },
  "jobs" : [
    {
      "jobname" : "rawstor",
      "groupid" : 0,
      "job_start" : 1759674454305,
      "error" : 0,
      "eta" : 0,
      "elapsed" : 11,
      "job options" : {
        "name" : "rawstor",
        "iodepth" : "1",
        "rw" : "randrw",
        "bs" : "4k",
        "size" : "1G",
        "numjobs" : "1",
        "runtime" : "10",
        "time_based" : "",
        "group_reporting" : ""
      },
      "read" : {
        "io_bytes" : 224481280,
        "io_kbytes" : 219220,
        "bw_bytes" : 22445883,
        "bw" : 21919,
        "iops" : 5479.952005,
        "runtime" : 10001,
        "total_ios" : 54805,
        "short_ios" : 0,
        "drop_ios" : 0,
        "slat_ns" : {
          "min" : 29,
          "max" : 20047,
          "mean" : 159.308913,
          "stddev" : 145.672081,
          "N" : 54805
        },
        "clat_ns" : {
          "min" : 44984,
          "max" : 32180047,
          "mean" : 77186.066837,
          "stddev" : 255481.026950,
          "N" : 54805,
          "percentile" : {
            "1.000000" : 56576,
            "5.000000" : 60160,
            "10.000000" : 62720,
            "20.000000" : 66048,
            "30.000000" : 69120,
            "40.000000" : 71168,
            "50.000000" : 73216,
            "60.000000" : 76288,
            "70.000000" : 78336,
            "80.000000" : 81408,
            "90.000000" : 87552,
            "95.000000" : 93696,
            "99.000000" : 108032,
            "99.500000" : 116224,
            "99.900000" : 136192,
            "99.950000" : 166912,
            "99.990000" : 3063808
          }
        },
        "lat_ns" : {
          "min" : 45114,
          "max" : 32180147,
          "mean" : 77345.375750,
          "stddev" : 255481.196554,
          "N" : 54805
        },
        "bw_min" : 20224,
        "bw_max" : 23976,
        "bw_agg" : 100.000000,
        "bw_mean" : 21967.157895,
        "bw_dev" : 924.779449,
        "bw_samples" : 19,
        "iops_min" : 5056,
        "iops_max" : 5994,
        "iops_mean" : 5491.789474,
        "iops_stddev" : 231.194862,
        "iops_samples" : 19
      },
      "write" : {
        "io_bytes" : 223498240,
        "io_kbytes" : 218260,
        "bw_bytes" : 22347589,
        "bw" : 21823,
        "iops" : 5455.954405,
        "runtime" : 10001,
        "total_ios" : 54565,
        "short_ios" : 0,
        "drop_ios" : 0,
        "slat_ns" : {
          "min" : 89,
          "max" : 18515,
          "mean" : 261.272592,
          "stddev" : 306.661257,
          "N" : 54565
        },
        "clat_ns" : {
          "min" : 57817,
          "max" : 30360325,
          "mean" : 101719.087345,
          "stddev" : 218249.754785,
          "N" : 54565,
          "percentile" : {
            "1.000000" : 80384,
            "5.000000" : 85504,
            "10.000000" : 88576,
            "20.000000" : 91648,
            "30.000000" : 94720,
            "40.000000" : 96768,
            "50.000000" : 98816,
            "60.000000" : 100864,
            "70.000000" : 103936,
            "80.000000" : 107008,
            "90.000000" : 113152,
            "95.000000" : 119296,
            "99.000000" : 134144,
            "99.500000" : 142336,
            "99.900000" : 171008,
            "99.950000" : 205824,
            "99.990000" : 464896
          }
        },
        "lat_ns" : {
          "min" : 58058,
          "max" : 30360605,
          "mean" : 101980.359938,
          "stddev" : 218250.526814,
          "N" : 54565
        },
        "bw_min" : 20160,
        "bw_max" : 23664,
        "bw_agg" : 100.000000,
        "bw_mean" : 21883.368421,
        "bw_dev" : 863.350850,
        "bw_samples" : 19,
        "iops_min" : 5040,
        "iops_max" : 5916,
        "iops_mean" : 5470.842105,
        "iops_stddev" : 215.837712,
        "iops_samples" : 19
      },
      "trim" : {
        "io_bytes" : 0,
        "io_kbytes" : 0,
        "bw_bytes" : 0,
        "bw" : 0,
        "iops" : 0.000000,
        "runtime" : 0,
        "total_ios" : 0,
        "short_ios" : 0,
        "drop_ios" : 0,
        "slat_ns" : {
          "min" : 0,
          "max" : 0,
          "mean" : 0.000000,
          "stddev" : 0.000000,
          "N" : 0
        },
        "clat_ns" : {
          "min" : 0,
          "max" : 0,
          "mean" : 0.000000,
          "stddev" : 0.000000,
          "N" : 0
        },
        "lat_ns" : {
          "min" : 0,
          "max" : 0,
          "mean" : 0.000000,
          "stddev" : 0.000000,
          "N" : 0
        },
        "bw_min" : 0,
        "bw_max" : 0,
        "bw_agg" : 0.000000,
        "bw_mean" : 0.000000,
        "bw_dev" : 0.000000,
        "bw_samples" : 0,
        "iops_min" : 0,
        "iops_max" : 0,
        "iops_mean" : 0.000000,
        "iops_stddev" : 0.000000,
        "iops_samples" : 0
      },
      "sync" : {
        "total_ios" : 0,
        "lat_ns" : {
          "min" : 0,
          "max" : 0,
          "mean" : 0.000000,
          "stddev" : 0.000000,
          "N" : 0
        }
      },
      "job_runtime" : 10000,
      "usr_cpu" : 8.900000,
      "sys_cpu" : 31.600000,
      "ctx" : 109445,
      "majf" : 0,
      "minf" : 304,
      "iodepth_level" : {
        "1" : 100.000000,
        "2" : 0.000000,
        "4" : 0.000000,
        "8" : 0.000000,
        "16" : 0.000000,
        "32" : 0.000000,
        ">=64" : 0.000000
      },
      "iodepth_submit" : {
        "0" : 0.000000,
        "4" : 100.000000,
        "8" : 0.000000,
        "16" : 0.000000,
        "32" : 0.000000,
        "64" : 0.000000,
        ">=64" : 0.000000
      },
      "iodepth_complete" : {
        "0" : 0.000000,
        "4" : 100.000000,
        "8" : 0.000000,
        "16" : 0.000000,
        "32" : 0.000000,
        "64" : 0.000000,
        ">=64" : 0.000000
      },
      "latency_ns" : {
        "2" : 0.000000,
        "4" : 0.000000,
        "10" : 0.000000,
        "20" : 0.000000,
        "50" : 0.000000,
        "100" : 0.000000,
        "250" : 0.000000,
        "500" : 0.000000,
        "750" : 0.000000,
        "1000" : 0.000000
      },
      "latency_us" : {
        "2" : 0.000000,
        "4" : 0.000000,
        "10" : 0.000000,
        "20" : 0.000000,
        "50" : 0.034744,
        "100" : 76.392064,
        "250" : 23.537533,
        "500" : 0.022858,
        "750" : 0.010000,
        "1000" : 0.000000
      },
      "latency_ms" : {
        "2" : 0.010000,
        "4" : 0.010000,
        "10" : 0.010000,
        "20" : 0.000000,
        "50" : 0.010000,
        "100" : 0.000000,
        "250" : 0.000000,
        "500" : 0.000000,
        "750" : 0.000000,
        "1000" : 0.000000,
        "2000" : 0.000000,
        ">=2000" : 0.000000
      },
      "latency_depth" : 1,
      "latency_target" : 0,
      "latency_percentile" : 100.000000,
      "latency_window" : 0
    }
  ],
  "disk_util" : [
    {
      "name" : "sdb",
      "read_ios" : 0,
      "write_ios" : 124,
      "read_sectors" : 0,
      "write_sectors" : 37680,
      "read_merges" : 0,
      "write_merges" : 994,
      "read_ticks" : 0,
      "write_ticks" : 202,
      "in_queue" : 207,
      "util" : 0.190190
    }
  ]
}
