{
  "fio version" : "fio-3.40",
  "timestamp" : 1756029896,
  "timestamp_ms" : 1756029896583,
  "time" : "Sun Aug 24 10:04:56 2025",
  "global options" : {
    "ioengine" : "librawstor",
    "filename" : "0198db89-9ee7-78c6-8ddf-350289d050e7"
  },
  "jobs" : [
    {
      "jobname" : "rawstor",
      "groupid" : 0,
      "job_start" : 1756029886436,
      "error" : 0,
      "eta" : 0,
      "elapsed" : 11,
      "job options" : {
        "name" : "rawstor",
        "iodepth" : "2",
        "rw" : "randrw",
        "bs" : "4k",
        "size" : "1G",
        "numjobs" : "1",
        "runtime" : "10",
        "time_based" : "",
        "group_reporting" : ""
      },
      "read" : {
        "io_bytes" : 7239589888,
        "io_kbytes" : 7069912,
        "bw_bytes" : 723886600,
        "bw" : 706920,
        "iops" : 176730.126987,
        "runtime" : 10001,
        "total_ios" : 1767478,
        "short_ios" : 0,
        "drop_ios" : 0,
        "slat_ns" : {
          "min" : 0,
          "max" : 0,
          "mean" : 0.000000,
          "stddev" : 0.000000,
          "N" : 1767478
        },
        "clat_ns" : {
          "min" : 104602518,
          "max" : 10104521805,
          "mean" : 5496776177.713282,
          "stddev" : 2732277412.421430,
          "N" : 1767478,
          "percentile" : {
            "1.000000" : 274726912,
            "5.000000" : 1010827264,
            "10.000000" : 1686110208,
            "20.000000" : 2734686208,
            "30.000000" : 3741319168,
            "40.000000" : 4664066048,
            "50.000000" : 5603590144,
            "60.000000" : 6476005376,
            "70.000000" : 7415529472,
            "80.000000" : 8287944704,
            "90.000000" : 9193914368,
            "95.000000" : 9596567552,
            "99.000000" : 9999220736,
            "99.500000" : 9999220736,
            "99.900000" : 10133438464,
            "99.950000" : 10133438464,
            "99.990000" : 10133438464
          }
        },
        "lat_ns" : {
          "min" : 1613,
          "max" : 116508,
          "mean" : 2240.101628,
          "stddev" : 1186.270115,
          "N" : 1767478
        },
        "bw_min" : 383584,
        "bw_max" : 788192,
        "bw_agg" : 100.000000,
        "bw_mean" : 706991.200000,
        "bw_dev" : 126139.894614,
        "bw_samples" : 20,
        "iops_min" : 95896,
        "iops_max" : 197048,
        "iops_mean" : 176747.800000,
        "iops_stddev" : 31534.973653,
        "iops_samples" : 20
      },
      "write" : {
        "io_bytes" : 7232192512,
        "io_kbytes" : 7062688,
        "bw_bytes" : 723146936,
        "bw" : 706198,
        "iops" : 176549.545045,
        "runtime" : 10001,
        "total_ios" : 1765672,
        "short_ios" : 0,
        "drop_ios" : 0,
        "slat_ns" : {
          "min" : 0,
          "max" : 0,
          "mean" : 0.000000,
          "stddev" : 0.000000,
          "N" : 1765672
        },
        "clat_ns" : {
          "min" : 104644897,
          "max" : 10104527516,
          "mean" : 5496978926.423778,
          "stddev" : 2732130005.731323,
          "N" : 1765672,
          "percentile" : {
            "1.000000" : 274726912,
            "5.000000" : 1010827264,
            "10.000000" : 1686110208,
            "20.000000" : 2768240640,
            "30.000000" : 3741319168,
            "40.000000" : 4664066048,
            "50.000000" : 5603590144,
            "60.000000" : 6476005376,
            "70.000000" : 7415529472,
            "80.000000" : 8287944704,
            "90.000000" : 9193914368,
            "95.000000" : 9596567552,
            "99.000000" : 9999220736,
            "99.500000" : 9999220736,
            "99.900000" : 10133438464,
            "99.950000" : 10133438464,
            "99.990000" : 10133438464
          }
        },
        "lat_ns" : {
          "min" : 4679,
          "max" : 143288,
          "mean" : 8560.362311,
          "stddev" : 4473.637330,
          "N" : 1765672
        },
        "bw_min" : 384232,
        "bw_max" : 785352,
        "bw_agg" : 100.000000,
        "bw_mean" : 706268.800000,
        "bw_dev" : 125976.454980,
        "bw_samples" : 20,
        "iops_min" : 96058,
        "iops_max" : 196338,
        "iops_mean" : 176567.200000,
        "iops_stddev" : 31494.113745,
        "iops_samples" : 20
      },
      "trim" : {
        "io_bytes" : 0,
        "io_kbytes" : 0,
        "bw_bytes" : 0,
        "bw" : 0,
        "iops" : 0.000000,
        "runtime" : 0,
        "total_ios" : 0,
        "short_ios" : 0,
        "drop_ios" : 0,
        "slat_ns" : {
          "min" : 0,
          "max" : 0,
          "mean" : 0.000000,
          "stddev" : 0.000000,
          "N" : 0
        },
        "clat_ns" : {
          "min" : 0,
          "max" : 0,
          "mean" : 0.000000,
          "stddev" : 0.000000,
          "N" : 0
        },
        "lat_ns" : {
          "min" : 0,
          "max" : 0,
          "mean" : 0.000000,
          "stddev" : 0.000000,
          "N" : 0
        },
        "bw_min" : 0,
        "bw_max" : 0,
        "bw_agg" : 0.000000,
        "bw_mean" : 0.000000,
        "bw_dev" : 0.000000,
        "bw_samples" : 0,
        "iops_min" : 0,
        "iops_max" : 0,
        "iops_mean" : 0.000000,
        "iops_stddev" : 0.000000,
        "iops_samples" : 0
      },
      "sync" : {
        "total_ios" : 0,
        "lat_ns" : {
          "min" : 0,
          "max" : 0,
          "mean" : 0.000000,
          "stddev" : 0.000000,
          "N" : 0
        }
      },
      "job_runtime" : 10000,
      "usr_cpu" : 28.630000,
      "sys_cpu" : 71.350000,
      "ctx" : 76,
      "majf" : 0,
      "minf" : 16,
      "iodepth_level" : {
        "1" : 0.100000,
        "2" : 99.999972,
        "4" : 0.000000,
        "8" : 0.000000,
        "16" : 0.000000,
        "32" : 0.000000,
        ">=64" : 0.000000
      },
      "iodepth_submit" : {
        "0" : 0.000000,
        "4" : 100.000000,
        "8" : 0.000000,
        "16" : 0.000000,
        "32" : 0.000000,
        "64" : 0.000000,
        ">=64" : 0.000000
      },
      "iodepth_complete" : {
        "0" : 0.000000,
        "4" : 100.000000,
        "8" : 0.000000,
        "16" : 0.000000,
        "32" : 0.000000,
        "64" : 0.000000,
        ">=64" : 0.000000
      },
      "latency_ns" : {
        "2" : 0.000000,
        "4" : 0.000000,
        "10" : 0.000000,
        "20" : 0.000000,
        "50" : 0.000000,
        "100" : 0.000000,
        "250" : 0.000000,
        "500" : 0.000000,
        "750" : 0.000000,
        "1000" : 0.000000
      },
      "latency_us" : {
        "2" : 0.000000,
        "4" : 0.000000,
        "10" : 0.000000,
        "20" : 0.000000,
        "50" : 0.000000,
        "100" : 0.000000,
        "250" : 0.000000,
        "500" : 0.000000,
        "750" : 0.000000,
        "1000" : 0.000000
      },
      "latency_ms" : {
        "2" : 0.000000,
        "4" : 0.000000,
        "10" : 0.000000,
        "20" : 0.000000,
        "50" : 0.000000,
        "100" : 0.000000,
        "250" : 0.869422,
        "500" : 1.394308,
        "750" : 1.329918,
        "1000" : 1.339485,
        "2000" : 7.815887,
        ">=2000" : 87.250980
      },
      "latency_depth" : 2,
      "latency_target" : 0,
      "latency_percentile" : 100.000000,
      "latency_window" : 0
    }
  ],
  "disk_util" : [
    {
      "name" : "sdb",
      "read_ios" : 0,
      "write_ios" : 276,
      "read_sectors" : 0,
      "write_sectors" : 32824,
      "read_merges" : 0,
      "write_merges" : 1235,
      "read_ticks" : 0,
      "write_ticks" : 531,
      "in_queue" : 545,
      "util" : 0.290261
    }
  ]
}
