{
  "fio version" : "fio-3.40",
  "timestamp" : 1763323306,
  "timestamp_ms" : 1763323306296,
  "time" : "Sun Nov 16 20:01:46 2025",
  "global options" : {
    "ioengine" : "librawstor",
    "filename" : "ost://127.0.0.1:8080/01988675-e1e5-7788-9ed4-2f2d30910d23"
  },
  "jobs" : [
    {
      "jobname" : "rawstor",
      "groupid" : 0,
      "job_start" : 1763323296155,
      "error" : 0,
      "eta" : 0,
      "elapsed" : 11,
      "job options" : {
        "name" : "rawstor",
        "iodepth" : "2",
        "rw" : "randrw",
        "bs" : "4k",
        "size" : "1G",
        "numjobs" : "1",
        "runtime" : "10",
        "time_based" : "",
        "group_reporting" : ""
      },
      "read" : {
        "io_bytes" : 420642816,
        "io_kbytes" : 410784,
        "bw_bytes" : 42060075,
        "bw" : 41074,
        "iops" : 10268.573143,
        "runtime" : 10001,
        "total_ios" : 102696,
        "short_ios" : 0,
        "drop_ios" : 0,
        "slat_ns" : {
          "min" : 0,
          "max" : 0,
          "mean" : 0.000000,
          "stddev" : 0.000000,
          "N" : 102696
        },
        "clat_ns" : {
          "min" : 111613459,
          "max" : 10110870705,
          "mean" : 5024610630.997914,
          "stddev" : 2914244353.252637,
          "N" : 102696,
          "percentile" : {
            "1.000000" : 206569472,
            "5.000000" : 574619648,
            "10.000000" : 1019215872,
            "20.000000" : 1937768448,
            "30.000000" : 2969567232,
            "40.000000" : 4009754624,
            "50.000000" : 4999610368,
            "60.000000" : 6006243328,
            "70.000000" : 7012876288,
            "80.000000" : 8019509248,
            "90.000000" : 9059696640,
            "95.000000" : 9596567552,
            "99.000000" : 9999220736,
            "99.500000" : 9999220736,
            "99.900000" : 10133438464,
            "99.950000" : 10133438464,
            "99.990000" : 10133438464
          }
        },
        "lat_ns" : {
          "min" : 29776,
          "max" : 31303386,
          "mean" : 90156.988705,
          "stddev" : 233471.912604,
          "N" : 102696
        },
        "bw_min" : 37504,
        "bw_max" : 46544,
        "bw_agg" : 100.000000,
        "bw_mean" : 41078.400000,
        "bw_dev" : 2458.315521,
        "bw_samples" : 20,
        "iops_min" : 9376,
        "iops_max" : 11636,
        "iops_mean" : 10269.600000,
        "iops_stddev" : 614.578880,
        "iops_samples" : 20
      },
      "write" : {
        "io_bytes" : 420040704,
        "io_kbytes" : 410196,
        "bw_bytes" : 41999870,
        "bw" : 41015,
        "iops" : 10253.874613,
        "runtime" : 10001,
        "total_ios" : 102549,
        "short_ios" : 0,
        "drop_ios" : 0,
        "slat_ns" : {
          "min" : 0,
          "max" : 0,
          "mean" : 0.000000,
          "stddev" : 0.000000,
          "N" : 102549
        },
        "clat_ns" : {
          "min" : 111838797,
          "max" : 10110860376,
          "mean" : 5034633265.123262,
          "stddev" : 2922175098.084932,
          "N" : 102549,
          "percentile" : {
            "1.000000" : 202375168,
            "5.000000" : 566231040,
            "10.000000" : 1019215872,
            "20.000000" : 1937768448,
            "30.000000" : 2969567232,
            "40.000000" : 4009754624,
            "50.000000" : 4999610368,
            "60.000000" : 6006243328,
            "70.000000" : 7079985152,
            "80.000000" : 8086618112,
            "90.000000" : 9059696640,
            "95.000000" : 9596567552,
            "99.000000" : 9999220736,
            "99.500000" : 9999220736,
            "99.900000" : 10133438464,
            "99.950000" : 10133438464,
            "99.990000" : 10133438464
          }
        },
        "lat_ns" : {
          "min" : 44342,
          "max" : 31333271,
          "mean" : 102349.113760,
          "stddev" : 276796.335576,
          "N" : 102549
        },
        "bw_min" : 38200,
        "bw_max" : 47192,
        "bw_agg" : 100.000000,
        "bw_mean" : 41019.600000,
        "bw_dev" : 2384.351052,
        "bw_samples" : 20,
        "iops_min" : 9550,
        "iops_max" : 11798,
        "iops_mean" : 10254.900000,
        "iops_stddev" : 596.087763,
        "iops_samples" : 20
      },
      "trim" : {
        "io_bytes" : 0,
        "io_kbytes" : 0,
        "bw_bytes" : 0,
        "bw" : 0,
        "iops" : 0.000000,
        "runtime" : 0,
        "total_ios" : 0,
        "short_ios" : 0,
        "drop_ios" : 0,
        "slat_ns" : {
          "min" : 0,
          "max" : 0,
          "mean" : 0.000000,
          "stddev" : 0.000000,
          "N" : 0
        },
        "clat_ns" : {
          "min" : 0,
          "max" : 0,
          "mean" : 0.000000,
          "stddev" : 0.000000,
          "N" : 0
        },
        "lat_ns" : {
          "min" : 0,
          "max" : 0,
          "mean" : 0.000000,
          "stddev" : 0.000000,
          "N" : 0
        },
        "bw_min" : 0,
        "bw_max" : 0,
        "bw_agg" : 0.000000,
        "bw_mean" : 0.000000,
        "bw_dev" : 0.000000,
        "bw_samples" : 0,
        "iops_min" : 0,
        "iops_max" : 0,
        "iops_mean" : 0.000000,
        "iops_stddev" : 0.000000,
        "iops_samples" : 0
      },
      "sync" : {
        "total_ios" : 0,
        "lat_ns" : {
          "min" : 0,
          "max" : 0,
          "mean" : 0.000000,
          "stddev" : 0.000000,
          "N" : 0
        }
      },
      "job_runtime" : 10000,
      "usr_cpu" : 12.060000,
      "sys_cpu" : 36.560000,
      "ctx" : 106860,
      "majf" : 0,
      "minf" : 44,
      "iodepth_level" : {
        "1" : 0.100000,
        "2" : 99.999513,
        "4" : 0.000000,
        "8" : 0.000000,
        "16" : 0.000000,
        "32" : 0.000000,
        ">=64" : 0.000000
      },
      "iodepth_submit" : {
        "0" : 0.000000,
        "4" : 100.000000,
        "8" : 0.000000,
        "16" : 0.000000,
        "32" : 0.000000,
        "64" : 0.000000,
        ">=64" : 0.000000
      },
      "iodepth_complete" : {
        "0" : 0.000000,
        "4" : 100.000000,
        "8" : 0.000000,
        "16" : 0.000000,
        "32" : 0.000000,
        "64" : 0.000000,
        ">=64" : 0.000000
      },
      "latency_ns" : {
        "2" : 0.000000,
        "4" : 0.000000,
        "10" : 0.000000,
        "20" : 0.000000,
        "50" : 0.000000,
        "100" : 0.000000,
        "250" : 0.000000,
        "500" : 0.000000,
        "750" : 0.000000,
        "1000" : 0.000000
      },
      "latency_us" : {
        "2" : 0.000000,
        "4" : 0.000000,
        "10" : 0.000000,
        "20" : 0.000000,
        "50" : 0.000000,
        "100" : 0.000000,
        "250" : 0.000000,
        "500" : 0.000000,
        "750" : 0.000000,
        "1000" : 0.000000
      },
      "latency_ms" : {
        "2" : 0.000000,
        "4" : 0.000000,
        "10" : 0.000000,
        "20" : 0.000000,
        "50" : 0.000000,
        "100" : 0.000000,
        "250" : 1.481644,
        "500" : 2.743063,
        "750" : 2.777656,
        "1000" : 2.784964,
        "2000" : 10.819265,
        ">=2000" : 79.393408
      },
      "latency_depth" : 2,
      "latency_target" : 0,
      "latency_percentile" : 100.000000,
      "latency_window" : 0
    }
  ],
  "disk_util" : [
    {
      "name" : "sda",
      "read_ios" : 0,
      "write_ios" : 133,
      "read_sectors" : 0,
      "write_sectors" : 41896,
      "read_merges" : 0,
      "write_merges" : 1029,
      "read_ticks" : 0,
      "write_ticks" : 282,
      "in_queue" : 288,
      "util" : 0.190266
    }
  ]
}
