{
  "fio version" : "fio-3.40",
  "timestamp" : 1767611188,
  "timestamp_ms" : 1767611188237,
  "time" : "Mon Jan  5 11:06:28 2026",
  "global options" : {
    "ioengine" : "librawstor",
    "filename" : "file:///tmp/objects/019b8dd6-1b6d-7c30-9a35-fad7a94c53f5"
  },
  "jobs" : [
    {
      "jobname" : "rawstor",
      "groupid" : 0,
      "job_start" : 1767611178092,
      "error" : 0,
      "eta" : 0,
      "elapsed" : 11,
      "job options" : {
        "name" : "rawstor",
        "iodepth" : "2",
        "rw" : "randrw",
        "bs" : "4k",
        "size" : "1G",
        "numjobs" : "1",
        "runtime" : "10",
        "time_based" : "",
        "group_reporting" : ""
      },
      "read" : {
        "io_bytes" : 2822815744,
        "io_kbytes" : 2756656,
        "bw_bytes" : 282253349,
        "bw" : 275638,
        "iops" : 68909.509049,
        "runtime" : 10001,
        "total_ios" : 689164,
        "short_ios" : 0,
        "drop_ios" : 0,
        "slat_ns" : {
          "min" : 0,
          "max" : 0,
          "mean" : 0.000000,
          "stddev" : 0.000000,
          "N" : 689164
        },
        "clat_ns" : {
          "min" : 105517613,
          "max" : 10105263468,
          "mean" : 5371836273.170093,
          "stddev" : 2814204152.854193,
          "N" : 689164,
          "percentile" : {
            "1.000000" : 221249536,
            "5.000000" : 708837376,
            "10.000000" : 1333788672,
            "20.000000" : 2600468480,
            "30.000000" : 3539992576,
            "40.000000" : 4529848320,
            "50.000000" : 5469372416,
            "60.000000" : 6341787648,
            "70.000000" : 7348420608,
            "80.000000" : 8287944704,
            "90.000000" : 9193914368,
            "95.000000" : 9730785280,
            "99.000000" : 9999220736,
            "99.500000" : 9999220736,
            "99.900000" : 10133438464,
            "99.950000" : 10133438464,
            "99.990000" : 10133438464
          }
        },
        "lat_ns" : {
          "min" : 1403,
          "max" : 141084,
          "mean" : 5386.367103,
          "stddev" : 3918.595166,
          "N" : 689164
        },
        "bw_min" : 207192,
        "bw_max" : 301672,
        "bw_agg" : 99.421692,
        "bw_mean" : 274044.631579,
        "bw_dev" : 32438.554983,
        "bw_samples" : 19,
        "iops_min" : 51798,
        "iops_max" : 75418,
        "iops_mean" : 68511.157895,
        "iops_stddev" : 8109.638746,
        "iops_samples" : 19
      },
      "write" : {
        "io_bytes" : 2819321856,
        "io_kbytes" : 2753244,
        "bw_bytes" : 281903995,
        "bw" : 275296,
        "iops" : 68824.217578,
        "runtime" : 10001,
        "total_ios" : 688311,
        "short_ios" : 0,
        "drop_ios" : 0,
        "slat_ns" : {
          "min" : 0,
          "max" : 0,
          "mean" : 0.000000,
          "stddev" : 0.000000,
          "N" : 688311
        },
        "clat_ns" : {
          "min" : 105653416,
          "max" : 10105280530,
          "mean" : 5370891610.958508,
          "stddev" : 2813884777.730664,
          "N" : 688311,
          "percentile" : {
            "1.000000" : 221249536,
            "5.000000" : 708837376,
            "10.000000" : 1350565888,
            "20.000000" : 2600468480,
            "30.000000" : 3539992576,
            "40.000000" : 4529848320,
            "50.000000" : 5469372416,
            "60.000000" : 6341787648,
            "70.000000" : 7348420608,
            "80.000000" : 8287944704,
            "90.000000" : 9193914368,
            "95.000000" : 9596567552,
            "99.000000" : 9999220736,
            "99.500000" : 9999220736,
            "99.900000" : 10133438464,
            "99.950000" : 10133438464,
            "99.990000" : 10133438464
          }
        },
        "lat_ns" : {
          "min" : 3897,
          "max" : 871357,
          "mean" : 22691.162581,
          "stddev" : 7266.885286,
          "N" : 688311
        },
        "bw_min" : 207288,
        "bw_max" : 303016,
        "bw_agg" : 99.456271,
        "bw_mean" : 273800.421053,
        "bw_dev" : 32392.784983,
        "bw_samples" : 19,
        "iops_min" : 51822,
        "iops_max" : 75754,
        "iops_mean" : 68450.105263,
        "iops_stddev" : 8098.196246,
        "iops_samples" : 19
      },
      "trim" : {
        "io_bytes" : 0,
        "io_kbytes" : 0,
        "bw_bytes" : 0,
        "bw" : 0,
        "iops" : 0.000000,
        "runtime" : 0,
        "total_ios" : 0,
        "short_ios" : 0,
        "drop_ios" : 0,
        "slat_ns" : {
          "min" : 0,
          "max" : 0,
          "mean" : 0.000000,
          "stddev" : 0.000000,
          "N" : 0
        },
        "clat_ns" : {
          "min" : 0,
          "max" : 0,
          "mean" : 0.000000,
          "stddev" : 0.000000,
          "N" : 0
        },
        "lat_ns" : {
          "min" : 0,
          "max" : 0,
          "mean" : 0.000000,
          "stddev" : 0.000000,
          "N" : 0
        },
        "bw_min" : 0,
        "bw_max" : 0,
        "bw_agg" : 0.000000,
        "bw_mean" : 0.000000,
        "bw_dev" : 0.000000,
        "bw_samples" : 0,
        "iops_min" : 0,
        "iops_max" : 0,
        "iops_mean" : 0.000000,
        "iops_stddev" : 0.000000,
        "iops_samples" : 0
      },
      "sync" : {
        "total_ios" : 0,
        "lat_ns" : {
          "min" : 0,
          "max" : 0,
          "mean" : 0.000000,
          "stddev" : 0.000000,
          "N" : 0
        }
      },
      "job_runtime" : 10000,
      "usr_cpu" : 18.790000,
      "sys_cpu" : 49.630000,
      "ctx" : 282728,
      "majf" : 0,
      "minf" : 22,
      "iodepth_level" : {
        "1" : 0.100000,
        "2" : 99.999927,
        "4" : 0.000000,
        "8" : 0.000000,
        "16" : 0.000000,
        "32" : 0.000000,
        ">=64" : 0.000000
      },
      "iodepth_submit" : {
        "0" : 0.000000,
        "4" : 100.000000,
        "8" : 0.000000,
        "16" : 0.000000,
        "32" : 0.000000,
        "64" : 0.000000,
        ">=64" : 0.000000
      },
      "iodepth_complete" : {
        "0" : 0.000000,
        "4" : 100.000000,
        "8" : 0.000000,
        "16" : 0.000000,
        "32" : 0.000000,
        "64" : 0.000000,
        ">=64" : 0.000000
      },
      "latency_ns" : {
        "2" : 0.000000,
        "4" : 0.000000,
        "10" : 0.000000,
        "20" : 0.000000,
        "50" : 0.000000,
        "100" : 0.000000,
        "250" : 0.000000,
        "500" : 0.000000,
        "750" : 0.000000,
        "1000" : 0.000000
      },
      "latency_us" : {
        "2" : 0.000000,
        "4" : 0.000000,
        "10" : 0.000000,
        "20" : 0.000000,
        "50" : 0.000000,
        "100" : 0.000000,
        "250" : 0.000000,
        "500" : 0.000000,
        "750" : 0.000000,
        "1000" : 0.000000
      },
      "latency_ms" : {
        "2" : 0.000000,
        "4" : 0.000000,
        "10" : 0.000000,
        "20" : 0.000000,
        "50" : 0.000000,
        "100" : 0.000000,
        "250" : 1.230730,
        "500" : 2.125628,
        "750" : 1.975789,
        "1000" : 1.952776,
        "2000" : 7.736474,
        ">=2000" : 84.978602
      },
      "latency_depth" : 2,
      "latency_target" : 0,
      "latency_percentile" : 100.000000,
      "latency_window" : 0
    }
  ],
  "disk_util" : [
    {
      "name" : "sdb",
      "read_ios" : 1,
      "write_ios" : 18,
      "read_sectors" : 256,
      "write_sectors" : 2144,
      "read_merges" : 0,
      "write_merges" : 48,
      "read_ticks" : 0,
      "write_ticks" : 9,
      "in_queue" : 10,
      "util" : 0.010008
    }
  ]
}
