{
  "fio version" : "fio-3.40",
  "timestamp" : 1759661655,
  "timestamp_ms" : 1759661655298,
  "time" : "Sun Oct  5 10:54:15 2025",
  "global options" : {
    "ioengine" : "librawstor",
    "filename" : "01988675-e1e5-7788-9ed4-2f2d30910d23"
  },
  "jobs" : [
    {
      "jobname" : "rawstor",
      "groupid" : 0,
      "job_start" : 1759661645152,
      "error" : 0,
      "eta" : 0,
      "elapsed" : 11,
      "job options" : {
        "name" : "rawstor",
        "iodepth" : "1",
        "rw" : "randrw",
        "bs" : "4k",
        "size" : "1G",
        "numjobs" : "1",
        "runtime" : "10",
        "time_based" : "",
        "group_reporting" : ""
      },
      "read" : {
        "io_bytes" : 241274880,
        "io_kbytes" : 235620,
        "bw_bytes" : 24125075,
        "bw" : 23559,
        "iops" : 5889.911009,
        "runtime" : 10001,
        "total_ios" : 58905,
        "short_ios" : 0,
        "drop_ios" : 0,
        "slat_ns" : {
          "min" : 40,
          "max" : 14708,
          "mean" : 171.216960,
          "stddev" : 174.256380,
          "N" : 58905
        },
        "clat_ns" : {
          "min" : 45105,
          "max" : 27746985,
          "mean" : 71641.881521,
          "stddev" : 225249.054085,
          "N" : 58905,
          "percentile" : {
            "1.000000" : 52480,
            "5.000000" : 56064,
            "10.000000" : 58112,
            "20.000000" : 61184,
            "30.000000" : 63744,
            "40.000000" : 66048,
            "50.000000" : 68096,
            "60.000000" : 70144,
            "70.000000" : 73216,
            "80.000000" : 76288,
            "90.000000" : 81408,
            "95.000000" : 87552,
            "99.000000" : 101888,
            "99.500000" : 109056,
            "99.900000" : 136192,
            "99.950000" : 183296,
            "99.990000" : 2146304
          }
        },
        "lat_ns" : {
          "min" : 45265,
          "max" : 27747115,
          "mean" : 71813.098481,
          "stddev" : 225249.676032,
          "N" : 58905
        },
        "bw_min" : 21888,
        "bw_max" : 25816,
        "bw_agg" : 100.000000,
        "bw_mean" : 23562.000000,
        "bw_dev" : 934.492263,
        "bw_samples" : 20,
        "iops_min" : 5472,
        "iops_max" : 6454,
        "iops_mean" : 5890.500000,
        "iops_stddev" : 233.623066,
        "iops_samples" : 20
      },
      "write" : {
        "io_bytes" : 240488448,
        "io_kbytes" : 234852,
        "bw_bytes" : 24046440,
        "bw" : 23482,
        "iops" : 5870.712929,
        "runtime" : 10001,
        "total_ios" : 58713,
        "short_ios" : 0,
        "drop_ios" : 0,
        "slat_ns" : {
          "min" : 90,
          "max" : 49663,
          "mean" : 246.436752,
          "stddev" : 362.056000,
          "N" : 58713
        },
        "clat_ns" : {
          "min" : 57768,
          "max" : 29346829,
          "mean" : 94885.589307,
          "stddev" : 197611.628973,
          "N" : 58713,
          "percentile" : {
            "1.000000" : 74240,
            "5.000000" : 79360,
            "10.000000" : 81408,
            "20.000000" : 84480,
            "30.000000" : 87552,
            "40.000000" : 89600,
            "50.000000" : 92672,
            "60.000000" : 94720,
            "70.000000" : 96768,
            "80.000000" : 99840,
            "90.000000" : 105984,
            "95.000000" : 112128,
            "99.000000" : 125440,
            "99.500000" : 134144,
            "99.900000" : 177152,
            "99.950000" : 238592,
            "99.990000" : 651264
          }
        },
        "lat_ns" : {
          "min" : 57949,
          "max" : 29347029,
          "mean" : 95132.026059,
          "stddev" : 197612.543587,
          "N" : 58713
        },
        "bw_min" : 22344,
        "bw_max" : 25368,
        "bw_agg" : 100.000000,
        "bw_mean" : 23485.200000,
        "bw_dev" : 894.661688,
        "bw_samples" : 20,
        "iops_min" : 5586,
        "iops_max" : 6342,
        "iops_mean" : 5871.300000,
        "iops_stddev" : 223.665422,
        "iops_samples" : 20
      },
      "trim" : {
        "io_bytes" : 0,
        "io_kbytes" : 0,
        "bw_bytes" : 0,
        "bw" : 0,
        "iops" : 0.000000,
        "runtime" : 0,
        "total_ios" : 0,
        "short_ios" : 0,
        "drop_ios" : 0,
        "slat_ns" : {
          "min" : 0,
          "max" : 0,
          "mean" : 0.000000,
          "stddev" : 0.000000,
          "N" : 0
        },
        "clat_ns" : {
          "min" : 0,
          "max" : 0,
          "mean" : 0.000000,
          "stddev" : 0.000000,
          "N" : 0
        },
        "lat_ns" : {
          "min" : 0,
          "max" : 0,
          "mean" : 0.000000,
          "stddev" : 0.000000,
          "N" : 0
        },
        "bw_min" : 0,
        "bw_max" : 0,
        "bw_agg" : 0.000000,
        "bw_mean" : 0.000000,
        "bw_dev" : 0.000000,
        "bw_samples" : 0,
        "iops_min" : 0,
        "iops_max" : 0,
        "iops_mean" : 0.000000,
        "iops_stddev" : 0.000000,
        "iops_samples" : 0
      },
      "sync" : {
        "total_ios" : 0,
        "lat_ns" : {
          "min" : 0,
          "max" : 0,
          "mean" : 0.000000,
          "stddev" : 0.000000,
          "N" : 0
        }
      },
      "job_runtime" : 10000,
      "usr_cpu" : 8.770000,
      "sys_cpu" : 31.750000,
      "ctx" : 117726,
      "majf" : 0,
      "minf" : 293,
      "iodepth_level" : {
        "1" : 100.000000,
        "2" : 0.000000,
        "4" : 0.000000,
        "8" : 0.000000,
        "16" : 0.000000,
        "32" : 0.000000,
        ">=64" : 0.000000
      },
      "iodepth_submit" : {
        "0" : 0.000000,
        "4" : 100.000000,
        "8" : 0.000000,
        "16" : 0.000000,
        "32" : 0.000000,
        "64" : 0.000000,
        ">=64" : 0.000000
      },
      "iodepth_complete" : {
        "0" : 0.000000,
        "4" : 100.000000,
        "8" : 0.000000,
        "16" : 0.000000,
        "32" : 0.000000,
        "64" : 0.000000,
        ">=64" : 0.000000
      },
      "latency_ns" : {
        "2" : 0.000000,
        "4" : 0.000000,
        "10" : 0.000000,
        "20" : 0.000000,
        "50" : 0.000000,
        "100" : 0.000000,
        "250" : 0.000000,
        "500" : 0.000000,
        "750" : 0.000000,
        "1000" : 0.000000
      },
      "latency_us" : {
        "2" : 0.000000,
        "4" : 0.000000,
        "10" : 0.000000,
        "20" : 0.000000,
        "50" : 0.089272,
        "100" : 88.957472,
        "250" : 10.919247,
        "500" : 0.021255,
        "750" : 0.010000,
        "1000" : 0.010000
      },
      "latency_ms" : {
        "2" : 0.010000,
        "4" : 0.010000,
        "10" : 0.010000,
        "20" : 0.000000,
        "50" : 0.010000,
        "100" : 0.000000,
        "250" : 0.000000,
        "500" : 0.000000,
        "750" : 0.000000,
        "1000" : 0.000000,
        "2000" : 0.000000,
        ">=2000" : 0.000000
      },
      "latency_depth" : 1,
      "latency_target" : 0,
      "latency_percentile" : 100.000000,
      "latency_window" : 0
    }
  ],
  "disk_util" : [
    {
      "name" : "sdb",
      "read_ios" : 1,
      "write_ios" : 330,
      "read_sectors" : 208,
      "write_sectors" : 43320,
      "read_merges" : 0,
      "write_merges" : 1425,
      "read_ticks" : 0,
      "write_ticks" : 265,
      "in_queue" : 272,
      "util" : 0.250225
    }
  ]
}
