{
  "fio version" : "fio-3.40",
  "timestamp" : 1758745660,
  "timestamp_ms" : 1758745660157,
  "time" : "Wed Sep 24 20:27:40 2025",
  "global options" : {
    "ioengine" : "librawstor",
    "filename" : "01997d68-e25e-7ec7-a2ca-90dfad8322f8"
  },
  "jobs" : [
    {
      "jobname" : "rawstor",
      "groupid" : 0,
      "job_start" : 1758745650010,
      "error" : 0,
      "eta" : 0,
      "elapsed" : 11,
      "job options" : {
        "name" : "rawstor",
        "iodepth" : "2",
        "rw" : "randrw",
        "bs" : "4k",
        "size" : "1G",
        "numjobs" : "1",
        "runtime" : "10",
        "time_based" : "",
        "group_reporting" : ""
      },
      "read" : {
        "io_bytes" : 7057178624,
        "io_kbytes" : 6891776,
        "bw_bytes" : 705647297,
        "bw" : 689108,
        "iops" : 172277.172283,
        "runtime" : 10001,
        "total_ios" : 1722944,
        "short_ios" : 0,
        "drop_ios" : 0,
        "slat_ns" : {
          "min" : 0,
          "max" : 0,
          "mean" : 0.000000,
          "stddev" : 0.000000,
          "N" : 1722944
        },
        "clat_ns" : {
          "min" : 104534594,
          "max" : 10104405095,
          "mean" : 5488692315.947618,
          "stddev" : 2743540537.011761,
          "N" : 1722944,
          "percentile" : {
            "1.000000" : 270532608,
            "5.000000" : 985661440,
            "10.000000" : 1669332992,
            "20.000000" : 2734686208,
            "30.000000" : 3707764736,
            "40.000000" : 4664066048,
            "50.000000" : 5536481280,
            "60.000000" : 6476005376,
            "70.000000" : 7415529472,
            "80.000000" : 8287944704,
            "90.000000" : 9193914368,
            "95.000000" : 9596567552,
            "99.000000" : 9999220736,
            "99.500000" : 9999220736,
            "99.900000" : 10133438464,
            "99.950000" : 10133438464,
            "99.990000" : 10133438464
          }
        },
        "lat_ns" : {
          "min" : 1673,
          "max" : 185478,
          "mean" : 2305.727522,
          "stddev" : 1206.347031,
          "N" : 1722944
        },
        "bw_min" : 379416,
        "bw_max" : 768336,
        "bw_agg" : 99.489095,
        "bw_mean" : 685588.210526,
        "bw_dev" : 120190.707731,
        "bw_samples" : 19,
        "iops_min" : 94854,
        "iops_max" : 192084,
        "iops_mean" : 171397.052632,
        "iops_stddev" : 30047.676933,
        "iops_samples" : 19
      },
      "write" : {
        "io_bytes" : 7050301440,
        "io_kbytes" : 6885060,
        "bw_bytes" : 704959648,
        "bw" : 688437,
        "iops" : 172109.289071,
        "runtime" : 10001,
        "total_ios" : 1721265,
        "short_ios" : 0,
        "drop_ios" : 0,
        "slat_ns" : {
          "min" : 0,
          "max" : 0,
          "mean" : 0.000000,
          "stddev" : 0.000000,
          "N" : 1721265
        },
        "clat_ns" : {
          "min" : 104573838,
          "max" : 10104416466,
          "mean" : 5489129287.013170,
          "stddev" : 2743522115.961357,
          "N" : 1721265,
          "percentile" : {
            "1.000000" : 270532608,
            "5.000000" : 985661440,
            "10.000000" : 1669332992,
            "20.000000" : 2734686208,
            "30.000000" : 3707764736,
            "40.000000" : 4664066048,
            "50.000000" : 5603590144,
            "60.000000" : 6476005376,
            "70.000000" : 7415529472,
            "80.000000" : 8287944704,
            "90.000000" : 9193914368,
            "95.000000" : 9596567552,
            "99.000000" : 9999220736,
            "99.500000" : 9999220736,
            "99.900000" : 10133438464,
            "99.950000" : 10133438464,
            "99.990000" : 10133438464
          }
        },
        "lat_ns" : {
          "min" : 4859,
          "max" : 194495,
          "mean" : 8780.537662,
          "stddev" : 4564.836145,
          "N" : 1721265
        },
        "bw_min" : 379760,
        "bw_max" : 767848,
        "bw_agg" : 99.495647,
        "bw_mean" : 684965.894737,
        "bw_dev" : 120123.367543,
        "bw_samples" : 19,
        "iops_min" : 94940,
        "iops_max" : 191962,
        "iops_mean" : 171241.473684,
        "iops_stddev" : 30030.841886,
        "iops_samples" : 19
      },
      "trim" : {
        "io_bytes" : 0,
        "io_kbytes" : 0,
        "bw_bytes" : 0,
        "bw" : 0,
        "iops" : 0.000000,
        "runtime" : 0,
        "total_ios" : 0,
        "short_ios" : 0,
        "drop_ios" : 0,
        "slat_ns" : {
          "min" : 0,
          "max" : 0,
          "mean" : 0.000000,
          "stddev" : 0.000000,
          "N" : 0
        },
        "clat_ns" : {
          "min" : 0,
          "max" : 0,
          "mean" : 0.000000,
          "stddev" : 0.000000,
          "N" : 0
        },
        "lat_ns" : {
          "min" : 0,
          "max" : 0,
          "mean" : 0.000000,
          "stddev" : 0.000000,
          "N" : 0
        },
        "bw_min" : 0,
        "bw_max" : 0,
        "bw_agg" : 0.000000,
        "bw_mean" : 0.000000,
        "bw_dev" : 0.000000,
        "bw_samples" : 0,
        "iops_min" : 0,
        "iops_max" : 0,
        "iops_mean" : 0.000000,
        "iops_stddev" : 0.000000,
        "iops_samples" : 0
      },
      "sync" : {
        "total_ios" : 0,
        "lat_ns" : {
          "min" : 0,
          "max" : 0,
          "mean" : 0.000000,
          "stddev" : 0.000000,
          "N" : 0
        }
      },
      "job_runtime" : 10000,
      "usr_cpu" : 28.810000,
      "sys_cpu" : 71.170000,
      "ctx" : 80,
      "majf" : 0,
      "minf" : 36,
      "iodepth_level" : {
        "1" : 0.100000,
        "2" : 99.999971,
        "4" : 0.000000,
        "8" : 0.000000,
        "16" : 0.000000,
        "32" : 0.000000,
        ">=64" : 0.000000
      },
      "iodepth_submit" : {
        "0" : 0.000000,
        "4" : 100.000000,
        "8" : 0.000000,
        "16" : 0.000000,
        "32" : 0.000000,
        "64" : 0.000000,
        ">=64" : 0.000000
      },
      "iodepth_complete" : {
        "0" : 0.000000,
        "4" : 100.000000,
        "8" : 0.000000,
        "16" : 0.000000,
        "32" : 0.000000,
        "64" : 0.000000,
        ">=64" : 0.000000
      },
      "latency_ns" : {
        "2" : 0.000000,
        "4" : 0.000000,
        "10" : 0.000000,
        "20" : 0.000000,
        "50" : 0.000000,
        "100" : 0.000000,
        "250" : 0.000000,
        "500" : 0.000000,
        "750" : 0.000000,
        "1000" : 0.000000
      },
      "latency_us" : {
        "2" : 0.000000,
        "4" : 0.000000,
        "10" : 0.000000,
        "20" : 0.000000,
        "50" : 0.000000,
        "100" : 0.000000,
        "250" : 0.000000,
        "500" : 0.000000,
        "750" : 0.000000,
        "1000" : 0.000000
      },
      "latency_ms" : {
        "2" : 0.000000,
        "4" : 0.000000,
        "10" : 0.000000,
        "20" : 0.000000,
        "50" : 0.000000,
        "100" : 0.000000,
        "250" : 0.882641,
        "500" : 1.474707,
        "750" : 1.389463,
        "1000" : 1.343705,
        "2000" : 7.943827,
        ">=2000" : 86.965657
      },
      "latency_depth" : 2,
      "latency_target" : 0,
      "latency_percentile" : 100.000000,
      "latency_window" : 0
    }
  ],
  "disk_util" : [
    {
      "name" : "sdb",
      "read_ios" : 1,
      "write_ios" : 35,
      "read_sectors" : 24,
      "write_sectors" : 6480,
      "read_merges" : 0,
      "write_merges" : 23,
      "read_ticks" : 0,
      "write_ticks" : 16,
      "in_queue" : 17,
      "util" : 0.010009
    }
  ]
}
