{
  "fio version" : "fio-3.40",
  "timestamp" : 1757717162,
  "timestamp_ms" : 1757717162044,
  "time" : "Fri Sep 12 22:46:02 2025",
  "global options" : {
    "ioengine" : "librawstor",
    "filename" : "0199401b-3f9e-78f4-9232-23a579e43574"
  },
  "jobs" : [
    {
      "jobname" : "rawstor",
      "groupid" : 0,
      "job_start" : 1757717151898,
      "error" : 0,
      "eta" : 0,
      "elapsed" : 11,
      "job options" : {
        "name" : "rawstor",
        "iodepth" : "2",
        "rw" : "randrw",
        "bs" : "4k",
        "size" : "1G",
        "numjobs" : "1",
        "runtime" : "10",
        "time_based" : "",
        "group_reporting" : ""
      },
      "read" : {
        "io_bytes" : 7106916352,
        "io_kbytes" : 6940348,
        "bw_bytes" : 710620573,
        "bw" : 693965,
        "iops" : 173491.350865,
        "runtime" : 10001,
        "total_ios" : 1735087,
        "short_ios" : 0,
        "drop_ios" : 0,
        "slat_ns" : {
          "min" : 0,
          "max" : 0,
          "mean" : 0.000000,
          "stddev" : 0.000000,
          "N" : 1735087
        },
        "clat_ns" : {
          "min" : 104760549,
          "max" : 10104633392,
          "mean" : 5473001973.029616,
          "stddev" : 2742880489.832034,
          "N" : 1735087,
          "percentile" : {
            "1.000000" : 274726912,
            "5.000000" : 977272832,
            "10.000000" : 1652555776,
            "20.000000" : 2701131776,
            "30.000000" : 3674210304,
            "40.000000" : 4596957184,
            "50.000000" : 5536481280,
            "60.000000" : 6476005376,
            "70.000000" : 7348420608,
            "80.000000" : 8287944704,
            "90.000000" : 9193914368,
            "95.000000" : 9596567552,
            "99.000000" : 9999220736,
            "99.500000" : 9999220736,
            "99.900000" : 10133438464,
            "99.950000" : 10133438464,
            "99.990000" : 10133438464
          }
        },
        "lat_ns" : {
          "min" : 1643,
          "max" : 106428,
          "mean" : 2305.400550,
          "stddev" : 1199.656607,
          "N" : 1735087
        },
        "bw_min" : 383640,
        "bw_max" : 767376,
        "bw_agg" : 99.515624,
        "bw_mean" : 690604.631579,
        "bw_dev" : 119663.429225,
        "bw_samples" : 19,
        "iops_min" : 95910,
        "iops_max" : 191844,
        "iops_mean" : 172651.157895,
        "iops_stddev" : 29915.857306,
        "iops_samples" : 19
      },
      "write" : {
        "io_bytes" : 7099838464,
        "io_kbytes" : 6933436,
        "bw_bytes" : 709912855,
        "bw" : 693274,
        "iops" : 173318.568143,
        "runtime" : 10001,
        "total_ios" : 1733359,
        "short_ios" : 0,
        "drop_ios" : 0,
        "slat_ns" : {
          "min" : 0,
          "max" : 0,
          "mean" : 0.000000,
          "stddev" : 0.000000,
          "N" : 1733359
        },
        "clat_ns" : {
          "min" : 104815993,
          "max" : 10104642038,
          "mean" : 5473330624.829354,
          "stddev" : 2742803583.054149,
          "N" : 1733359,
          "percentile" : {
            "1.000000" : 274726912,
            "5.000000" : 985661440,
            "10.000000" : 1669332992,
            "20.000000" : 2701131776,
            "30.000000" : 3674210304,
            "40.000000" : 4596957184,
            "50.000000" : 5536481280,
            "60.000000" : 6476005376,
            "70.000000" : 7348420608,
            "80.000000" : 8287944704,
            "90.000000" : 9193914368,
            "95.000000" : 9596567552,
            "99.000000" : 9999220736,
            "99.500000" : 9999220736,
            "99.900000" : 10133438464,
            "99.950000" : 10133438464,
            "99.990000" : 10133438464
          }
        },
        "lat_ns" : {
          "min" : 4689,
          "max" : 131054,
          "mean" : 8677.868211,
          "stddev" : 4558.068015,
          "N" : 1733359
        },
        "bw_min" : 384016,
        "bw_max" : 768112,
        "bw_agg" : 99.528574,
        "bw_mean" : 690006.736842,
        "bw_dev" : 119553.377201,
        "bw_samples" : 19,
        "iops_min" : 96004,
        "iops_max" : 192028,
        "iops_mean" : 172501.684211,
        "iops_stddev" : 29888.344300,
        "iops_samples" : 19
      },
      "trim" : {
        "io_bytes" : 0,
        "io_kbytes" : 0,
        "bw_bytes" : 0,
        "bw" : 0,
        "iops" : 0.000000,
        "runtime" : 0,
        "total_ios" : 0,
        "short_ios" : 0,
        "drop_ios" : 0,
        "slat_ns" : {
          "min" : 0,
          "max" : 0,
          "mean" : 0.000000,
          "stddev" : 0.000000,
          "N" : 0
        },
        "clat_ns" : {
          "min" : 0,
          "max" : 0,
          "mean" : 0.000000,
          "stddev" : 0.000000,
          "N" : 0
        },
        "lat_ns" : {
          "min" : 0,
          "max" : 0,
          "mean" : 0.000000,
          "stddev" : 0.000000,
          "N" : 0
        },
        "bw_min" : 0,
        "bw_max" : 0,
        "bw_agg" : 0.000000,
        "bw_mean" : 0.000000,
        "bw_dev" : 0.000000,
        "bw_samples" : 0,
        "iops_min" : 0,
        "iops_max" : 0,
        "iops_mean" : 0.000000,
        "iops_stddev" : 0.000000,
        "iops_samples" : 0
      },
      "sync" : {
        "total_ios" : 0,
        "lat_ns" : {
          "min" : 0,
          "max" : 0,
          "mean" : 0.000000,
          "stddev" : 0.000000,
          "N" : 0
        }
      },
      "job_runtime" : 10000,
      "usr_cpu" : 26.760000,
      "sys_cpu" : 73.220000,
      "ctx" : 55,
      "majf" : 0,
      "minf" : 27,
      "iodepth_level" : {
        "1" : 0.100000,
        "2" : 99.999971,
        "4" : 0.000000,
        "8" : 0.000000,
        "16" : 0.000000,
        "32" : 0.000000,
        ">=64" : 0.000000
      },
      "iodepth_submit" : {
        "0" : 0.000000,
        "4" : 100.000000,
        "8" : 0.000000,
        "16" : 0.000000,
        "32" : 0.000000,
        "64" : 0.000000,
        ">=64" : 0.000000
      },
      "iodepth_complete" : {
        "0" : 0.000000,
        "4" : 100.000000,
        "8" : 0.000000,
        "16" : 0.000000,
        "32" : 0.000000,
        "64" : 0.000000,
        ">=64" : 0.000000
      },
      "latency_ns" : {
        "2" : 0.000000,
        "4" : 0.000000,
        "10" : 0.000000,
        "20" : 0.000000,
        "50" : 0.000000,
        "100" : 0.000000,
        "250" : 0.000000,
        "500" : 0.000000,
        "750" : 0.000000,
        "1000" : 0.000000
      },
      "latency_us" : {
        "2" : 0.000000,
        "4" : 0.000000,
        "10" : 0.000000,
        "20" : 0.000000,
        "50" : 0.000000,
        "100" : 0.000000,
        "250" : 0.000000,
        "500" : 0.000000,
        "750" : 0.000000,
        "1000" : 0.000000
      },
      "latency_ms" : {
        "2" : 0.000000,
        "4" : 0.000000,
        "10" : 0.000000,
        "20" : 0.000000,
        "50" : 0.000000,
        "100" : 0.000000,
        "250" : 0.856954,
        "500" : 1.492196,
        "750" : 1.394083,
        "1000" : 1.364646,
        "2000" : 7.963941,
        ">=2000" : 86.928181
      },
      "latency_depth" : 2,
      "latency_target" : 0,
      "latency_percentile" : 100.000000,
      "latency_window" : 0
    }
  ],
  "disk_util" : [
    {
      "name" : "sdb",
      "read_ios" : 0,
      "write_ios" : 404,
      "read_sectors" : 0,
      "write_sectors" : 107096,
      "read_merges" : 0,
      "write_merges" : 1213,
      "read_ticks" : 0,
      "write_ticks" : 656,
      "in_queue" : 656,
      "util" : 0.200180
    }
  ]
}
