{
  "fio version" : "fio-3.40",
  "timestamp" : 1758535052,
  "timestamp_ms" : 1758535052538,
  "time" : "Mon Sep 22 09:57:32 2025",
  "global options" : {
    "ioengine" : "librawstor",
    "filename" : "019970db-445c-7521-89f6-4a5eef9ee4dc"
  },
  "jobs" : [
    {
      "jobname" : "rawstor",
      "groupid" : 0,
      "job_start" : 1758535042398,
      "error" : 0,
      "eta" : 0,
      "elapsed" : 11,
      "job options" : {
        "name" : "rawstor",
        "iodepth" : "2",
        "rw" : "randrw",
        "bs" : "4k",
        "size" : "1G",
        "numjobs" : "1",
        "runtime" : "10",
        "time_based" : "",
        "group_reporting" : ""
      },
      "read" : {
        "io_bytes" : 7207280640,
        "io_kbytes" : 7038360,
        "bw_bytes" : 720655998,
        "bw" : 703765,
        "iops" : 175941.405859,
        "runtime" : 10001,
        "total_ios" : 1759590,
        "short_ios" : 0,
        "drop_ios" : 0,
        "slat_ns" : {
          "min" : 0,
          "max" : 0,
          "mean" : 0.000000,
          "stddev" : 0.000000,
          "N" : 1759590
        },
        "clat_ns" : {
          "min" : 110902806,
          "max" : 10110723297,
          "mean" : 5485679164.031524,
          "stddev" : 2738267777.171921,
          "N" : 1759590,
          "percentile" : {
            "1.000000" : 278921216,
            "5.000000" : 1002438656,
            "10.000000" : 1669332992,
            "20.000000" : 2734686208,
            "30.000000" : 3707764736,
            "40.000000" : 4664066048,
            "50.000000" : 5536481280,
            "60.000000" : 6476005376,
            "70.000000" : 7415529472,
            "80.000000" : 8287944704,
            "90.000000" : 9193914368,
            "95.000000" : 9596567552,
            "99.000000" : 9999220736,
            "99.500000" : 9999220736,
            "99.900000" : 10133438464,
            "99.950000" : 10133438464,
            "99.990000" : 10133438464
          }
        },
        "lat_ns" : {
          "min" : 1603,
          "max" : 113272,
          "mean" : 2257.396339,
          "stddev" : 1191.985989,
          "N" : 1759590
        },
        "bw_min" : 386560,
        "bw_max" : 776624,
        "bw_agg" : 100.000000,
        "bw_mean" : 703836.000000,
        "bw_dev" : 120678.716627,
        "bw_samples" : 20,
        "iops_min" : 96640,
        "iops_max" : 194156,
        "iops_mean" : 175959.000000,
        "iops_stddev" : 30169.679157,
        "iops_samples" : 20
      },
      "write" : {
        "io_bytes" : 7199977472,
        "io_kbytes" : 7031228,
        "bw_bytes" : 719925754,
        "bw" : 703052,
        "iops" : 175763.123688,
        "runtime" : 10001,
        "total_ios" : 1757807,
        "short_ios" : 0,
        "drop_ios" : 0,
        "slat_ns" : {
          "min" : 0,
          "max" : 0,
          "mean" : 0.000000,
          "stddev" : 0.000000,
          "N" : 1757807
        },
        "clat_ns" : {
          "min" : 110946768,
          "max" : 10110728907,
          "mean" : 5485919073.340803,
          "stddev" : 2738142688.461685,
          "N" : 1757807,
          "percentile" : {
            "1.000000" : 278921216,
            "5.000000" : 1002438656,
            "10.000000" : 1669332992,
            "20.000000" : 2734686208,
            "30.000000" : 3707764736,
            "40.000000" : 4664066048,
            "50.000000" : 5536481280,
            "60.000000" : 6476005376,
            "70.000000" : 7415529472,
            "80.000000" : 8287944704,
            "90.000000" : 9193914368,
            "95.000000" : 9596567552,
            "99.000000" : 9999220736,
            "99.500000" : 9999220736,
            "99.900000" : 10133438464,
            "99.950000" : 10133438464,
            "99.990000" : 10133438464
          }
        },
        "lat_ns" : {
          "min" : 4719,
          "max" : 157545,
          "mean" : 8580.058505,
          "stddev" : 4468.996243,
          "N" : 1757807
        },
        "bw_min" : 387648,
        "bw_max" : 777368,
        "bw_agg" : 100.000000,
        "bw_mean" : 703122.800000,
        "bw_dev" : 120494.553039,
        "bw_samples" : 20,
        "iops_min" : 96912,
        "iops_max" : 194342,
        "iops_mean" : 175780.700000,
        "iops_stddev" : 30123.640622,
        "iops_samples" : 20
      },
      "trim" : {
        "io_bytes" : 0,
        "io_kbytes" : 0,
        "bw_bytes" : 0,
        "bw" : 0,
        "iops" : 0.000000,
        "runtime" : 0,
        "total_ios" : 0,
        "short_ios" : 0,
        "drop_ios" : 0,
        "slat_ns" : {
          "min" : 0,
          "max" : 0,
          "mean" : 0.000000,
          "stddev" : 0.000000,
          "N" : 0
        },
        "clat_ns" : {
          "min" : 0,
          "max" : 0,
          "mean" : 0.000000,
          "stddev" : 0.000000,
          "N" : 0
        },
        "lat_ns" : {
          "min" : 0,
          "max" : 0,
          "mean" : 0.000000,
          "stddev" : 0.000000,
          "N" : 0
        },
        "bw_min" : 0,
        "bw_max" : 0,
        "bw_agg" : 0.000000,
        "bw_mean" : 0.000000,
        "bw_dev" : 0.000000,
        "bw_samples" : 0,
        "iops_min" : 0,
        "iops_max" : 0,
        "iops_mean" : 0.000000,
        "iops_stddev" : 0.000000,
        "iops_samples" : 0
      },
      "sync" : {
        "total_ios" : 0,
        "lat_ns" : {
          "min" : 0,
          "max" : 0,
          "mean" : 0.000000,
          "stddev" : 0.000000,
          "N" : 0
        }
      },
      "job_runtime" : 10000,
      "usr_cpu" : 27.980000,
      "sys_cpu" : 71.990000,
      "ctx" : 76,
      "majf" : 0,
      "minf" : 35,
      "iodepth_level" : {
        "1" : 0.100000,
        "2" : 99.999972,
        "4" : 0.000000,
        "8" : 0.000000,
        "16" : 0.000000,
        "32" : 0.000000,
        ">=64" : 0.000000
      },
      "iodepth_submit" : {
        "0" : 0.000000,
        "4" : 100.000000,
        "8" : 0.000000,
        "16" : 0.000000,
        "32" : 0.000000,
        "64" : 0.000000,
        ">=64" : 0.000000
      },
      "iodepth_complete" : {
        "0" : 0.000000,
        "4" : 100.000000,
        "8" : 0.000000,
        "16" : 0.000000,
        "32" : 0.000000,
        "64" : 0.000000,
        ">=64" : 0.000000
      },
      "latency_ns" : {
        "2" : 0.000000,
        "4" : 0.000000,
        "10" : 0.000000,
        "20" : 0.000000,
        "50" : 0.000000,
        "100" : 0.000000,
        "250" : 0.000000,
        "500" : 0.000000,
        "750" : 0.000000,
        "1000" : 0.000000
      },
      "latency_us" : {
        "2" : 0.000000,
        "4" : 0.000000,
        "10" : 0.000000,
        "20" : 0.000000,
        "50" : 0.000000,
        "100" : 0.000000,
        "250" : 0.000000,
        "500" : 0.000000,
        "750" : 0.000000,
        "1000" : 0.000000
      },
      "latency_ms" : {
        "2" : 0.000000,
        "4" : 0.000000,
        "10" : 0.000000,
        "20" : 0.000000,
        "50" : 0.000000,
        "100" : 0.000000,
        "250" : 0.823194,
        "500" : 1.458351,
        "750" : 1.370730,
        "1000" : 1.349578,
        "2000" : 7.928818,
        ">=2000" : 87.069330
      },
      "latency_depth" : 2,
      "latency_target" : 0,
      "latency_percentile" : 100.000000,
      "latency_window" : 0
    }
  ],
  "disk_util" : [
    {
      "name" : "sda",
      "read_ios" : 1,
      "write_ios" : 19,
      "read_sectors" : 24,
      "write_sectors" : 240,
      "read_merges" : 0,
      "write_merges" : 1,
      "read_ticks" : 0,
      "write_ticks" : 8,
      "in_queue" : 8,
      "util" : 0.020030
    }
  ]
}
