{
  "fio version" : "fio-3.40",
  "timestamp" : 1757448056,
  "timestamp_ms" : 1757448056965,
  "time" : "Tue Sep  9 20:00:56 2025",
  "global options" : {
    "ioengine" : "librawstor",
    "filename" : "01993011-07e6-7e8f-9c57-3982cc56e7a4"
  },
  "jobs" : [
    {
      "jobname" : "rawstor",
      "groupid" : 0,
      "job_start" : 1757448046825,
      "error" : 0,
      "eta" : 0,
      "elapsed" : 11,
      "job options" : {
        "name" : "rawstor",
        "iodepth" : "2",
        "rw" : "randrw",
        "bs" : "4k",
        "size" : "1G",
        "numjobs" : "1",
        "runtime" : "10",
        "time_based" : "",
        "group_reporting" : ""
      },
      "read" : {
        "io_bytes" : 6952038400,
        "io_kbytes" : 6789100,
        "bw_bytes" : 695134326,
        "bw" : 678842,
        "iops" : 169710.528947,
        "runtime" : 10001,
        "total_ios" : 1697275,
        "short_ios" : 0,
        "drop_ios" : 0,
        "slat_ns" : {
          "min" : 0,
          "max" : 0,
          "mean" : 0.000000,
          "stddev" : 0.000000,
          "N" : 1697275
        },
        "clat_ns" : {
          "min" : 111256738,
          "max" : 10111120401,
          "mean" : 5509869906.466728,
          "stddev" : 2729719120.293414,
          "N" : 1697275,
          "percentile" : {
            "1.000000" : 274726912,
            "5.000000" : 994050048,
            "10.000000" : 1686110208,
            "20.000000" : 2768240640,
            "30.000000" : 3741319168,
            "40.000000" : 4664066048,
            "50.000000" : 5603590144,
            "60.000000" : 6476005376,
            "70.000000" : 7415529472,
            "80.000000" : 8287944704,
            "90.000000" : 9193914368,
            "95.000000" : 9596567552,
            "99.000000" : 9999220736,
            "99.500000" : 10133438464,
            "99.900000" : 10133438464,
            "99.950000" : 10133438464,
            "99.990000" : 10133438464
          }
        },
        "lat_ns" : {
          "min" : 1612,
          "max" : 140533,
          "mean" : 2342.054158,
          "stddev" : 1292.750544,
          "N" : 1697275
        },
        "bw_min" : 370528,
        "bw_max" : 758136,
        "bw_agg" : 100.000000,
        "bw_mean" : 678910.000000,
        "bw_dev" : 121498.792949,
        "bw_samples" : 20,
        "iops_min" : 92632,
        "iops_max" : 189534,
        "iops_mean" : 169727.500000,
        "iops_stddev" : 30374.695978,
        "iops_samples" : 20
      },
      "write" : {
        "io_bytes" : 6946725888,
        "io_kbytes" : 6783912,
        "bw_bytes" : 694603128,
        "bw" : 678323,
        "iops" : 169580.841916,
        "runtime" : 10001,
        "total_ios" : 1695978,
        "short_ios" : 0,
        "drop_ios" : 0,
        "slat_ns" : {
          "min" : 0,
          "max" : 0,
          "mean" : 0.000000,
          "stddev" : 0.000000,
          "N" : 1695978
        },
        "clat_ns" : {
          "min" : 111304898,
          "max" : 10111126242,
          "mean" : 5511295551.905474,
          "stddev" : 2730274062.582369,
          "N" : 1695978,
          "percentile" : {
            "1.000000" : 274726912,
            "5.000000" : 1002438656,
            "10.000000" : 1686110208,
            "20.000000" : 2768240640,
            "30.000000" : 3741319168,
            "40.000000" : 4664066048,
            "50.000000" : 5603590144,
            "60.000000" : 6476005376,
            "70.000000" : 7415529472,
            "80.000000" : 8287944704,
            "90.000000" : 9193914368,
            "95.000000" : 9596567552,
            "99.000000" : 9999220736,
            "99.500000" : 10133438464,
            "99.900000" : 10133438464,
            "99.950000" : 10133438464,
            "99.990000" : 10133438464
          }
        },
        "lat_ns" : {
          "min" : 4648,
          "max" : 185847,
          "mean" : 8904.862629,
          "stddev" : 4722.258302,
          "N" : 1695978
        },
        "bw_min" : 371168,
        "bw_max" : 756920,
        "bw_agg" : 100.000000,
        "bw_mean" : 678391.200000,
        "bw_dev" : 121389.398789,
        "bw_samples" : 20,
        "iops_min" : 92792,
        "iops_max" : 189230,
        "iops_mean" : 169597.800000,
        "iops_stddev" : 30347.349697,
        "iops_samples" : 20
      },
      "trim" : {
        "io_bytes" : 0,
        "io_kbytes" : 0,
        "bw_bytes" : 0,
        "bw" : 0,
        "iops" : 0.000000,
        "runtime" : 0,
        "total_ios" : 0,
        "short_ios" : 0,
        "drop_ios" : 0,
        "slat_ns" : {
          "min" : 0,
          "max" : 0,
          "mean" : 0.000000,
          "stddev" : 0.000000,
          "N" : 0
        },
        "clat_ns" : {
          "min" : 0,
          "max" : 0,
          "mean" : 0.000000,
          "stddev" : 0.000000,
          "N" : 0
        },
        "lat_ns" : {
          "min" : 0,
          "max" : 0,
          "mean" : 0.000000,
          "stddev" : 0.000000,
          "N" : 0
        },
        "bw_min" : 0,
        "bw_max" : 0,
        "bw_agg" : 0.000000,
        "bw_mean" : 0.000000,
        "bw_dev" : 0.000000,
        "bw_samples" : 0,
        "iops_min" : 0,
        "iops_max" : 0,
        "iops_mean" : 0.000000,
        "iops_stddev" : 0.000000,
        "iops_samples" : 0
      },
      "sync" : {
        "total_ios" : 0,
        "lat_ns" : {
          "min" : 0,
          "max" : 0,
          "mean" : 0.000000,
          "stddev" : 0.000000,
          "N" : 0
        }
      },
      "job_runtime" : 10000,
      "usr_cpu" : 27.160000,
      "sys_cpu" : 72.820000,
      "ctx" : 62,
      "majf" : 0,
      "minf" : 24,
      "iodepth_level" : {
        "1" : 0.100000,
        "2" : 99.999971,
        "4" : 0.000000,
        "8" : 0.000000,
        "16" : 0.000000,
        "32" : 0.000000,
        ">=64" : 0.000000
      },
      "iodepth_submit" : {
        "0" : 0.000000,
        "4" : 100.000000,
        "8" : 0.000000,
        "16" : 0.000000,
        "32" : 0.000000,
        "64" : 0.000000,
        ">=64" : 0.000000
      },
      "iodepth_complete" : {
        "0" : 0.000000,
        "4" : 100.000000,
        "8" : 0.000000,
        "16" : 0.000000,
        "32" : 0.000000,
        "64" : 0.000000,
        ">=64" : 0.000000
      },
      "latency_ns" : {
        "2" : 0.000000,
        "4" : 0.000000,
        "10" : 0.000000,
        "20" : 0.000000,
        "50" : 0.000000,
        "100" : 0.000000,
        "250" : 0.000000,
        "500" : 0.000000,
        "750" : 0.000000,
        "1000" : 0.000000
      },
      "latency_us" : {
        "2" : 0.000000,
        "4" : 0.000000,
        "10" : 0.000000,
        "20" : 0.000000,
        "50" : 0.000000,
        "100" : 0.000000,
        "250" : 0.000000,
        "500" : 0.000000,
        "750" : 0.000000,
        "1000" : 0.000000
      },
      "latency_ms" : {
        "2" : 0.000000,
        "4" : 0.000000,
        "10" : 0.000000,
        "20" : 0.000000,
        "50" : 0.000000,
        "100" : 0.000000,
        "250" : 0.845325,
        "500" : 1.458748,
        "750" : 1.365091,
        "1000" : 1.348234,
        "2000" : 7.636477,
        ">=2000" : 87.346125
      },
      "latency_depth" : 2,
      "latency_target" : 0,
      "latency_percentile" : 100.000000,
      "latency_window" : 0
    }
  ],
  "disk_util" : [
    {
      "name" : "sda",
      "read_ios" : 0,
      "write_ios" : 13,
      "read_sectors" : 0,
      "write_sectors" : 6184,
      "read_merges" : 0,
      "write_merges" : 19,
      "read_ticks" : 0,
      "write_ticks" : 10,
      "in_queue" : 10,
      "util" : 0.000000
    }
  ]
}
