{
  "fio version" : "fio-3.40",
  "timestamp" : 1767528657,
  "timestamp_ms" : 1767528657300,
  "time" : "Sun Jan  4 12:10:57 2026",
  "global options" : {
    "ioengine" : "librawstor",
    "filename" : "file:///tmp/objects/019b88ea-c8f4-7a43-ad4c-9986200cf93e"
  },
  "jobs" : [
    {
      "jobname" : "rawstor",
      "groupid" : 0,
      "job_start" : 1767528647153,
      "error" : 0,
      "eta" : 0,
      "elapsed" : 11,
      "job options" : {
        "name" : "rawstor",
        "iodepth" : "2",
        "rw" : "randrw",
        "bs" : "4k",
        "size" : "1G",
        "numjobs" : "1",
        "runtime" : "10",
        "time_based" : "",
        "group_reporting" : ""
      },
      "read" : {
        "io_bytes" : 2861596672,
        "io_kbytes" : 2794528,
        "bw_bytes" : 286131054,
        "bw" : 279424,
        "iops" : 69856.214379,
        "runtime" : 10001,
        "total_ios" : 698632,
        "short_ios" : 0,
        "drop_ios" : 0,
        "slat_ns" : {
          "min" : 0,
          "max" : 0,
          "mean" : 0.000000,
          "stddev" : 0.000000,
          "N" : 698632
        },
        "clat_ns" : {
          "min" : 105080513,
          "max" : 10104818237,
          "mean" : 5370727327.833658,
          "stddev" : 2842413937.794858,
          "N" : 698632,
          "percentile" : {
            "1.000000" : 217055232,
            "5.000000" : 742391808,
            "10.000000" : 1317011456,
            "20.000000" : 2466250752,
            "30.000000" : 3472883712,
            "40.000000" : 4529848320,
            "50.000000" : 5469372416,
            "60.000000" : 6408896512,
            "70.000000" : 7415529472,
            "80.000000" : 8287944704,
            "90.000000" : 9193914368,
            "95.000000" : 9730785280,
            "99.000000" : 9999220736,
            "99.500000" : 9999220736,
            "99.900000" : 10133438464,
            "99.950000" : 10133438464,
            "99.990000" : 10133438464
          }
        },
        "lat_ns" : {
          "min" : 1433,
          "max" : 144069,
          "mean" : 5308.073183,
          "stddev" : 3647.035911,
          "N" : 698632
        },
        "bw_min" : 226688,
        "bw_max" : 319144,
        "bw_agg" : 99.222740,
        "bw_mean" : 277253.894737,
        "bw_dev" : 28016.448228,
        "bw_samples" : 19,
        "iops_min" : 56672,
        "iops_max" : 79786,
        "iops_mean" : 69313.473684,
        "iops_stddev" : 7004.112057,
        "iops_samples" : 19
      },
      "write" : {
        "io_bytes" : 2856886272,
        "io_kbytes" : 2789928,
        "bw_bytes" : 285660061,
        "bw" : 278964,
        "iops" : 69741.225877,
        "runtime" : 10001,
        "total_ios" : 697482,
        "short_ios" : 0,
        "drop_ios" : 0,
        "slat_ns" : {
          "min" : 0,
          "max" : 0,
          "mean" : 0.000000,
          "stddev" : 0.000000,
          "N" : 697482
        },
        "clat_ns" : {
          "min" : 105190860,
          "max" : 10104872278,
          "mean" : 5367810461.535853,
          "stddev" : 2841229099.933155,
          "N" : 697482,
          "percentile" : {
            "1.000000" : 214958080,
            "5.000000" : 734003200,
            "10.000000" : 1317011456,
            "20.000000" : 2466250752,
            "30.000000" : 3472883712,
            "40.000000" : 4462739456,
            "50.000000" : 5469372416,
            "60.000000" : 6408896512,
            "70.000000" : 7415529472,
            "80.000000" : 8287944704,
            "90.000000" : 9193914368,
            "95.000000" : 9730785280,
            "99.000000" : 9999220736,
            "99.500000" : 9999220736,
            "99.900000" : 10133438464,
            "99.950000" : 10133438464,
            "99.990000" : 10133438464
          }
        },
        "lat_ns" : {
          "min" : 3186,
          "max" : 822937,
          "mean" : 22373.900481,
          "stddev" : 6915.954156,
          "N" : 697482
        },
        "bw_min" : 226776,
        "bw_max" : 318240,
        "bw_agg" : 99.285966,
        "bw_mean" : 276973.052632,
        "bw_dev" : 27977.588391,
        "bw_samples" : 19,
        "iops_min" : 56694,
        "iops_max" : 79560,
        "iops_mean" : 69243.263158,
        "iops_stddev" : 6994.397098,
        "iops_samples" : 19
      },
      "trim" : {
        "io_bytes" : 0,
        "io_kbytes" : 0,
        "bw_bytes" : 0,
        "bw" : 0,
        "iops" : 0.000000,
        "runtime" : 0,
        "total_ios" : 0,
        "short_ios" : 0,
        "drop_ios" : 0,
        "slat_ns" : {
          "min" : 0,
          "max" : 0,
          "mean" : 0.000000,
          "stddev" : 0.000000,
          "N" : 0
        },
        "clat_ns" : {
          "min" : 0,
          "max" : 0,
          "mean" : 0.000000,
          "stddev" : 0.000000,
          "N" : 0
        },
        "lat_ns" : {
          "min" : 0,
          "max" : 0,
          "mean" : 0.000000,
          "stddev" : 0.000000,
          "N" : 0
        },
        "bw_min" : 0,
        "bw_max" : 0,
        "bw_agg" : 0.000000,
        "bw_mean" : 0.000000,
        "bw_dev" : 0.000000,
        "bw_samples" : 0,
        "iops_min" : 0,
        "iops_max" : 0,
        "iops_mean" : 0.000000,
        "iops_stddev" : 0.000000,
        "iops_samples" : 0
      },
      "sync" : {
        "total_ios" : 0,
        "lat_ns" : {
          "min" : 0,
          "max" : 0,
          "mean" : 0.000000,
          "stddev" : 0.000000,
          "N" : 0
        }
      },
      "job_runtime" : 10000,
      "usr_cpu" : 19.560000,
      "sys_cpu" : 49.330000,
      "ctx" : 285536,
      "majf" : 0,
      "minf" : 23,
      "iodepth_level" : {
        "1" : 0.100000,
        "2" : 99.999928,
        "4" : 0.000000,
        "8" : 0.000000,
        "16" : 0.000000,
        "32" : 0.000000,
        ">=64" : 0.000000
      },
      "iodepth_submit" : {
        "0" : 0.000000,
        "4" : 100.000000,
        "8" : 0.000000,
        "16" : 0.000000,
        "32" : 0.000000,
        "64" : 0.000000,
        ">=64" : 0.000000
      },
      "iodepth_complete" : {
        "0" : 0.000000,
        "4" : 100.000000,
        "8" : 0.000000,
        "16" : 0.000000,
        "32" : 0.000000,
        "64" : 0.000000,
        ">=64" : 0.000000
      },
      "latency_ns" : {
        "2" : 0.000000,
        "4" : 0.000000,
        "10" : 0.000000,
        "20" : 0.000000,
        "50" : 0.000000,
        "100" : 0.000000,
        "250" : 0.000000,
        "500" : 0.000000,
        "750" : 0.000000,
        "1000" : 0.000000
      },
      "latency_us" : {
        "2" : 0.000000,
        "4" : 0.000000,
        "10" : 0.000000,
        "20" : 0.000000,
        "50" : 0.000000,
        "100" : 0.000000,
        "250" : 0.000000,
        "500" : 0.000000,
        "750" : 0.000000,
        "1000" : 0.000000
      },
      "latency_ms" : {
        "2" : 0.000000,
        "4" : 0.000000,
        "10" : 0.000000,
        "20" : 0.000000,
        "50" : 0.000000,
        "100" : 0.000000,
        "250" : 1.285353,
        "500" : 1.931218,
        "750" : 1.875635,
        "1000" : 2.180481,
        "2000" : 8.631100,
        ">=2000" : 84.096213
      },
      "latency_depth" : 2,
      "latency_target" : 0,
      "latency_percentile" : 100.000000,
      "latency_window" : 0
    }
  ],
  "disk_util" : [
    {
      "name" : "sdb",
      "read_ios" : 0,
      "write_ios" : 21,
      "read_sectors" : 0,
      "write_sectors" : 2520,
      "read_merges" : 0,
      "write_merges" : 48,
      "read_ticks" : 0,
      "write_ticks" : 12,
      "in_queue" : 12,
      "util" : 0.010008
    }
  ]
}
