{
  "fio version" : "fio-3.40",
  "timestamp" : 1758438478,
  "timestamp_ms" : 1758438478431,
  "time" : "Sun Sep 21 07:07:58 2025",
  "global options" : {
    "ioengine" : "librawstor",
    "filename" : "01988675-e1e5-7788-9ed4-2f2d30910d23"
  },
  "jobs" : [
    {
      "jobname" : "rawstor",
      "groupid" : 0,
      "job_start" : 1758438468293,
      "error" : 0,
      "eta" : 0,
      "elapsed" : 11,
      "job options" : {
        "name" : "rawstor",
        "iodepth" : "2",
        "rw" : "randrw",
        "bs" : "4k",
        "size" : "1G",
        "numjobs" : "1",
        "runtime" : "10",
        "time_based" : "",
        "group_reporting" : ""
      },
      "read" : {
        "io_bytes" : 405569536,
        "io_kbytes" : 396064,
        "bw_bytes" : 40552898,
        "bw" : 39602,
        "iops" : 9900.609939,
        "runtime" : 10001,
        "total_ios" : 99016,
        "short_ios" : 0,
        "drop_ios" : 0,
        "slat_ns" : {
          "min" : 0,
          "max" : 0,
          "mean" : 0.000000,
          "stddev" : 0.000000,
          "N" : 99016
        },
        "clat_ns" : {
          "min" : 114063726,
          "max" : 10112336610,
          "mean" : 5037535961.483703,
          "stddev" : 2900451143.885682,
          "N" : 99016,
          "percentile" : {
            "1.000000" : 221249536,
            "5.000000" : 574619648,
            "10.000000" : 1010827264,
            "20.000000" : 2038431744,
            "30.000000" : 3003121664,
            "40.000000" : 4009754624,
            "50.000000" : 4999610368,
            "60.000000" : 6006243328,
            "70.000000" : 7012876288,
            "80.000000" : 8019509248,
            "90.000000" : 9059696640,
            "95.000000" : 9596567552,
            "99.000000" : 9999220736,
            "99.500000" : 9999220736,
            "99.900000" : 10133438464,
            "99.950000" : 10133438464,
            "99.990000" : 10133438464
          }
        },
        "lat_ns" : {
          "min" : 31198,
          "max" : 38468181,
          "mean" : 95441.874636,
          "stddev" : 424941.847401,
          "N" : 99016
        },
        "bw_min" : 36040,
        "bw_max" : 43984,
        "bw_agg" : 100.000000,
        "bw_mean" : 39736.000000,
        "bw_dev" : 1910.749940,
        "bw_samples" : 19,
        "iops_min" : 9010,
        "iops_max" : 10996,
        "iops_mean" : 9934.000000,
        "iops_stddev" : 477.687485,
        "iops_samples" : 19
      },
      "write" : {
        "io_bytes" : 404983808,
        "io_kbytes" : 395492,
        "bw_bytes" : 40494331,
        "bw" : 39545,
        "iops" : 9886.311369,
        "runtime" : 10001,
        "total_ios" : 98873,
        "short_ios" : 0,
        "drop_ios" : 0,
        "slat_ns" : {
          "min" : 0,
          "max" : 0,
          "mean" : 0.000000,
          "stddev" : 0.000000,
          "N" : 98873
        },
        "clat_ns" : {
          "min" : 114291878,
          "max" : 10112541203,
          "mean" : 5048135117.171519,
          "stddev" : 2909965302.938918,
          "N" : 98873,
          "percentile" : {
            "1.000000" : 217055232,
            "5.000000" : 574619648,
            "10.000000" : 1019215872,
            "20.000000" : 2021654528,
            "30.000000" : 3003121664,
            "40.000000" : 4009754624,
            "50.000000" : 5066719232,
            "60.000000" : 6073352192,
            "70.000000" : 7079985152,
            "80.000000" : 8086618112,
            "90.000000" : 9059696640,
            "95.000000" : 9596567552,
            "99.000000" : 9999220736,
            "99.500000" : 10133438464,
            "99.900000" : 10133438464,
            "99.950000" : 10133438464,
            "99.990000" : 10133438464
          }
        },
        "lat_ns" : {
          "min" : 47738,
          "max" : 38503797,
          "mean" : 104192.352381,
          "stddev" : 282093.937113,
          "N" : 98873
        },
        "bw_min" : 36664,
        "bw_max" : 43776,
        "bw_agg" : 100.000000,
        "bw_mean" : 39608.000000,
        "bw_dev" : 2094.594949,
        "bw_samples" : 19,
        "iops_min" : 9166,
        "iops_max" : 10944,
        "iops_mean" : 9902.000000,
        "iops_stddev" : 523.648737,
        "iops_samples" : 19
      },
      "trim" : {
        "io_bytes" : 0,
        "io_kbytes" : 0,
        "bw_bytes" : 0,
        "bw" : 0,
        "iops" : 0.000000,
        "runtime" : 0,
        "total_ios" : 0,
        "short_ios" : 0,
        "drop_ios" : 0,
        "slat_ns" : {
          "min" : 0,
          "max" : 0,
          "mean" : 0.000000,
          "stddev" : 0.000000,
          "N" : 0
        },
        "clat_ns" : {
          "min" : 0,
          "max" : 0,
          "mean" : 0.000000,
          "stddev" : 0.000000,
          "N" : 0
        },
        "lat_ns" : {
          "min" : 0,
          "max" : 0,
          "mean" : 0.000000,
          "stddev" : 0.000000,
          "N" : 0
        },
        "bw_min" : 0,
        "bw_max" : 0,
        "bw_agg" : 0.000000,
        "bw_mean" : 0.000000,
        "bw_dev" : 0.000000,
        "bw_samples" : 0,
        "iops_min" : 0,
        "iops_max" : 0,
        "iops_mean" : 0.000000,
        "iops_stddev" : 0.000000,
        "iops_samples" : 0
      },
      "sync" : {
        "total_ios" : 0,
        "lat_ns" : {
          "min" : 0,
          "max" : 0,
          "mean" : 0.000000,
          "stddev" : 0.000000,
          "N" : 0
        }
      },
      "job_runtime" : 10000,
      "usr_cpu" : 10.170000,
      "sys_cpu" : 37.030000,
      "ctx" : 104085,
      "majf" : 0,
      "minf" : 293,
      "iodepth_level" : {
        "1" : 0.100000,
        "2" : 99.999495,
        "4" : 0.000000,
        "8" : 0.000000,
        "16" : 0.000000,
        "32" : 0.000000,
        ">=64" : 0.000000
      },
      "iodepth_submit" : {
        "0" : 0.000000,
        "4" : 100.000000,
        "8" : 0.000000,
        "16" : 0.000000,
        "32" : 0.000000,
        "64" : 0.000000,
        ">=64" : 0.000000
      },
      "iodepth_complete" : {
        "0" : 0.000000,
        "4" : 100.000000,
        "8" : 0.000000,
        "16" : 0.000000,
        "32" : 0.000000,
        "64" : 0.000000,
        ">=64" : 0.000000
      },
      "latency_ns" : {
        "2" : 0.000000,
        "4" : 0.000000,
        "10" : 0.000000,
        "20" : 0.000000,
        "50" : 0.000000,
        "100" : 0.000000,
        "250" : 0.000000,
        "500" : 0.000000,
        "750" : 0.000000,
        "1000" : 0.000000
      },
      "latency_us" : {
        "2" : 0.000000,
        "4" : 0.000000,
        "10" : 0.000000,
        "20" : 0.000000,
        "50" : 0.000000,
        "100" : 0.000000,
        "250" : 0.000000,
        "500" : 0.000000,
        "750" : 0.000000,
        "1000" : 0.000000
      },
      "latency_ms" : {
        "2" : 0.000000,
        "4" : 0.000000,
        "10" : 0.000000,
        "20" : 0.000000,
        "50" : 0.000000,
        "100" : 0.000000,
        "250" : 1.310331,
        "500" : 2.820268,
        "750" : 2.892531,
        "1000" : 2.813699,
        "2000" : 9.820657,
        ">=2000" : 80.342515
      },
      "latency_depth" : 2,
      "latency_target" : 0,
      "latency_percentile" : 100.000000,
      "latency_window" : 0
    }
  ],
  "disk_util" : [
    {
      "name" : "sda",
      "read_ios" : 0,
      "write_ios" : 181,
      "read_sectors" : 0,
      "write_sectors" : 30968,
      "read_merges" : 0,
      "write_merges" : 1047,
      "read_ticks" : 0,
      "write_ticks" : 227,
      "in_queue" : 231,
      "util" : 0.200341
    }
  ]
}
