{
  "fio version" : "fio-3.40",
  "timestamp" : 1757193276,
  "timestamp_ms" : 1757193276435,
  "time" : "Sat Sep  6 21:14:36 2025",
  "global options" : {
    "ioengine" : "librawstor",
    "filename" : "01988675-e1e5-7788-9ed4-2f2d30910d23"
  },
  "jobs" : [
    {
      "jobname" : "rawstor",
      "groupid" : 0,
      "job_start" : 1757193266289,
      "error" : 0,
      "eta" : 0,
      "elapsed" : 11,
      "job options" : {
        "name" : "rawstor",
        "iodepth" : "1",
        "rw" : "randrw",
        "bs" : "4k",
        "size" : "1G",
        "numjobs" : "1",
        "runtime" : "10",
        "time_based" : "",
        "group_reporting" : ""
      },
      "read" : {
        "io_bytes" : 250077184,
        "io_kbytes" : 244216,
        "bw_bytes" : 25005217,
        "bw" : 24419,
        "iops" : 6104.789521,
        "runtime" : 10001,
        "total_ios" : 61054,
        "short_ios" : 0,
        "drop_ios" : 0,
        "slat_ns" : {
          "min" : 50,
          "max" : 17873,
          "mean" : 189.518344,
          "stddev" : 185.885536,
          "N" : 61054
        },
        "clat_ns" : {
          "min" : 37991,
          "max" : 29934440,
          "mean" : 69358.059668,
          "stddev" : 275217.289397,
          "N" : 61054,
          "percentile" : {
            "1.000000" : 50944,
            "5.000000" : 54016,
            "10.000000" : 56064,
            "20.000000" : 59136,
            "30.000000" : 61184,
            "40.000000" : 63232,
            "50.000000" : 64768,
            "60.000000" : 67072,
            "70.000000" : 69120,
            "80.000000" : 72192,
            "90.000000" : 78336,
            "95.000000" : 84480,
            "99.000000" : 99840,
            "99.500000" : 108032,
            "99.900000" : 130560,
            "99.950000" : 144384,
            "99.990000" : 4079616
          }
        },
        "lat_ns" : {
          "min" : 38121,
          "max" : 29934570,
          "mean" : 69547.578013,
          "stddev" : 275217.352651,
          "N" : 61054
        },
        "bw_min" : 22368,
        "bw_max" : 26328,
        "bw_agg" : 99.864216,
        "bw_mean" : 24386.947368,
        "bw_dev" : 1100.009569,
        "bw_samples" : 19,
        "iops_min" : 5592,
        "iops_max" : 6582,
        "iops_mean" : 6096.736842,
        "iops_stddev" : 275.002392,
        "iops_samples" : 19
      },
      "write" : {
        "io_bytes" : 249286656,
        "io_kbytes" : 243444,
        "bw_bytes" : 24926172,
        "bw" : 24341,
        "iops" : 6085.491451,
        "runtime" : 10001,
        "total_ios" : 60861,
        "short_ios" : 0,
        "drop_ios" : 0,
        "slat_ns" : {
          "min" : 80,
          "max" : 19886,
          "mean" : 265.988038,
          "stddev" : 267.703150,
          "N" : 60861
        },
        "clat_ns" : {
          "min" : 51255,
          "max" : 27843671,
          "mean" : 91094.488474,
          "stddev" : 153949.226143,
          "N" : 60861,
          "percentile" : {
            "1.000000" : 73216,
            "5.000000" : 76288,
            "10.000000" : 79360,
            "20.000000" : 82432,
            "30.000000" : 84480,
            "40.000000" : 86528,
            "50.000000" : 88576,
            "60.000000" : 90624,
            "70.000000" : 93696,
            "80.000000" : 96768,
            "90.000000" : 102912,
            "95.000000" : 109056,
            "99.000000" : 123392,
            "99.500000" : 132096,
            "99.900000" : 156672,
            "99.950000" : 175104,
            "99.990000" : 317440
          }
        },
        "lat_ns" : {
          "min" : 51376,
          "max" : 27843871,
          "mean" : 91360.476512,
          "stddev" : 153950.394915,
          "N" : 60861
        },
        "bw_min" : 22608,
        "bw_max" : 26208,
        "bw_agg" : 99.831711,
        "bw_mean" : 24301.894737,
        "bw_dev" : 1073.630078,
        "bw_samples" : 19,
        "iops_min" : 5652,
        "iops_max" : 6552,
        "iops_mean" : 6075.473684,
        "iops_stddev" : 268.407519,
        "iops_samples" : 19
      },
      "trim" : {
        "io_bytes" : 0,
        "io_kbytes" : 0,
        "bw_bytes" : 0,
        "bw" : 0,
        "iops" : 0.000000,
        "runtime" : 0,
        "total_ios" : 0,
        "short_ios" : 0,
        "drop_ios" : 0,
        "slat_ns" : {
          "min" : 0,
          "max" : 0,
          "mean" : 0.000000,
          "stddev" : 0.000000,
          "N" : 0
        },
        "clat_ns" : {
          "min" : 0,
          "max" : 0,
          "mean" : 0.000000,
          "stddev" : 0.000000,
          "N" : 0
        },
        "lat_ns" : {
          "min" : 0,
          "max" : 0,
          "mean" : 0.000000,
          "stddev" : 0.000000,
          "N" : 0
        },
        "bw_min" : 0,
        "bw_max" : 0,
        "bw_agg" : 0.000000,
        "bw_mean" : 0.000000,
        "bw_dev" : 0.000000,
        "bw_samples" : 0,
        "iops_min" : 0,
        "iops_max" : 0,
        "iops_mean" : 0.000000,
        "iops_stddev" : 0.000000,
        "iops_samples" : 0
      },
      "sync" : {
        "total_ios" : 0,
        "lat_ns" : {
          "min" : 0,
          "max" : 0,
          "mean" : 0.000000,
          "stddev" : 0.000000,
          "N" : 0
        }
      },
      "job_runtime" : 10000,
      "usr_cpu" : 6.440000,
      "sys_cpu" : 34.830000,
      "ctx" : 121987,
      "majf" : 0,
      "minf" : 278,
      "iodepth_level" : {
        "1" : 100.000000,
        "2" : 0.000000,
        "4" : 0.000000,
        "8" : 0.000000,
        "16" : 0.000000,
        "32" : 0.000000,
        ">=64" : 0.000000
      },
      "iodepth_submit" : {
        "0" : 0.000000,
        "4" : 100.000000,
        "8" : 0.000000,
        "16" : 0.000000,
        "32" : 0.000000,
        "64" : 0.000000,
        ">=64" : 0.000000
      },
      "iodepth_complete" : {
        "0" : 0.000000,
        "4" : 100.000000,
        "8" : 0.000000,
        "16" : 0.000000,
        "32" : 0.000000,
        "64" : 0.000000,
        ">=64" : 0.000000
      },
      "latency_ns" : {
        "2" : 0.000000,
        "4" : 0.000000,
        "10" : 0.000000,
        "20" : 0.000000,
        "50" : 0.000000,
        "100" : 0.000000,
        "250" : 0.000000,
        "500" : 0.000000,
        "750" : 0.000000,
        "1000" : 0.000000
      },
      "latency_us" : {
        "2" : 0.000000,
        "4" : 0.000000,
        "10" : 0.000000,
        "20" : 0.000000,
        "50" : 0.253455,
        "100" : 92.564492,
        "250" : 7.154985,
        "500" : 0.014764,
        "750" : 0.010000,
        "1000" : 0.000000
      },
      "latency_ms" : {
        "2" : 0.010000,
        "4" : 0.010000,
        "10" : 0.010000,
        "20" : 0.000000,
        "50" : 0.010000,
        "100" : 0.000000,
        "250" : 0.000000,
        "500" : 0.000000,
        "750" : 0.000000,
        "1000" : 0.000000,
        "2000" : 0.000000,
        ">=2000" : 0.000000
      },
      "latency_depth" : 1,
      "latency_target" : 0,
      "latency_percentile" : 100.000000,
      "latency_window" : 0
    }
  ],
  "disk_util" : [
    {
      "name" : "sdb",
      "read_ios" : 0,
      "write_ios" : 52,
      "read_sectors" : 0,
      "write_sectors" : 11696,
      "read_merges" : 0,
      "write_merges" : 34,
      "read_ticks" : 0,
      "write_ticks" : 34,
      "in_queue" : 34,
      "util" : 0.020018
    }
  ]
}
