{
  "fio version" : "fio-3.40",
  "timestamp" : 1761297788,
  "timestamp_ms" : 1761297788173,
  "time" : "Fri Oct 24 09:23:08 2025",
  "global options" : {
    "ioengine" : "librawstor",
    "filename" : "ost://127.0.0.1:8080/01988675-e1e5-7788-9ed4-2f2d30910d23"
  },
  "jobs" : [
    {
      "jobname" : "rawstor",
      "groupid" : 0,
      "job_start" : 1761297778033,
      "error" : 0,
      "eta" : 0,
      "elapsed" : 11,
      "job options" : {
        "name" : "rawstor",
        "iodepth" : "1",
        "rw" : "randrw",
        "bs" : "4k",
        "size" : "1G",
        "numjobs" : "1",
        "runtime" : "10",
        "time_based" : "",
        "group_reporting" : ""
      },
      "read" : {
        "io_bytes" : 229920768,
        "io_kbytes" : 224532,
        "bw_bytes" : 22989777,
        "bw" : 22450,
        "iops" : 5612.738726,
        "runtime" : 10001,
        "total_ios" : 56133,
        "short_ios" : 0,
        "drop_ios" : 0,
        "slat_ns" : {
          "min" : 50,
          "max" : 20618,
          "mean" : 196.711863,
          "stddev" : 209.057699,
          "N" : 56133
        },
        "clat_ns" : {
          "min" : 45365,
          "max" : 25624856,
          "mean" : 75399.674380,
          "stddev" : 193297.338571,
          "N" : 56133,
          "percentile" : {
            "1.000000" : 54528,
            "5.000000" : 59136,
            "10.000000" : 61696,
            "20.000000" : 66048,
            "30.000000" : 69120,
            "40.000000" : 71168,
            "50.000000" : 73216,
            "60.000000" : 74240,
            "70.000000" : 77312,
            "80.000000" : 80384,
            "90.000000" : 86528,
            "95.000000" : 91648,
            "99.000000" : 104960,
            "99.500000" : 111104,
            "99.900000" : 129536,
            "99.950000" : 150528,
            "99.990000" : 757760
          }
        },
        "lat_ns" : {
          "min" : 45506,
          "max" : 25624996,
          "mean" : 75596.386243,
          "stddev" : 193298.176607,
          "N" : 56133
        },
        "bw_min" : 21064,
        "bw_max" : 24224,
        "bw_agg" : 100.000000,
        "bw_mean" : 22453.200000,
        "bw_dev" : 755.799026,
        "bw_samples" : 20,
        "iops_min" : 5266,
        "iops_max" : 6056,
        "iops_mean" : 5613.300000,
        "iops_stddev" : 188.949757,
        "iops_samples" : 20
      },
      "write" : {
        "io_bytes" : 228773888,
        "io_kbytes" : 223412,
        "bw_bytes" : 22875101,
        "bw" : 22338,
        "iops" : 5584.741526,
        "runtime" : 10001,
        "total_ios" : 55853,
        "short_ios" : 0,
        "drop_ios" : 0,
        "slat_ns" : {
          "min" : 90,
          "max" : 19647,
          "mean" : 277.603083,
          "stddev" : 259.865032,
          "N" : 55853
        },
        "clat_ns" : {
          "min" : 58430,
          "max" : 29008597,
          "mean" : 99351.859256,
          "stddev" : 181256.770005,
          "N" : 55853,
          "percentile" : {
            "1.000000" : 77312,
            "5.000000" : 82432,
            "10.000000" : 85504,
            "20.000000" : 88576,
            "30.000000" : 91648,
            "40.000000" : 94720,
            "50.000000" : 97792,
            "60.000000" : 99840,
            "70.000000" : 101888,
            "80.000000" : 104960,
            "90.000000" : 111104,
            "95.000000" : 117248,
            "99.000000" : 129536,
            "99.500000" : 136192,
            "99.900000" : 156672,
            "99.950000" : 181248,
            "99.990000" : 1662976
          }
        },
        "lat_ns" : {
          "min" : 58650,
          "max" : 29008807,
          "mean" : 99629.462339,
          "stddev" : 181257.384253,
          "N" : 55853
        },
        "bw_min" : 21176,
        "bw_max" : 24088,
        "bw_agg" : 100.000000,
        "bw_mean" : 22341.200000,
        "bw_dev" : 879.882384,
        "bw_samples" : 20,
        "iops_min" : 5294,
        "iops_max" : 6022,
        "iops_mean" : 5585.300000,
        "iops_stddev" : 219.970596,
        "iops_samples" : 20
      },
      "trim" : {
        "io_bytes" : 0,
        "io_kbytes" : 0,
        "bw_bytes" : 0,
        "bw" : 0,
        "iops" : 0.000000,
        "runtime" : 0,
        "total_ios" : 0,
        "short_ios" : 0,
        "drop_ios" : 0,
        "slat_ns" : {
          "min" : 0,
          "max" : 0,
          "mean" : 0.000000,
          "stddev" : 0.000000,
          "N" : 0
        },
        "clat_ns" : {
          "min" : 0,
          "max" : 0,
          "mean" : 0.000000,
          "stddev" : 0.000000,
          "N" : 0
        },
        "lat_ns" : {
          "min" : 0,
          "max" : 0,
          "mean" : 0.000000,
          "stddev" : 0.000000,
          "N" : 0
        },
        "bw_min" : 0,
        "bw_max" : 0,
        "bw_agg" : 0.000000,
        "bw_mean" : 0.000000,
        "bw_dev" : 0.000000,
        "bw_samples" : 0,
        "iops_min" : 0,
        "iops_max" : 0,
        "iops_mean" : 0.000000,
        "iops_stddev" : 0.000000,
        "iops_samples" : 0
      },
      "sync" : {
        "total_ios" : 0,
        "lat_ns" : {
          "min" : 0,
          "max" : 0,
          "mean" : 0.000000,
          "stddev" : 0.000000,
          "N" : 0
        }
      },
      "job_runtime" : 10000,
      "usr_cpu" : 9.800000,
      "sys_cpu" : 31.680000,
      "ctx" : 112024,
      "majf" : 0,
      "minf" : 43,
      "iodepth_level" : {
        "1" : 100.000000,
        "2" : 0.000000,
        "4" : 0.000000,
        "8" : 0.000000,
        "16" : 0.000000,
        "32" : 0.000000,
        ">=64" : 0.000000
      },
      "iodepth_submit" : {
        "0" : 0.000000,
        "4" : 100.000000,
        "8" : 0.000000,
        "16" : 0.000000,
        "32" : 0.000000,
        "64" : 0.000000,
        ">=64" : 0.000000
      },
      "iodepth_complete" : {
        "0" : 0.000000,
        "4" : 100.000000,
        "8" : 0.000000,
        "16" : 0.000000,
        "32" : 0.000000,
        "64" : 0.000000,
        ">=64" : 0.000000
      },
      "latency_ns" : {
        "2" : 0.000000,
        "4" : 0.000000,
        "10" : 0.000000,
        "20" : 0.000000,
        "50" : 0.000000,
        "100" : 0.000000,
        "250" : 0.000000,
        "500" : 0.000000,
        "750" : 0.000000,
        "1000" : 0.000000
      },
      "latency_us" : {
        "2" : 0.000000,
        "4" : 0.000000,
        "10" : 0.000000,
        "20" : 0.000000,
        "50" : 0.038398,
        "100" : 80.849392,
        "250" : 19.088993,
        "500" : 0.010716,
        "750" : 0.000000,
        "1000" : 0.010000
      },
      "latency_ms" : {
        "2" : 0.010000,
        "4" : 0.000000,
        "10" : 0.010000,
        "20" : 0.010000,
        "50" : 0.010000,
        "100" : 0.000000,
        "250" : 0.000000,
        "500" : 0.000000,
        "750" : 0.000000,
        "1000" : 0.000000,
        "2000" : 0.000000,
        ">=2000" : 0.000000
      },
      "latency_depth" : 1,
      "latency_target" : 0,
      "latency_percentile" : 100.000000,
      "latency_window" : 0
    }
  ],
  "disk_util" : [
    {
      "name" : "sda",
      "read_ios" : 0,
      "write_ios" : 204,
      "read_sectors" : 0,
      "write_sectors" : 37024,
      "read_merges" : 0,
      "write_merges" : 1215,
      "read_ticks" : 0,
      "write_ticks" : 613,
      "in_queue" : 616,
      "util" : 0.140210
    }
  ]
}
