{
  "fio version" : "fio-3.40",
  "timestamp" : 1758745394,
  "timestamp_ms" : 1758745394846,
  "time" : "Wed Sep 24 20:23:14 2025",
  "global options" : {
    "ioengine" : "librawstor",
    "filename" : "01997d64-d5ff-7754-a9de-87cf8aebbe4e"
  },
  "jobs" : [
    {
      "jobname" : "rawstor",
      "groupid" : 0,
      "job_start" : 1758745384699,
      "error" : 0,
      "eta" : 0,
      "elapsed" : 11,
      "job options" : {
        "name" : "rawstor",
        "iodepth" : "2",
        "rw" : "randrw",
        "bs" : "4k",
        "size" : "1G",
        "numjobs" : "1",
        "runtime" : "10",
        "time_based" : "",
        "group_reporting" : ""
      },
      "read" : {
        "io_bytes" : 2775326720,
        "io_kbytes" : 2710280,
        "bw_bytes" : 277504921,
        "bw" : 271000,
        "iops" : 67750.224978,
        "runtime" : 10001,
        "total_ios" : 677570,
        "short_ios" : 0,
        "drop_ios" : 0,
        "slat_ns" : {
          "min" : 0,
          "max" : 0,
          "mean" : 0.000000,
          "stddev" : 0.000000,
          "N" : 677570
        },
        "clat_ns" : {
          "min" : 105003576,
          "max" : 10104784113,
          "mean" : 5392970456.114310,
          "stddev" : 2809550508.872164,
          "N" : 677570,
          "percentile" : {
            "1.000000" : 229638144,
            "5.000000" : 717225984,
            "10.000000" : 1350565888,
            "20.000000" : 2600468480,
            "30.000000" : 3573547008,
            "40.000000" : 4529848320,
            "50.000000" : 5469372416,
            "60.000000" : 6408896512,
            "70.000000" : 7348420608,
            "80.000000" : 8287944704,
            "90.000000" : 9193914368,
            "95.000000" : 9596567552,
            "99.000000" : 9999220736,
            "99.500000" : 9999220736,
            "99.900000" : 10133438464,
            "99.950000" : 10133438464,
            "99.990000" : 10133438464
          }
        },
        "lat_ns" : {
          "min" : 1332,
          "max" : 160680,
          "mean" : 5483.368211,
          "stddev" : 4024.564343,
          "N" : 677570
        },
        "bw_min" : 198512,
        "bw_max" : 312792,
        "bw_agg" : 100.000000,
        "bw_mean" : 271028.000000,
        "bw_dev" : 34022.692365,
        "bw_samples" : 20,
        "iops_min" : 49628,
        "iops_max" : 78198,
        "iops_mean" : 67757.000000,
        "iops_stddev" : 8505.673091,
        "iops_samples" : 20
      },
      "write" : {
        "io_bytes" : 2771619840,
        "io_kbytes" : 2706660,
        "bw_bytes" : 277134270,
        "bw" : 270638,
        "iops" : 67659.734027,
        "runtime" : 10001,
        "total_ios" : 676665,
        "short_ios" : 0,
        "drop_ios" : 0,
        "slat_ns" : {
          "min" : 0,
          "max" : 0,
          "mean" : 0.000000,
          "stddev" : 0.000000,
          "N" : 676665
        },
        "clat_ns" : {
          "min" : 105082995,
          "max" : 10104797939,
          "mean" : 5391536126.247622,
          "stddev" : 2808992463.041954,
          "N" : 676665,
          "percentile" : {
            "1.000000" : 229638144,
            "5.000000" : 708837376,
            "10.000000" : 1367343104,
            "20.000000" : 2600468480,
            "30.000000" : 3573547008,
            "40.000000" : 4529848320,
            "50.000000" : 5469372416,
            "60.000000" : 6408896512,
            "70.000000" : 7348420608,
            "80.000000" : 8287944704,
            "90.000000" : 9193914368,
            "95.000000" : 9596567552,
            "99.000000" : 9999220736,
            "99.500000" : 9999220736,
            "99.900000" : 10133438464,
            "99.950000" : 10133438464,
            "99.990000" : 10133438464
          }
        },
        "lat_ns" : {
          "min" : 3226,
          "max" : 966948,
          "mean" : 23052.355560,
          "stddev" : 7423.309292,
          "N" : 676665
        },
        "bw_min" : 197744,
        "bw_max" : 310032,
        "bw_agg" : 100.000000,
        "bw_mean" : 270666.000000,
        "bw_dev" : 33749.986130,
        "bw_samples" : 20,
        "iops_min" : 49436,
        "iops_max" : 77508,
        "iops_mean" : 67666.500000,
        "iops_stddev" : 8437.496533,
        "iops_samples" : 20
      },
      "trim" : {
        "io_bytes" : 0,
        "io_kbytes" : 0,
        "bw_bytes" : 0,
        "bw" : 0,
        "iops" : 0.000000,
        "runtime" : 0,
        "total_ios" : 0,
        "short_ios" : 0,
        "drop_ios" : 0,
        "slat_ns" : {
          "min" : 0,
          "max" : 0,
          "mean" : 0.000000,
          "stddev" : 0.000000,
          "N" : 0
        },
        "clat_ns" : {
          "min" : 0,
          "max" : 0,
          "mean" : 0.000000,
          "stddev" : 0.000000,
          "N" : 0
        },
        "lat_ns" : {
          "min" : 0,
          "max" : 0,
          "mean" : 0.000000,
          "stddev" : 0.000000,
          "N" : 0
        },
        "bw_min" : 0,
        "bw_max" : 0,
        "bw_agg" : 0.000000,
        "bw_mean" : 0.000000,
        "bw_dev" : 0.000000,
        "bw_samples" : 0,
        "iops_min" : 0,
        "iops_max" : 0,
        "iops_mean" : 0.000000,
        "iops_stddev" : 0.000000,
        "iops_samples" : 0
      },
      "sync" : {
        "total_ios" : 0,
        "lat_ns" : {
          "min" : 0,
          "max" : 0,
          "mean" : 0.000000,
          "stddev" : 0.000000,
          "N" : 0
        }
      },
      "job_runtime" : 10000,
      "usr_cpu" : 17.850000,
      "sys_cpu" : 50.510000,
      "ctx" : 276059,
      "majf" : 0,
      "minf" : 29,
      "iodepth_level" : {
        "1" : 0.100000,
        "2" : 99.999926,
        "4" : 0.000000,
        "8" : 0.000000,
        "16" : 0.000000,
        "32" : 0.000000,
        ">=64" : 0.000000
      },
      "iodepth_submit" : {
        "0" : 0.000000,
        "4" : 100.000000,
        "8" : 0.000000,
        "16" : 0.000000,
        "32" : 0.000000,
        "64" : 0.000000,
        ">=64" : 0.000000
      },
      "iodepth_complete" : {
        "0" : 0.000000,
        "4" : 100.000000,
        "8" : 0.000000,
        "16" : 0.000000,
        "32" : 0.000000,
        "64" : 0.000000,
        ">=64" : 0.000000
      },
      "latency_ns" : {
        "2" : 0.000000,
        "4" : 0.000000,
        "10" : 0.000000,
        "20" : 0.000000,
        "50" : 0.000000,
        "100" : 0.000000,
        "250" : 0.000000,
        "500" : 0.000000,
        "750" : 0.000000,
        "1000" : 0.000000
      },
      "latency_us" : {
        "2" : 0.000000,
        "4" : 0.000000,
        "10" : 0.000000,
        "20" : 0.000000,
        "50" : 0.000000,
        "100" : 0.000000,
        "250" : 0.000000,
        "500" : 0.000000,
        "750" : 0.000000,
        "1000" : 0.000000
      },
      "latency_ms" : {
        "2" : 0.000000,
        "4" : 0.000000,
        "10" : 0.000000,
        "20" : 0.000000,
        "50" : 0.000000,
        "100" : 0.000000,
        "250" : 1.166489,
        "500" : 2.050973,
        "750" : 2.065520,
        "1000" : 2.046764,
        "2000" : 7.639221,
        ">=2000" : 85.031032
      },
      "latency_depth" : 2,
      "latency_target" : 0,
      "latency_percentile" : 100.000000,
      "latency_window" : 0
    }
  ],
  "disk_util" : [
    {
      "name" : "sdb",
      "read_ios" : 0,
      "write_ios" : 12,
      "read_sectors" : 0,
      "write_sectors" : 6344,
      "read_merges" : 0,
      "write_merges" : 22,
      "read_ticks" : 0,
      "write_ticks" : 13,
      "in_queue" : 13,
      "util" : 0.010008
    }
  ]
}
