{
  "fio version" : "fio-3.40",
  "timestamp" : 1756029648,
  "timestamp_ms" : 1756029648480,
  "time" : "Sun Aug 24 10:00:48 2025",
  "global options" : {
    "ioengine" : "librawstor",
    "filename" : "0198db85-d5bf-7e69-9ebc-455bcebb3267"
  },
  "jobs" : [
    {
      "jobname" : "rawstor",
      "groupid" : 0,
      "job_start" : 1756029638334,
      "error" : 0,
      "eta" : 0,
      "elapsed" : 11,
      "job options" : {
        "name" : "rawstor",
        "iodepth" : "1",
        "rw" : "randrw",
        "bs" : "4k",
        "size" : "1G",
        "numjobs" : "1",
        "runtime" : "10",
        "time_based" : "",
        "group_reporting" : ""
      },
      "read" : {
        "io_bytes" : 1343365120,
        "io_kbytes" : 1311880,
        "bw_bytes" : 134323079,
        "bw" : 131174,
        "iops" : 32793.720628,
        "runtime" : 10001,
        "total_ios" : 327970,
        "short_ios" : 0,
        "drop_ios" : 0,
        "slat_ns" : {
          "min" : 9,
          "max" : 14036,
          "mean" : 44.052715,
          "stddev" : 89.454209,
          "N" : 327970
        },
        "clat_ns" : {
          "min" : 1202,
          "max" : 102903,
          "mean" : 3125.580873,
          "stddev" : 2766.805210,
          "N" : 327970,
          "percentile" : {
            "1.000000" : 1544,
            "5.000000" : 1624,
            "10.000000" : 1656,
            "20.000000" : 1736,
            "30.000000" : 1832,
            "40.000000" : 2064,
            "50.000000" : 2160,
            "60.000000" : 2416,
            "70.000000" : 3088,
            "80.000000" : 4016,
            "90.000000" : 5280,
            "95.000000" : 7392,
            "99.000000" : 14912,
            "99.500000" : 18560,
            "99.900000" : 26496,
            "99.950000" : 30592,
            "99.990000" : 71168
          }
        },
        "lat_ns" : {
          "min" : 1222,
          "max" : 102943,
          "mean" : 3169.633588,
          "stddev" : 2773.187343,
          "N" : 327970
        },
        "bw_min" : 112904,
        "bw_max" : 148536,
        "bw_agg" : 99.843810,
        "bw_mean" : 130970.947368,
        "bw_dev" : 11494.068719,
        "bw_samples" : 19,
        "iops_min" : 28226,
        "iops_max" : 37134,
        "iops_mean" : 32742.736842,
        "iops_stddev" : 2873.517180,
        "iops_samples" : 19
      },
      "write" : {
        "io_bytes" : 1341693952,
        "io_kbytes" : 1310248,
        "bw_bytes" : 134155979,
        "bw" : 131011,
        "iops" : 32752.924708,
        "runtime" : 10001,
        "total_ios" : 327562,
        "short_ios" : 0,
        "drop_ios" : 0,
        "slat_ns" : {
          "min" : 29,
          "max" : 17343,
          "mean" : 74.313403,
          "stddev" : 119.257108,
          "N" : 327562
        },
        "clat_ns" : {
          "min" : 5912,
          "max" : 710733,
          "mean" : 26471.231611,
          "stddev" : 4329.150561,
          "N" : 327562,
          "percentile" : {
            "1.000000" : 20864,
            "5.000000" : 21888,
            "10.000000" : 22400,
            "20.000000" : 23424,
            "30.000000" : 24448,
            "40.000000" : 25472,
            "50.000000" : 25984,
            "60.000000" : 26496,
            "70.000000" : 27264,
            "80.000000" : 28800,
            "90.000000" : 31104,
            "95.000000" : 32640,
            "99.000000" : 40192,
            "99.500000" : 43264,
            "99.900000" : 49408,
            "99.950000" : 53504,
            "99.990000" : 87552
          }
        },
        "lat_ns" : {
          "min" : 5992,
          "max" : 710863,
          "mean" : 26545.545014,
          "stddev" : 4342.079884,
          "N" : 327562
        },
        "bw_min" : 112200,
        "bw_max" : 145424,
        "bw_agg" : 99.910925,
        "bw_mean" : 130895.157895,
        "bw_dev" : 11223.737985,
        "bw_samples" : 19,
        "iops_min" : 28050,
        "iops_max" : 36356,
        "iops_mean" : 32723.789474,
        "iops_stddev" : 2805.934496,
        "iops_samples" : 19
      },
      "trim" : {
        "io_bytes" : 0,
        "io_kbytes" : 0,
        "bw_bytes" : 0,
        "bw" : 0,
        "iops" : 0.000000,
        "runtime" : 0,
        "total_ios" : 0,
        "short_ios" : 0,
        "drop_ios" : 0,
        "slat_ns" : {
          "min" : 0,
          "max" : 0,
          "mean" : 0.000000,
          "stddev" : 0.000000,
          "N" : 0
        },
        "clat_ns" : {
          "min" : 0,
          "max" : 0,
          "mean" : 0.000000,
          "stddev" : 0.000000,
          "N" : 0
        },
        "lat_ns" : {
          "min" : 0,
          "max" : 0,
          "mean" : 0.000000,
          "stddev" : 0.000000,
          "N" : 0
        },
        "bw_min" : 0,
        "bw_max" : 0,
        "bw_agg" : 0.000000,
        "bw_mean" : 0.000000,
        "bw_dev" : 0.000000,
        "bw_samples" : 0,
        "iops_min" : 0,
        "iops_max" : 0,
        "iops_mean" : 0.000000,
        "iops_stddev" : 0.000000,
        "iops_samples" : 0
      },
      "sync" : {
        "total_ios" : 0,
        "lat_ns" : {
          "min" : 0,
          "max" : 0,
          "mean" : 0.000000,
          "stddev" : 0.000000,
          "N" : 0
        }
      },
      "job_runtime" : 10000,
      "usr_cpu" : 8.400000,
      "sys_cpu" : 39.440000,
      "ctx" : 327392,
      "majf" : 0,
      "minf" : 17,
      "iodepth_level" : {
        "1" : 100.000000,
        "2" : 0.000000,
        "4" : 0.000000,
        "8" : 0.000000,
        "16" : 0.000000,
        "32" : 0.000000,
        ">=64" : 0.000000
      },
      "iodepth_submit" : {
        "0" : 0.000000,
        "4" : 100.000000,
        "8" : 0.000000,
        "16" : 0.000000,
        "32" : 0.000000,
        "64" : 0.000000,
        ">=64" : 0.000000
      },
      "iodepth_complete" : {
        "0" : 0.000000,
        "4" : 100.000000,
        "8" : 0.000000,
        "16" : 0.000000,
        "32" : 0.000000,
        "64" : 0.000000,
        ">=64" : 0.000000
      },
      "latency_ns" : {
        "2" : 0.000000,
        "4" : 0.000000,
        "10" : 0.000000,
        "20" : 0.000000,
        "50" : 0.000000,
        "100" : 0.000000,
        "250" : 0.000000,
        "500" : 0.000000,
        "750" : 0.000000,
        "1000" : 0.000000
      },
      "latency_us" : {
        "2" : 17.994240,
        "4" : 21.938212,
        "10" : 8.826876,
        "20" : 1.400389,
        "50" : 49.780331,
        "100" : 0.055680,
        "250" : 0.010000,
        "500" : 0.000000,
        "750" : 0.010000,
        "1000" : 0.000000
      },
      "latency_ms" : {
        "2" : 0.000000,
        "4" : 0.000000,
        "10" : 0.000000,
        "20" : 0.000000,
        "50" : 0.000000,
        "100" : 0.000000,
        "250" : 0.000000,
        "500" : 0.000000,
        "750" : 0.000000,
        "1000" : 0.000000,
        "2000" : 0.000000,
        ">=2000" : 0.000000
      },
      "latency_depth" : 1,
      "latency_target" : 0,
      "latency_percentile" : 100.000000,
      "latency_window" : 0
    }
  ],
  "disk_util" : [
    {
      "name" : "sdb",
      "read_ios" : 0,
      "write_ios" : 105,
      "read_sectors" : 0,
      "write_sectors" : 30472,
      "read_merges" : 0,
      "write_merges" : 741,
      "read_ticks" : 0,
      "write_ticks" : 619,
      "in_queue" : 618,
      "util" : 0.070056
    }
  ]
}
