{
  "fio version" : "fio-3.40",
  "timestamp" : 1760475224,
  "timestamp_ms" : 1760475224708,
  "time" : "Tue Oct 14 20:53:44 2025",
  "global options" : {
    "ioengine" : "librawstor",
    "filename" : "ost://127.0.0.1:8080/01988675-e1e5-7788-9ed4-2f2d30910d23"
  },
  "jobs" : [
    {
      "jobname" : "rawstor",
      "groupid" : 0,
      "job_start" : 1760475214568,
      "error" : 0,
      "eta" : 0,
      "elapsed" : 11,
      "job options" : {
        "name" : "rawstor",
        "iodepth" : "1",
        "rw" : "randrw",
        "bs" : "4k",
        "size" : "1G",
        "numjobs" : "1",
        "runtime" : "10",
        "time_based" : "",
        "group_reporting" : ""
      },
      "read" : {
        "io_bytes" : 242016256,
        "io_kbytes" : 236344,
        "bw_bytes" : 24199205,
        "bw" : 23632,
        "iops" : 5908.009199,
        "runtime" : 10001,
        "total_ios" : 59086,
        "short_ios" : 0,
        "drop_ios" : 0,
        "slat_ns" : {
          "min" : 40,
          "max" : 18485,
          "mean" : 159.886183,
          "stddev" : 214.127310,
          "N" : 59086
        },
        "clat_ns" : {
          "min" : 40776,
          "max" : 26178882,
          "mean" : 69741.341536,
          "stddev" : 108313.694383,
          "N" : 59086,
          "percentile" : {
            "1.000000" : 52480,
            "5.000000" : 56064,
            "10.000000" : 57600,
            "20.000000" : 61184,
            "30.000000" : 63744,
            "40.000000" : 66048,
            "50.000000" : 68096,
            "60.000000" : 70144,
            "70.000000" : 72192,
            "80.000000" : 76288,
            "90.000000" : 81408,
            "95.000000" : 87552,
            "99.000000" : 101888,
            "99.500000" : 110080,
            "99.900000" : 129536,
            "99.950000" : 146432,
            "99.990000" : 366592
          }
        },
        "lat_ns" : {
          "min" : 40907,
          "max" : 26178973,
          "mean" : 69901.227719,
          "stddev" : 108315.638268,
          "N" : 59086
        },
        "bw_min" : 21752,
        "bw_max" : 25440,
        "bw_agg" : 100.000000,
        "bw_mean" : 23634.400000,
        "bw_dev" : 1071.173601,
        "bw_samples" : 20,
        "iops_min" : 5438,
        "iops_max" : 6360,
        "iops_mean" : 5908.600000,
        "iops_stddev" : 267.793400,
        "iops_samples" : 20
      },
      "write" : {
        "io_bytes" : 241287168,
        "io_kbytes" : 235632,
        "bw_bytes" : 24126304,
        "bw" : 23560,
        "iops" : 5890.210979,
        "runtime" : 10001,
        "total_ios" : 58908,
        "short_ios" : 0,
        "drop_ios" : 0,
        "slat_ns" : {
          "min" : 60,
          "max" : 27161,
          "mean" : 226.018300,
          "stddev" : 303.492424,
          "N" : 58908
        },
        "clat_ns" : {
          "min" : 55664,
          "max" : 25968783,
          "mean" : 96321.849868,
          "stddev" : 250236.396217,
          "N" : 58908,
          "percentile" : {
            "1.000000" : 76288,
            "5.000000" : 79360,
            "10.000000" : 82432,
            "20.000000" : 85504,
            "30.000000" : 87552,
            "40.000000" : 89600,
            "50.000000" : 91648,
            "60.000000" : 93696,
            "70.000000" : 96768,
            "80.000000" : 99840,
            "90.000000" : 105984,
            "95.000000" : 112128,
            "99.000000" : 126464,
            "99.500000" : 134144,
            "99.900000" : 164864,
            "99.950000" : 207872,
            "99.990000" : 20316160
          }
        },
        "lat_ns" : {
          "min" : 55855,
          "max" : 25968963,
          "mean" : 96547.868167,
          "stddev" : 250236.714658,
          "N" : 58908
        },
        "bw_min" : 22472,
        "bw_max" : 24904,
        "bw_agg" : 100.000000,
        "bw_mean" : 23563.200000,
        "bw_dev" : 739.676857,
        "bw_samples" : 20,
        "iops_min" : 5618,
        "iops_max" : 6226,
        "iops_mean" : 5890.800000,
        "iops_stddev" : 184.919214,
        "iops_samples" : 20
      },
      "trim" : {
        "io_bytes" : 0,
        "io_kbytes" : 0,
        "bw_bytes" : 0,
        "bw" : 0,
        "iops" : 0.000000,
        "runtime" : 0,
        "total_ios" : 0,
        "short_ios" : 0,
        "drop_ios" : 0,
        "slat_ns" : {
          "min" : 0,
          "max" : 0,
          "mean" : 0.000000,
          "stddev" : 0.000000,
          "N" : 0
        },
        "clat_ns" : {
          "min" : 0,
          "max" : 0,
          "mean" : 0.000000,
          "stddev" : 0.000000,
          "N" : 0
        },
        "lat_ns" : {
          "min" : 0,
          "max" : 0,
          "mean" : 0.000000,
          "stddev" : 0.000000,
          "N" : 0
        },
        "bw_min" : 0,
        "bw_max" : 0,
        "bw_agg" : 0.000000,
        "bw_mean" : 0.000000,
        "bw_dev" : 0.000000,
        "bw_samples" : 0,
        "iops_min" : 0,
        "iops_max" : 0,
        "iops_mean" : 0.000000,
        "iops_stddev" : 0.000000,
        "iops_samples" : 0
      },
      "sync" : {
        "total_ios" : 0,
        "lat_ns" : {
          "min" : 0,
          "max" : 0,
          "mean" : 0.000000,
          "stddev" : 0.000000,
          "N" : 0
        }
      },
      "job_runtime" : 10000,
      "usr_cpu" : 7.750000,
      "sys_cpu" : 33.150000,
      "ctx" : 118083,
      "majf" : 0,
      "minf" : 43,
      "iodepth_level" : {
        "1" : 100.000000,
        "2" : 0.000000,
        "4" : 0.000000,
        "8" : 0.000000,
        "16" : 0.000000,
        "32" : 0.000000,
        ">=64" : 0.000000
      },
      "iodepth_submit" : {
        "0" : 0.000000,
        "4" : 100.000000,
        "8" : 0.000000,
        "16" : 0.000000,
        "32" : 0.000000,
        "64" : 0.000000,
        ">=64" : 0.000000
      },
      "iodepth_complete" : {
        "0" : 0.000000,
        "4" : 100.000000,
        "8" : 0.000000,
        "16" : 0.000000,
        "32" : 0.000000,
        "64" : 0.000000,
        ">=64" : 0.000000
      },
      "latency_ns" : {
        "2" : 0.000000,
        "4" : 0.000000,
        "10" : 0.000000,
        "20" : 0.000000,
        "50" : 0.000000,
        "100" : 0.000000,
        "250" : 0.000000,
        "500" : 0.000000,
        "750" : 0.000000,
        "1000" : 0.000000
      },
      "latency_us" : {
        "2" : 0.000000,
        "4" : 0.000000,
        "10" : 0.000000,
        "20" : 0.000000,
        "50" : 0.105938,
        "100" : 89.348611,
        "250" : 10.519179,
        "500" : 0.011018,
        "750" : 0.010000,
        "1000" : 0.010000
      },
      "latency_ms" : {
        "2" : 0.010000,
        "4" : 0.010000,
        "10" : 0.010000,
        "20" : 0.010000,
        "50" : 0.010000,
        "100" : 0.000000,
        "250" : 0.000000,
        "500" : 0.000000,
        "750" : 0.000000,
        "1000" : 0.000000,
        "2000" : 0.000000,
        ">=2000" : 0.000000
      },
      "latency_depth" : 1,
      "latency_target" : 0,
      "latency_percentile" : 100.000000,
      "latency_window" : 0
    }
  ],
  "disk_util" : [
    {
      "name" : "sda",
      "read_ios" : 0,
      "write_ios" : 287,
      "read_sectors" : 0,
      "write_sectors" : 52016,
      "read_merges" : 0,
      "write_merges" : 1461,
      "read_ticks" : 0,
      "write_ticks" : 519,
      "in_queue" : 527,
      "util" : 0.180252
    }
  ]
}
