{
  "fio version" : "fio-3.40",
  "timestamp" : 1767649384,
  "timestamp_ms" : 1767649384729,
  "time" : "Mon Jan  5 21:43:04 2026",
  "global options" : {
    "ioengine" : "librawstor",
    "filename" : "ost://127.0.0.1:8080/01988675-e1e5-7788-9ed4-2f2d30910d23"
  },
  "jobs" : [
    {
      "jobname" : "rawstor",
      "groupid" : 0,
      "job_start" : 1767649374583,
      "error" : 0,
      "eta" : 0,
      "elapsed" : 11,
      "job options" : {
        "name" : "rawstor",
        "iodepth" : "2",
        "rw" : "randrw",
        "bs" : "4k",
        "size" : "1G",
        "numjobs" : "1",
        "runtime" : "10",
        "time_based" : "",
        "group_reporting" : ""
      },
      "read" : {
        "io_bytes" : 420573184,
        "io_kbytes" : 410716,
        "bw_bytes" : 42053113,
        "bw" : 41067,
        "iops" : 10266.873313,
        "runtime" : 10001,
        "total_ios" : 102679,
        "short_ios" : 0,
        "drop_ios" : 0,
        "slat_ns" : {
          "min" : 0,
          "max" : 0,
          "mean" : 0.000000,
          "stddev" : 0.000000,
          "N" : 102679
        },
        "clat_ns" : {
          "min" : 105879355,
          "max" : 10105001475,
          "mean" : 5056511633.058352,
          "stddev" : 2906821294.104882,
          "N" : 102679,
          "percentile" : {
            "1.000000" : 210763776,
            "5.000000" : 591396864,
            "10.000000" : 1035993088,
            "20.000000" : 2004877312,
            "30.000000" : 3003121664,
            "40.000000" : 4043309056,
            "50.000000" : 5066719232,
            "60.000000" : 6073352192,
            "70.000000" : 7079985152,
            "80.000000" : 8086618112,
            "90.000000" : 9059696640,
            "95.000000" : 9596567552,
            "99.000000" : 9999220736,
            "99.500000" : 9999220736,
            "99.900000" : 10133438464,
            "99.950000" : 10133438464,
            "99.990000" : 10133438464
          }
        },
        "lat_ns" : {
          "min" : 30116,
          "max" : 33182969,
          "mean" : 83260.636157,
          "stddev" : 285156.490970,
          "N" : 102679
        },
        "bw_min" : 37712,
        "bw_max" : 46544,
        "bw_agg" : 100.000000,
        "bw_mean" : 41074.947368,
        "bw_dev" : 2084.189303,
        "bw_samples" : 19,
        "iops_min" : 9428,
        "iops_max" : 11636,
        "iops_mean" : 10268.736842,
        "iops_stddev" : 521.047326,
        "iops_samples" : 19
      },
      "write" : {
        "io_bytes" : 419938304,
        "io_kbytes" : 410096,
        "bw_bytes" : 41989631,
        "bw" : 41005,
        "iops" : 10251.374863,
        "runtime" : 10001,
        "total_ios" : 102524,
        "short_ios" : 0,
        "drop_ios" : 0,
        "slat_ns" : {
          "min" : 0,
          "max" : 0,
          "mean" : 0.000000,
          "stddev" : 0.000000,
          "N" : 102524
        },
        "clat_ns" : {
          "min" : 106094738,
          "max" : 10104959316,
          "mean" : 5066020600.737742,
          "stddev" : 2914610043.863719,
          "N" : 102524,
          "percentile" : {
            "1.000000" : 206569472,
            "5.000000" : 591396864,
            "10.000000" : 1035993088,
            "20.000000" : 2004877312,
            "30.000000" : 3003121664,
            "40.000000" : 4043309056,
            "50.000000" : 5066719232,
            "60.000000" : 6073352192,
            "70.000000" : 7079985152,
            "80.000000" : 8153726976,
            "90.000000" : 9059696640,
            "95.000000" : 9596567552,
            "99.000000" : 9999220736,
            "99.500000" : 9999220736,
            "99.900000" : 10133438464,
            "99.950000" : 10133438464,
            "99.990000" : 10133438464
          }
        },
        "lat_ns" : {
          "min" : 43391,
          "max" : 32614850,
          "mean" : 108918.121318,
          "stddev" : 315928.176718,
          "N" : 102524
        },
        "bw_min" : 38784,
        "bw_max" : 45560,
        "bw_agg" : 99.940254,
        "bw_mean" : 40981.052632,
        "bw_dev" : 1911.911129,
        "bw_samples" : 19,
        "iops_min" : 9696,
        "iops_max" : 11390,
        "iops_mean" : 10245.263158,
        "iops_stddev" : 477.977782,
        "iops_samples" : 19
      },
      "trim" : {
        "io_bytes" : 0,
        "io_kbytes" : 0,
        "bw_bytes" : 0,
        "bw" : 0,
        "iops" : 0.000000,
        "runtime" : 0,
        "total_ios" : 0,
        "short_ios" : 0,
        "drop_ios" : 0,
        "slat_ns" : {
          "min" : 0,
          "max" : 0,
          "mean" : 0.000000,
          "stddev" : 0.000000,
          "N" : 0
        },
        "clat_ns" : {
          "min" : 0,
          "max" : 0,
          "mean" : 0.000000,
          "stddev" : 0.000000,
          "N" : 0
        },
        "lat_ns" : {
          "min" : 0,
          "max" : 0,
          "mean" : 0.000000,
          "stddev" : 0.000000,
          "N" : 0
        },
        "bw_min" : 0,
        "bw_max" : 0,
        "bw_agg" : 0.000000,
        "bw_mean" : 0.000000,
        "bw_dev" : 0.000000,
        "bw_samples" : 0,
        "iops_min" : 0,
        "iops_max" : 0,
        "iops_mean" : 0.000000,
        "iops_stddev" : 0.000000,
        "iops_samples" : 0
      },
      "sync" : {
        "total_ios" : 0,
        "lat_ns" : {
          "min" : 0,
          "max" : 0,
          "mean" : 0.000000,
          "stddev" : 0.000000,
          "N" : 0
        }
      },
      "job_runtime" : 10000,
      "usr_cpu" : 10.400000,
      "sys_cpu" : 50.390000,
      "ctx" : 134343,
      "majf" : 0,
      "minf" : 41,
      "iodepth_level" : {
        "1" : 0.100000,
        "2" : 99.999513,
        "4" : 0.000000,
        "8" : 0.000000,
        "16" : 0.000000,
        "32" : 0.000000,
        ">=64" : 0.000000
      },
      "iodepth_submit" : {
        "0" : 0.000000,
        "4" : 100.000000,
        "8" : 0.000000,
        "16" : 0.000000,
        "32" : 0.000000,
        "64" : 0.000000,
        ">=64" : 0.000000
      },
      "iodepth_complete" : {
        "0" : 0.000000,
        "4" : 100.000000,
        "8" : 0.000000,
        "16" : 0.000000,
        "32" : 0.000000,
        "64" : 0.000000,
        ">=64" : 0.000000
      },
      "latency_ns" : {
        "2" : 0.000000,
        "4" : 0.000000,
        "10" : 0.000000,
        "20" : 0.000000,
        "50" : 0.000000,
        "100" : 0.000000,
        "250" : 0.000000,
        "500" : 0.000000,
        "750" : 0.000000,
        "1000" : 0.000000
      },
      "latency_us" : {
        "2" : 0.000000,
        "4" : 0.000000,
        "10" : 0.000000,
        "20" : 0.000000,
        "50" : 0.000000,
        "100" : 0.000000,
        "250" : 0.000000,
        "500" : 0.000000,
        "750" : 0.000000,
        "1000" : 0.000000
      },
      "latency_ms" : {
        "2" : 0.000000,
        "4" : 0.000000,
        "10" : 0.000000,
        "20" : 0.000000,
        "50" : 0.000000,
        "100" : 0.000000,
        "250" : 1.442474,
        "500" : 2.569163,
        "750" : 2.790895,
        "1000" : 2.770427,
        "2000" : 10.409205,
        ">=2000" : 80.017836
      },
      "latency_depth" : 2,
      "latency_target" : 0,
      "latency_percentile" : 100.000000,
      "latency_window" : 0
    }
  ],
  "disk_util" : [
    {
      "name" : "sdb",
      "read_ios" : 0,
      "write_ios" : 148,
      "read_sectors" : 0,
      "write_sectors" : 42568,
      "read_merges" : 0,
      "write_merges" : 1067,
      "read_ticks" : 0,
      "write_ticks" : 202,
      "in_queue" : 205,
      "util" : 0.170136
    }
  ]
}
