{
  "fio version" : "fio-3.40",
  "timestamp" : 1760609095,
  "timestamp_ms" : 1760609095809,
  "time" : "Thu Oct 16 10:04:55 2025",
  "global options" : {
    "ioengine" : "librawstor",
    "filename" : "ost://127.0.0.1:8080/01988675-e1e5-7788-9ed4-2f2d30910d23"
  },
  "jobs" : [
    {
      "jobname" : "rawstor",
      "groupid" : 0,
      "job_start" : 1760609085663,
      "error" : 0,
      "eta" : 0,
      "elapsed" : 11,
      "job options" : {
        "name" : "rawstor",
        "iodepth" : "2",
        "rw" : "randrw",
        "bs" : "4k",
        "size" : "1G",
        "numjobs" : "1",
        "runtime" : "10",
        "time_based" : "",
        "group_reporting" : ""
      },
      "read" : {
        "io_bytes" : 414261248,
        "io_kbytes" : 404552,
        "bw_bytes" : 41421982,
        "bw" : 40451,
        "iops" : 10112.788721,
        "runtime" : 10001,
        "total_ios" : 101138,
        "short_ios" : 0,
        "drop_ios" : 0,
        "slat_ns" : {
          "min" : 0,
          "max" : 0,
          "mean" : 0.000000,
          "stddev" : 0.000000,
          "N" : 101138
        },
        "clat_ns" : {
          "min" : 106102816,
          "max" : 10105309810,
          "mean" : 5068118462.345885,
          "stddev" : 2913326192.319653,
          "N" : 101138,
          "percentile" : {
            "1.000000" : 212860928,
            "5.000000" : 574619648,
            "10.000000" : 1069547520,
            "20.000000" : 1988100096,
            "30.000000" : 3036676096,
            "40.000000" : 4043309056,
            "50.000000" : 5066719232,
            "60.000000" : 6073352192,
            "70.000000" : 7079985152,
            "80.000000" : 8086618112,
            "90.000000" : 9059696640,
            "95.000000" : 9596567552,
            "99.000000" : 9999220736,
            "99.500000" : 9999220736,
            "99.900000" : 10133438464,
            "99.950000" : 10133438464,
            "99.990000" : 10133438464
          }
        },
        "lat_ns" : {
          "min" : 31218,
          "max" : 31245438,
          "mean" : 85552.893383,
          "stddev" : 311196.573234,
          "N" : 101138
        },
        "bw_min" : 37656,
        "bw_max" : 44912,
        "bw_agg" : 100.000000,
        "bw_mean" : 40455.200000,
        "bw_dev" : 1952.864175,
        "bw_samples" : 20,
        "iops_min" : 9414,
        "iops_max" : 11228,
        "iops_mean" : 10113.800000,
        "iops_stddev" : 488.216044,
        "iops_samples" : 20
      },
      "write" : {
        "io_bytes" : 413581312,
        "io_kbytes" : 403888,
        "bw_bytes" : 41353995,
        "bw" : 40384,
        "iops" : 10096.190381,
        "runtime" : 10001,
        "total_ios" : 100972,
        "short_ios" : 0,
        "drop_ios" : 0,
        "slat_ns" : {
          "min" : 0,
          "max" : 0,
          "mean" : 0.000000,
          "stddev" : 0.000000,
          "N" : 100972
        },
        "clat_ns" : {
          "min" : 106458159,
          "max" : 10105224391,
          "mean" : 5077221253.781973,
          "stddev" : 2921206763.294186,
          "N" : 100972,
          "percentile" : {
            "1.000000" : 208666624,
            "5.000000" : 566231040,
            "10.000000" : 1069547520,
            "20.000000" : 1988100096,
            "30.000000" : 3003121664,
            "40.000000" : 4043309056,
            "50.000000" : 5066719232,
            "60.000000" : 6073352192,
            "70.000000" : 7147094016,
            "80.000000" : 8153726976,
            "90.000000" : 9193914368,
            "95.000000" : 9596567552,
            "99.000000" : 9999220736,
            "99.500000" : 9999220736,
            "99.900000" : 10133438464,
            "99.950000" : 10133438464,
            "99.990000" : 10133438464
          }
        },
        "lat_ns" : {
          "min" : 41328,
          "max" : 31419193,
          "mean" : 109415.139969,
          "stddev" : 295584.546026,
          "N" : 100972
        },
        "bw_min" : 37576,
        "bw_max" : 44512,
        "bw_agg" : 100.000000,
        "bw_mean" : 40388.800000,
        "bw_dev" : 1889.742996,
        "bw_samples" : 20,
        "iops_min" : 9394,
        "iops_max" : 11128,
        "iops_mean" : 10097.200000,
        "iops_stddev" : 472.435749,
        "iops_samples" : 20
      },
      "trim" : {
        "io_bytes" : 0,
        "io_kbytes" : 0,
        "bw_bytes" : 0,
        "bw" : 0,
        "iops" : 0.000000,
        "runtime" : 0,
        "total_ios" : 0,
        "short_ios" : 0,
        "drop_ios" : 0,
        "slat_ns" : {
          "min" : 0,
          "max" : 0,
          "mean" : 0.000000,
          "stddev" : 0.000000,
          "N" : 0
        },
        "clat_ns" : {
          "min" : 0,
          "max" : 0,
          "mean" : 0.000000,
          "stddev" : 0.000000,
          "N" : 0
        },
        "lat_ns" : {
          "min" : 0,
          "max" : 0,
          "mean" : 0.000000,
          "stddev" : 0.000000,
          "N" : 0
        },
        "bw_min" : 0,
        "bw_max" : 0,
        "bw_agg" : 0.000000,
        "bw_mean" : 0.000000,
        "bw_dev" : 0.000000,
        "bw_samples" : 0,
        "iops_min" : 0,
        "iops_max" : 0,
        "iops_mean" : 0.000000,
        "iops_stddev" : 0.000000,
        "iops_samples" : 0
      },
      "sync" : {
        "total_ios" : 0,
        "lat_ns" : {
          "min" : 0,
          "max" : 0,
          "mean" : 0.000000,
          "stddev" : 0.000000,
          "N" : 0
        }
      },
      "job_runtime" : 10000,
      "usr_cpu" : 10.780000,
      "sys_cpu" : 49.630000,
      "ctx" : 132753,
      "majf" : 0,
      "minf" : 43,
      "iodepth_level" : {
        "1" : 0.100000,
        "2" : 99.999505,
        "4" : 0.000000,
        "8" : 0.000000,
        "16" : 0.000000,
        "32" : 0.000000,
        ">=64" : 0.000000
      },
      "iodepth_submit" : {
        "0" : 0.000000,
        "4" : 100.000000,
        "8" : 0.000000,
        "16" : 0.000000,
        "32" : 0.000000,
        "64" : 0.000000,
        ">=64" : 0.000000
      },
      "iodepth_complete" : {
        "0" : 0.000000,
        "4" : 100.000000,
        "8" : 0.000000,
        "16" : 0.000000,
        "32" : 0.000000,
        "64" : 0.000000,
        ">=64" : 0.000000
      },
      "latency_ns" : {
        "2" : 0.000000,
        "4" : 0.000000,
        "10" : 0.000000,
        "20" : 0.000000,
        "50" : 0.000000,
        "100" : 0.000000,
        "250" : 0.000000,
        "500" : 0.000000,
        "750" : 0.000000,
        "1000" : 0.000000
      },
      "latency_us" : {
        "2" : 0.000000,
        "4" : 0.000000,
        "10" : 0.000000,
        "20" : 0.000000,
        "50" : 0.000000,
        "100" : 0.000000,
        "250" : 0.000000,
        "500" : 0.000000,
        "750" : 0.000000,
        "1000" : 0.000000
      },
      "latency_ms" : {
        "2" : 0.000000,
        "4" : 0.000000,
        "10" : 0.000000,
        "20" : 0.000000,
        "50" : 0.000000,
        "100" : 0.000000,
        "250" : 1.429420,
        "500" : 2.737618,
        "750" : 2.822226,
        "1000" : 2.533274,
        "2000" : 10.552669,
        ">=2000" : 79.924793
      },
      "latency_depth" : 2,
      "latency_target" : 0,
      "latency_percentile" : 100.000000,
      "latency_window" : 0
    }
  ],
  "disk_util" : [
    {
      "name" : "sdb",
      "read_ios" : 0,
      "write_ios" : 301,
      "read_sectors" : 0,
      "write_sectors" : 40425,
      "read_merges" : 0,
      "write_merges" : 1500,
      "read_ticks" : 0,
      "write_ticks" : 354,
      "in_queue" : 362,
      "util" : 0.280308
    }
  ]
}
