{
  "fio version" : "fio-3.40",
  "timestamp" : 1768318708,
  "timestamp_ms" : 1768318708224,
  "time" : "Tue Jan 13 15:38:28 2026",
  "global options" : {
    "ioengine" : "librawstor",
    "filename" : "ost://127.0.0.1:8080/01988675-e1e5-7788-9ed4-2f2d30910d23"
  },
  "jobs" : [
    {
      "jobname" : "rawstor",
      "groupid" : 0,
      "job_start" : 1768318698076,
      "error" : 0,
      "eta" : 0,
      "elapsed" : 11,
      "job options" : {
        "name" : "rawstor",
        "iodepth" : "2",
        "rw" : "randrw",
        "bs" : "4k",
        "size" : "1G",
        "numjobs" : "1",
        "runtime" : "10",
        "time_based" : "",
        "group_reporting" : ""
      },
      "read" : {
        "io_bytes" : 652640256,
        "io_kbytes" : 637344,
        "bw_bytes" : 65244452,
        "bw" : 63715,
        "iops" : 15928.821354,
        "runtime" : 10003,
        "total_ios" : 159336,
        "short_ios" : 0,
        "drop_ios" : 0,
        "slat_ns" : {
          "min" : 0,
          "max" : 0,
          "mean" : 0.000000,
          "stddev" : 0.000000,
          "N" : 159336
        },
        "clat_ns" : {
          "min" : 104543501,
          "max" : 10105849907,
          "mean" : 5129646946.789800,
          "stddev" : 2910384866.096493,
          "N" : 159336,
          "percentile" : {
            "1.000000" : 208666624,
            "5.000000" : 574619648,
            "10.000000" : 1082130432,
            "20.000000" : 2071986176,
            "30.000000" : 3070230528,
            "40.000000" : 4143972352,
            "50.000000" : 5133828096,
            "60.000000" : 6207569920,
            "70.000000" : 7214202880,
            "80.000000" : 8153726976,
            "90.000000" : 9059696640,
            "95.000000" : 9596567552,
            "99.000000" : 9999220736,
            "99.500000" : 9999220736,
            "99.900000" : 9999220736,
            "99.950000" : 9999220736,
            "99.990000" : 9999220736
          }
        },
        "lat_ns" : {
          "min" : 18558,
          "max" : 53363707,
          "mean" : 52800.297259,
          "stddev" : 344566.122513,
          "N" : 159336
        },
        "bw_min" : 57560,
        "bw_max" : 68960,
        "bw_agg" : 100.000000,
        "bw_mean" : 63734.400000,
        "bw_dev" : 3230.808118,
        "bw_samples" : 20,
        "iops_min" : 14390,
        "iops_max" : 17240,
        "iops_mean" : 15933.600000,
        "iops_stddev" : 807.702029,
        "iops_samples" : 20
      },
      "write" : {
        "io_bytes" : 652812288,
        "io_kbytes" : 637512,
        "bw_bytes" : 65261650,
        "bw" : 63732,
        "iops" : 15933.020094,
        "runtime" : 10003,
        "total_ios" : 159378,
        "short_ios" : 0,
        "drop_ios" : 0,
        "slat_ns" : {
          "min" : 0,
          "max" : 0,
          "mean" : 0.000000,
          "stddev" : 0.000000,
          "N" : 159378
        },
        "clat_ns" : {
          "min" : 104695900,
          "max" : 10105834889,
          "mean" : 5138397688.679480,
          "stddev" : 2909140756.924614,
          "N" : 159378,
          "percentile" : {
            "1.000000" : 204472320,
            "5.000000" : 574619648,
            "10.000000" : 1082130432,
            "20.000000" : 2071986176,
            "30.000000" : 3103784960,
            "40.000000" : 4177526784,
            "50.000000" : 5133828096,
            "60.000000" : 6207569920,
            "70.000000" : 7214202880,
            "80.000000" : 8153726976,
            "90.000000" : 9059696640,
            "95.000000" : 9596567552,
            "99.000000" : 9999220736,
            "99.500000" : 9999220736,
            "99.900000" : 9999220736,
            "99.950000" : 9999220736,
            "99.990000" : 9999220736
          }
        },
        "lat_ns" : {
          "min" : 24027,
          "max" : 55361861,
          "mean" : 71220.015059,
          "stddev" : 545221.590231,
          "N" : 159378
        },
        "bw_min" : 57856,
        "bw_max" : 69520,
        "bw_agg" : 100.000000,
        "bw_mean" : 63751.200000,
        "bw_dev" : 3183.136513,
        "bw_samples" : 20,
        "iops_min" : 14464,
        "iops_max" : 17380,
        "iops_mean" : 15937.800000,
        "iops_stddev" : 795.784128,
        "iops_samples" : 20
      },
      "trim" : {
        "io_bytes" : 0,
        "io_kbytes" : 0,
        "bw_bytes" : 0,
        "bw" : 0,
        "iops" : 0.000000,
        "runtime" : 0,
        "total_ios" : 0,
        "short_ios" : 0,
        "drop_ios" : 0,
        "slat_ns" : {
          "min" : 0,
          "max" : 0,
          "mean" : 0.000000,
          "stddev" : 0.000000,
          "N" : 0
        },
        "clat_ns" : {
          "min" : 0,
          "max" : 0,
          "mean" : 0.000000,
          "stddev" : 0.000000,
          "N" : 0
        },
        "lat_ns" : {
          "min" : 0,
          "max" : 0,
          "mean" : 0.000000,
          "stddev" : 0.000000,
          "N" : 0
        },
        "bw_min" : 0,
        "bw_max" : 0,
        "bw_agg" : 0.000000,
        "bw_mean" : 0.000000,
        "bw_dev" : 0.000000,
        "bw_samples" : 0,
        "iops_min" : 0,
        "iops_max" : 0,
        "iops_mean" : 0.000000,
        "iops_stddev" : 0.000000,
        "iops_samples" : 0
      },
      "sync" : {
        "total_ios" : 0,
        "lat_ns" : {
          "min" : 0,
          "max" : 0,
          "mean" : 0.000000,
          "stddev" : 0.000000,
          "N" : 0
        }
      },
      "job_runtime" : 10002,
      "usr_cpu" : 11.327734,
      "sys_cpu" : 38.932214,
      "ctx" : 209477,
      "majf" : 0,
      "minf" : 42,
      "iodepth_level" : {
        "1" : 0.100000,
        "2" : 99.999686,
        "4" : 0.000000,
        "8" : 0.000000,
        "16" : 0.000000,
        "32" : 0.000000,
        ">=64" : 0.000000
      },
      "iodepth_submit" : {
        "0" : 0.000000,
        "4" : 100.000000,
        "8" : 0.000000,
        "16" : 0.000000,
        "32" : 0.000000,
        "64" : 0.000000,
        ">=64" : 0.000000
      },
      "iodepth_complete" : {
        "0" : 0.000000,
        "4" : 100.000000,
        "8" : 0.000000,
        "16" : 0.000000,
        "32" : 0.000000,
        "64" : 0.000000,
        ">=64" : 0.000000
      },
      "latency_ns" : {
        "2" : 0.000000,
        "4" : 0.000000,
        "10" : 0.000000,
        "20" : 0.000000,
        "50" : 0.000000,
        "100" : 0.000000,
        "250" : 0.000000,
        "500" : 0.000000,
        "750" : 0.000000,
        "1000" : 0.000000
      },
      "latency_us" : {
        "2" : 0.000000,
        "4" : 0.000000,
        "10" : 0.000000,
        "20" : 0.000000,
        "50" : 0.000000,
        "100" : 0.000000,
        "250" : 0.000000,
        "500" : 0.000000,
        "750" : 0.000000,
        "1000" : 0.000000
      },
      "latency_ms" : {
        "2" : 0.000000,
        "4" : 0.000000,
        "10" : 0.000000,
        "20" : 0.000000,
        "50" : 0.000000,
        "100" : 0.000000,
        "250" : 1.389020,
        "500" : 2.781491,
        "750" : 2.654417,
        "1000" : 2.331871,
        "2000" : 10.108436,
        ">=2000" : 80.734765
      },
      "latency_depth" : 2,
      "latency_target" : 0,
      "latency_percentile" : 100.000000,
      "latency_window" : 0
    }
  ],
  "disk_util" : [
    {
      "name" : "sdb",
      "read_ios" : 0,
      "write_ios" : 168,
      "read_sectors" : 0,
      "write_sectors" : 51200,
      "read_merges" : 0,
      "write_merges" : 1090,
      "read_ticks" : 0,
      "write_ticks" : 176,
      "in_queue" : 180,
      "util" : 0.170119
    }
  ]
}
