{
  "fio version" : "fio-3.40",
  "timestamp" : 1767366277,
  "timestamp_ms" : 1767366277367,
  "time" : "Fri Jan  2 15:04:37 2026",
  "global options" : {
    "ioengine" : "librawstor",
    "filename" : "ost://127.0.0.1:8080/01988675-e1e5-7788-9ed4-2f2d30910d23"
  },
  "jobs" : [
    {
      "jobname" : "rawstor",
      "groupid" : 0,
      "job_start" : 1767366267220,
      "error" : 0,
      "eta" : 0,
      "elapsed" : 11,
      "job options" : {
        "name" : "rawstor",
        "iodepth" : "2",
        "rw" : "randrw",
        "bs" : "4k",
        "size" : "1G",
        "numjobs" : "1",
        "runtime" : "10",
        "time_based" : "",
        "group_reporting" : ""
      },
      "read" : {
        "io_bytes" : 441491456,
        "io_kbytes" : 431144,
        "bw_bytes" : 44144731,
        "bw" : 43110,
        "iops" : 10777.522248,
        "runtime" : 10001,
        "total_ios" : 107786,
        "short_ios" : 0,
        "drop_ios" : 0,
        "slat_ns" : {
          "min" : 0,
          "max" : 0,
          "mean" : 0.000000,
          "stddev" : 0.000000,
          "N" : 107786
        },
        "clat_ns" : {
          "min" : 105851630,
          "max" : 10105067445,
          "mean" : 5049876066.266621,
          "stddev" : 2890752032.890048,
          "N" : 107786,
          "percentile" : {
            "1.000000" : 229638144,
            "5.000000" : 608174080,
            "10.000000" : 1061158912,
            "20.000000" : 2071986176,
            "30.000000" : 3070230528,
            "40.000000" : 3976200192,
            "50.000000" : 4999610368,
            "60.000000" : 6006243328,
            "70.000000" : 7079985152,
            "80.000000" : 8086618112,
            "90.000000" : 9059696640,
            "95.000000" : 9596567552,
            "99.000000" : 9999220736,
            "99.500000" : 9999220736,
            "99.900000" : 10133438464,
            "99.950000" : 10133438464,
            "99.990000" : 10133438464
          }
        },
        "lat_ns" : {
          "min" : 31558,
          "max" : 30981577,
          "mean" : 79608.623235,
          "stddev" : 278861.455394,
          "N" : 107786
        },
        "bw_min" : 40696,
        "bw_max" : 48512,
        "bw_agg" : 100.000000,
        "bw_mean" : 43114.400000,
        "bw_dev" : 2343.533778,
        "bw_samples" : 20,
        "iops_min" : 10174,
        "iops_max" : 12128,
        "iops_mean" : 10778.600000,
        "iops_stddev" : 585.883444,
        "iops_samples" : 20
      },
      "write" : {
        "io_bytes" : 440377344,
        "io_kbytes" : 430056,
        "bw_bytes" : 44033331,
        "bw" : 43001,
        "iops" : 10750.324968,
        "runtime" : 10001,
        "total_ios" : 107514,
        "short_ios" : 0,
        "drop_ios" : 0,
        "slat_ns" : {
          "min" : 0,
          "max" : 0,
          "mean" : 0.000000,
          "stddev" : 0.000000,
          "N" : 107514
        },
        "clat_ns" : {
          "min" : 106114930,
          "max" : 10104967650,
          "mean" : 5053577225.721738,
          "stddev" : 2893979496.061133,
          "N" : 107514,
          "percentile" : {
            "1.000000" : 223346688,
            "5.000000" : 608174080,
            "10.000000" : 1061158912,
            "20.000000" : 2071986176,
            "30.000000" : 3036676096,
            "40.000000" : 3976200192,
            "50.000000" : 4999610368,
            "60.000000" : 6073352192,
            "70.000000" : 7079985152,
            "80.000000" : 8086618112,
            "90.000000" : 9059696640,
            "95.000000" : 9596567552,
            "99.000000" : 9999220736,
            "99.500000" : 9999220736,
            "99.900000" : 10133438464,
            "99.950000" : 10133438464,
            "99.990000" : 10133438464
          }
        },
        "lat_ns" : {
          "min" : 46046,
          "max" : 37148523,
          "mean" : 103448.645795,
          "stddev" : 327494.774864,
          "N" : 107514
        },
        "bw_min" : 39848,
        "bw_max" : 47632,
        "bw_agg" : 100.000000,
        "bw_mean" : 43005.600000,
        "bw_dev" : 2138.667524,
        "bw_samples" : 20,
        "iops_min" : 9962,
        "iops_max" : 11908,
        "iops_mean" : 10751.400000,
        "iops_stddev" : 534.923152,
        "iops_samples" : 20
      },
      "trim" : {
        "io_bytes" : 0,
        "io_kbytes" : 0,
        "bw_bytes" : 0,
        "bw" : 0,
        "iops" : 0.000000,
        "runtime" : 0,
        "total_ios" : 0,
        "short_ios" : 0,
        "drop_ios" : 0,
        "slat_ns" : {
          "min" : 0,
          "max" : 0,
          "mean" : 0.000000,
          "stddev" : 0.000000,
          "N" : 0
        },
        "clat_ns" : {
          "min" : 0,
          "max" : 0,
          "mean" : 0.000000,
          "stddev" : 0.000000,
          "N" : 0
        },
        "lat_ns" : {
          "min" : 0,
          "max" : 0,
          "mean" : 0.000000,
          "stddev" : 0.000000,
          "N" : 0
        },
        "bw_min" : 0,
        "bw_max" : 0,
        "bw_agg" : 0.000000,
        "bw_mean" : 0.000000,
        "bw_dev" : 0.000000,
        "bw_samples" : 0,
        "iops_min" : 0,
        "iops_max" : 0,
        "iops_mean" : 0.000000,
        "iops_stddev" : 0.000000,
        "iops_samples" : 0
      },
      "sync" : {
        "total_ios" : 0,
        "lat_ns" : {
          "min" : 0,
          "max" : 0,
          "mean" : 0.000000,
          "stddev" : 0.000000,
          "N" : 0
        }
      },
      "job_runtime" : 10000,
      "usr_cpu" : 11.450000,
      "sys_cpu" : 50.520000,
      "ctx" : 142296,
      "majf" : 0,
      "minf" : 42,
      "iodepth_level" : {
        "1" : 0.100000,
        "2" : 99.999536,
        "4" : 0.000000,
        "8" : 0.000000,
        "16" : 0.000000,
        "32" : 0.000000,
        ">=64" : 0.000000
      },
      "iodepth_submit" : {
        "0" : 0.000000,
        "4" : 100.000000,
        "8" : 0.000000,
        "16" : 0.000000,
        "32" : 0.000000,
        "64" : 0.000000,
        ">=64" : 0.000000
      },
      "iodepth_complete" : {
        "0" : 0.000000,
        "4" : 100.000000,
        "8" : 0.000000,
        "16" : 0.000000,
        "32" : 0.000000,
        "64" : 0.000000,
        ">=64" : 0.000000
      },
      "latency_ns" : {
        "2" : 0.000000,
        "4" : 0.000000,
        "10" : 0.000000,
        "20" : 0.000000,
        "50" : 0.000000,
        "100" : 0.000000,
        "250" : 0.000000,
        "500" : 0.000000,
        "750" : 0.000000,
        "1000" : 0.000000
      },
      "latency_us" : {
        "2" : 0.000000,
        "4" : 0.000000,
        "10" : 0.000000,
        "20" : 0.000000,
        "50" : 0.000000,
        "100" : 0.000000,
        "250" : 0.000000,
        "500" : 0.000000,
        "750" : 0.000000,
        "1000" : 0.000000
      },
      "latency_ms" : {
        "2" : 0.000000,
        "4" : 0.000000,
        "10" : 0.000000,
        "20" : 0.000000,
        "50" : 0.000000,
        "100" : 0.000000,
        "250" : 1.185323,
        "500" : 2.607060,
        "750" : 2.793776,
        "1000" : 2.690664,
        "2000" : 10.340920,
        ">=2000" : 80.382257
      },
      "latency_depth" : 2,
      "latency_target" : 0,
      "latency_percentile" : 100.000000,
      "latency_window" : 0
    }
  ],
  "disk_util" : [
    {
      "name" : "sdb",
      "read_ios" : 0,
      "write_ios" : 135,
      "read_sectors" : 0,
      "write_sectors" : 54256,
      "read_merges" : 0,
      "write_merges" : 1121,
      "read_ticks" : 0,
      "write_ticks" : 293,
      "in_queue" : 306,
      "util" : 0.300270
    }
  ]
}
