{
  "fio version" : "fio-3.40",
  "timestamp" : 1758438478,
  "timestamp_ms" : 1758438478314,
  "time" : "Sun Sep 21 07:07:58 2025",
  "global options" : {
    "ioengine" : "librawstor",
    "filename" : "01988675-e1e5-7788-9ed4-2f2d30910d23"
  },
  "jobs" : [
    {
      "jobname" : "rawstor",
      "groupid" : 0,
      "job_start" : 1758438468169,
      "error" : 0,
      "eta" : 0,
      "elapsed" : 11,
      "job options" : {
        "name" : "rawstor",
        "iodepth" : "2",
        "rw" : "randrw",
        "bs" : "4k",
        "size" : "1G",
        "numjobs" : "1",
        "runtime" : "10",
        "time_based" : "",
        "group_reporting" : ""
      },
      "read" : {
        "io_bytes" : 434778112,
        "io_kbytes" : 424588,
        "bw_bytes" : 43473463,
        "bw" : 42454,
        "iops" : 10613.638636,
        "runtime" : 10001,
        "total_ios" : 106147,
        "short_ios" : 0,
        "drop_ios" : 0,
        "slat_ns" : {
          "min" : 0,
          "max" : 0,
          "mean" : 0.000000,
          "stddev" : 0.000000,
          "N" : 106147
        },
        "clat_ns" : {
          "min" : 106902106,
          "max" : 10105595215,
          "mean" : 5068693681.822233,
          "stddev" : 2919058830.883750,
          "N" : 106147,
          "percentile" : {
            "1.000000" : 214958080,
            "5.000000" : 574619648,
            "10.000000" : 1019215872,
            "20.000000" : 2021654528,
            "30.000000" : 3003121664,
            "40.000000" : 3976200192,
            "50.000000" : 5066719232,
            "60.000000" : 6073352192,
            "70.000000" : 7079985152,
            "80.000000" : 8153726976,
            "90.000000" : 9193914368,
            "95.000000" : 9596567552,
            "99.000000" : 9999220736,
            "99.500000" : 9999220736,
            "99.900000" : 10133438464,
            "99.950000" : 10133438464,
            "99.990000" : 10133438464
          }
        },
        "lat_ns" : {
          "min" : 29916,
          "max" : 33983518,
          "mean" : 82070.592235,
          "stddev" : 321757.474035,
          "N" : 106147
        },
        "bw_min" : 38544,
        "bw_max" : 47376,
        "bw_agg" : 100.000000,
        "bw_mean" : 42562.526316,
        "bw_dev" : 2439.194115,
        "bw_samples" : 19,
        "iops_min" : 9636,
        "iops_max" : 11844,
        "iops_mean" : 10640.631579,
        "iops_stddev" : 609.798529,
        "iops_samples" : 19
      },
      "write" : {
        "io_bytes" : 433954816,
        "io_kbytes" : 423784,
        "bw_bytes" : 43391142,
        "bw" : 42374,
        "iops" : 10593.540646,
        "runtime" : 10001,
        "total_ios" : 105946,
        "short_ios" : 0,
        "drop_ios" : 0,
        "slat_ns" : {
          "min" : 0,
          "max" : 0,
          "mean" : 0.000000,
          "stddev" : 0.000000,
          "N" : 105946
        },
        "clat_ns" : {
          "min" : 107096858,
          "max" : 10105599994,
          "mean" : 5075703292.040253,
          "stddev" : 2924487109.006194,
          "N" : 105946,
          "percentile" : {
            "1.000000" : 208666624,
            "5.000000" : 574619648,
            "10.000000" : 1019215872,
            "20.000000" : 2021654528,
            "30.000000" : 3003121664,
            "40.000000" : 4009754624,
            "50.000000" : 5066719232,
            "60.000000" : 6140461056,
            "70.000000" : 7147094016,
            "80.000000" : 8153726976,
            "90.000000" : 9193914368,
            "95.000000" : 9596567552,
            "99.000000" : 9999220736,
            "99.500000" : 9999220736,
            "99.900000" : 10133438464,
            "99.950000" : 10133438464,
            "99.990000" : 10133438464
          }
        },
        "lat_ns" : {
          "min" : 41879,
          "max" : 34041525,
          "mean" : 103634.351972,
          "stddev" : 285996.424654,
          "N" : 105946
        },
        "bw_min" : 38696,
        "bw_max" : 46912,
        "bw_agg" : 100.000000,
        "bw_mean" : 42489.263158,
        "bw_dev" : 2510.461331,
        "bw_samples" : 19,
        "iops_min" : 9674,
        "iops_max" : 11728,
        "iops_mean" : 10622.315789,
        "iops_stddev" : 627.615333,
        "iops_samples" : 19
      },
      "trim" : {
        "io_bytes" : 0,
        "io_kbytes" : 0,
        "bw_bytes" : 0,
        "bw" : 0,
        "iops" : 0.000000,
        "runtime" : 0,
        "total_ios" : 0,
        "short_ios" : 0,
        "drop_ios" : 0,
        "slat_ns" : {
          "min" : 0,
          "max" : 0,
          "mean" : 0.000000,
          "stddev" : 0.000000,
          "N" : 0
        },
        "clat_ns" : {
          "min" : 0,
          "max" : 0,
          "mean" : 0.000000,
          "stddev" : 0.000000,
          "N" : 0
        },
        "lat_ns" : {
          "min" : 0,
          "max" : 0,
          "mean" : 0.000000,
          "stddev" : 0.000000,
          "N" : 0
        },
        "bw_min" : 0,
        "bw_max" : 0,
        "bw_agg" : 0.000000,
        "bw_mean" : 0.000000,
        "bw_dev" : 0.000000,
        "bw_samples" : 0,
        "iops_min" : 0,
        "iops_max" : 0,
        "iops_mean" : 0.000000,
        "iops_stddev" : 0.000000,
        "iops_samples" : 0
      },
      "sync" : {
        "total_ios" : 0,
        "lat_ns" : {
          "min" : 0,
          "max" : 0,
          "mean" : 0.000000,
          "stddev" : 0.000000,
          "N" : 0
        }
      },
      "job_runtime" : 10000,
      "usr_cpu" : 8.560000,
      "sys_cpu" : 50.710000,
      "ctx" : 144084,
      "majf" : 0,
      "minf" : 288,
      "iodepth_level" : {
        "1" : 0.100000,
        "2" : 99.999529,
        "4" : 0.000000,
        "8" : 0.000000,
        "16" : 0.000000,
        "32" : 0.000000,
        ">=64" : 0.000000
      },
      "iodepth_submit" : {
        "0" : 0.000000,
        "4" : 100.000000,
        "8" : 0.000000,
        "16" : 0.000000,
        "32" : 0.000000,
        "64" : 0.000000,
        ">=64" : 0.000000
      },
      "iodepth_complete" : {
        "0" : 0.000000,
        "4" : 100.000000,
        "8" : 0.000000,
        "16" : 0.000000,
        "32" : 0.000000,
        "64" : 0.000000,
        ">=64" : 0.000000
      },
      "latency_ns" : {
        "2" : 0.000000,
        "4" : 0.000000,
        "10" : 0.000000,
        "20" : 0.000000,
        "50" : 0.000000,
        "100" : 0.000000,
        "250" : 0.000000,
        "500" : 0.000000,
        "750" : 0.000000,
        "1000" : 0.000000
      },
      "latency_us" : {
        "2" : 0.000000,
        "4" : 0.000000,
        "10" : 0.000000,
        "20" : 0.000000,
        "50" : 0.000000,
        "100" : 0.000000,
        "250" : 0.000000,
        "500" : 0.000000,
        "750" : 0.000000,
        "1000" : 0.000000
      },
      "latency_ms" : {
        "2" : 0.000000,
        "4" : 0.000000,
        "10" : 0.000000,
        "20" : 0.000000,
        "50" : 0.000000,
        "100" : 0.000000,
        "250" : 1.416831,
        "500" : 2.724277,
        "750" : 2.854880,
        "1000" : 2.777084,
        "2000" : 9.968740,
        ">=2000" : 80.258189
      },
      "latency_depth" : 2,
      "latency_target" : 0,
      "latency_percentile" : 100.000000,
      "latency_window" : 0
    }
  ],
  "disk_util" : [
    {
      "name" : "sdb",
      "read_ios" : 0,
      "write_ios" : 224,
      "read_sectors" : 0,
      "write_sectors" : 43000,
      "read_merges" : 0,
      "write_merges" : 1133,
      "read_ticks" : 0,
      "write_ticks" : 313,
      "in_queue" : 320,
      "util" : 0.230253
    }
  ]
}
