{
  "fio version" : "fio-3.40",
  "timestamp" : 1761477480,
  "timestamp_ms" : 1761477480217,
  "time" : "Sun Oct 26 11:18:00 2025",
  "global options" : {
    "ioengine" : "librawstor",
    "filename" : "ost://127.0.0.1:8080/01988675-e1e5-7788-9ed4-2f2d30910d23"
  },
  "jobs" : [
    {
      "jobname" : "rawstor",
      "groupid" : 0,
      "job_start" : 1761477470071,
      "error" : 0,
      "eta" : 0,
      "elapsed" : 11,
      "job options" : {
        "name" : "rawstor",
        "iodepth" : "2",
        "rw" : "randrw",
        "bs" : "4k",
        "size" : "1G",
        "numjobs" : "1",
        "runtime" : "10",
        "time_based" : "",
        "group_reporting" : ""
      },
      "read" : {
        "io_bytes" : 425783296,
        "io_kbytes" : 415804,
        "bw_bytes" : 42574072,
        "bw" : 41576,
        "iops" : 10394.060594,
        "runtime" : 10001,
        "total_ios" : 103951,
        "short_ios" : 0,
        "drop_ios" : 0,
        "slat_ns" : {
          "min" : 0,
          "max" : 0,
          "mean" : 0.000000,
          "stddev" : 0.000000,
          "N" : 103951
        },
        "clat_ns" : {
          "min" : 106117003,
          "max" : 10105288036,
          "mean" : 5066018101.347775,
          "stddev" : 2909969040.343217,
          "N" : 103951,
          "percentile" : {
            "1.000000" : 214958080,
            "5.000000" : 583008256,
            "10.000000" : 1035993088,
            "20.000000" : 1971322880,
            "30.000000" : 3036676096,
            "40.000000" : 4043309056,
            "50.000000" : 5066719232,
            "60.000000" : 6140461056,
            "70.000000" : 7079985152,
            "80.000000" : 8086618112,
            "90.000000" : 9059696640,
            "95.000000" : 9596567552,
            "99.000000" : 9999220736,
            "99.500000" : 9999220736,
            "99.900000" : 10133438464,
            "99.950000" : 10133438464,
            "99.990000" : 10133438464
          }
        },
        "lat_ns" : {
          "min" : 30647,
          "max" : 33485226,
          "mean" : 83392.988995,
          "stddev" : 292111.967948,
          "N" : 103951
        },
        "bw_min" : 38944,
        "bw_max" : 46576,
        "bw_agg" : 100.000000,
        "bw_mean" : 41684.631579,
        "bw_dev" : 2274.614014,
        "bw_samples" : 19,
        "iops_min" : 9736,
        "iops_max" : 11644,
        "iops_mean" : 10421.157895,
        "iops_stddev" : 568.634745,
        "iops_samples" : 19
      },
      "write" : {
        "io_bytes" : 425066496,
        "io_kbytes" : 415104,
        "bw_bytes" : 42502399,
        "bw" : 41506,
        "iops" : 10376.562344,
        "runtime" : 10001,
        "total_ios" : 103776,
        "short_ios" : 0,
        "drop_ios" : 0,
        "slat_ns" : {
          "min" : 0,
          "max" : 0,
          "mean" : 0.000000,
          "stddev" : 0.000000,
          "N" : 103776
        },
        "clat_ns" : {
          "min" : 106287641,
          "max" : 10105292865,
          "mean" : 5074315929.563050,
          "stddev" : 2916620866.392569,
          "N" : 103776,
          "percentile" : {
            "1.000000" : 208666624,
            "5.000000" : 583008256,
            "10.000000" : 1035993088,
            "20.000000" : 1971322880,
            "30.000000" : 3036676096,
            "40.000000" : 4043309056,
            "50.000000" : 5133828096,
            "60.000000" : 6140461056,
            "70.000000" : 7147094016,
            "80.000000" : 8086618112,
            "90.000000" : 9059696640,
            "95.000000" : 9596567552,
            "99.000000" : 9999220736,
            "99.500000" : 9999220736,
            "99.900000" : 10133438464,
            "99.950000" : 10133438464,
            "99.990000" : 10133438464
          }
        },
        "lat_ns" : {
          "min" : 43462,
          "max" : 31915125,
          "mean" : 106484.293690,
          "stddev" : 299704.070339,
          "N" : 103776
        },
        "bw_min" : 38384,
        "bw_max" : 46272,
        "bw_agg" : 100.000000,
        "bw_mean" : 41621.894737,
        "bw_dev" : 2380.668578,
        "bw_samples" : 19,
        "iops_min" : 9596,
        "iops_max" : 11568,
        "iops_mean" : 10405.473684,
        "iops_stddev" : 595.167144,
        "iops_samples" : 19
      },
      "trim" : {
        "io_bytes" : 0,
        "io_kbytes" : 0,
        "bw_bytes" : 0,
        "bw" : 0,
        "iops" : 0.000000,
        "runtime" : 0,
        "total_ios" : 0,
        "short_ios" : 0,
        "drop_ios" : 0,
        "slat_ns" : {
          "min" : 0,
          "max" : 0,
          "mean" : 0.000000,
          "stddev" : 0.000000,
          "N" : 0
        },
        "clat_ns" : {
          "min" : 0,
          "max" : 0,
          "mean" : 0.000000,
          "stddev" : 0.000000,
          "N" : 0
        },
        "lat_ns" : {
          "min" : 0,
          "max" : 0,
          "mean" : 0.000000,
          "stddev" : 0.000000,
          "N" : 0
        },
        "bw_min" : 0,
        "bw_max" : 0,
        "bw_agg" : 0.000000,
        "bw_mean" : 0.000000,
        "bw_dev" : 0.000000,
        "bw_samples" : 0,
        "iops_min" : 0,
        "iops_max" : 0,
        "iops_mean" : 0.000000,
        "iops_stddev" : 0.000000,
        "iops_samples" : 0
      },
      "sync" : {
        "total_ios" : 0,
        "lat_ns" : {
          "min" : 0,
          "max" : 0,
          "mean" : 0.000000,
          "stddev" : 0.000000,
          "N" : 0
        }
      },
      "job_runtime" : 10000,
      "usr_cpu" : 11.110000,
      "sys_cpu" : 50.550000,
      "ctx" : 134374,
      "majf" : 0,
      "minf" : 42,
      "iodepth_level" : {
        "1" : 0.100000,
        "2" : 99.999519,
        "4" : 0.000000,
        "8" : 0.000000,
        "16" : 0.000000,
        "32" : 0.000000,
        ">=64" : 0.000000
      },
      "iodepth_submit" : {
        "0" : 0.000000,
        "4" : 100.000000,
        "8" : 0.000000,
        "16" : 0.000000,
        "32" : 0.000000,
        "64" : 0.000000,
        ">=64" : 0.000000
      },
      "iodepth_complete" : {
        "0" : 0.000000,
        "4" : 100.000000,
        "8" : 0.000000,
        "16" : 0.000000,
        "32" : 0.000000,
        "64" : 0.000000,
        ">=64" : 0.000000
      },
      "latency_ns" : {
        "2" : 0.000000,
        "4" : 0.000000,
        "10" : 0.000000,
        "20" : 0.000000,
        "50" : 0.000000,
        "100" : 0.000000,
        "250" : 0.000000,
        "500" : 0.000000,
        "750" : 0.000000,
        "1000" : 0.000000
      },
      "latency_us" : {
        "2" : 0.000000,
        "4" : 0.000000,
        "10" : 0.000000,
        "20" : 0.000000,
        "50" : 0.000000,
        "100" : 0.000000,
        "250" : 0.000000,
        "500" : 0.000000,
        "750" : 0.000000,
        "1000" : 0.000000
      },
      "latency_ms" : {
        "2" : 0.000000,
        "4" : 0.000000,
        "10" : 0.000000,
        "20" : 0.000000,
        "50" : 0.000000,
        "100" : 0.000000,
        "250" : 1.412912,
        "500" : 2.656853,
        "750" : 2.800310,
        "1000" : 2.749763,
        "2000" : 10.665441,
        ">=2000" : 79.714722
      },
      "latency_depth" : 2,
      "latency_target" : 0,
      "latency_percentile" : 100.000000,
      "latency_window" : 0
    }
  ],
  "disk_util" : [
    {
      "name" : "sdb",
      "read_ios" : 0,
      "write_ios" : 115,
      "read_sectors" : 0,
      "write_sectors" : 37792,
      "read_merges" : 0,
      "write_merges" : 1046,
      "read_ticks" : 0,
      "write_ticks" : 449,
      "in_queue" : 453,
      "util" : 0.140140
    }
  ]
}
