{
  "fio version" : "fio-3.40",
  "timestamp" : 1767954526,
  "timestamp_ms" : 1767954526935,
  "time" : "Fri Jan  9 10:28:46 2026",
  "global options" : {
    "ioengine" : "librawstor",
    "filename" : "ost://127.0.0.1:8080/01988675-e1e5-7788-9ed4-2f2d30910d23"
  },
  "jobs" : [
    {
      "jobname" : "rawstor",
      "groupid" : 0,
      "job_start" : 1767954516789,
      "error" : 0,
      "eta" : 0,
      "elapsed" : 11,
      "job options" : {
        "name" : "rawstor",
        "iodepth" : "2",
        "rw" : "randrw",
        "bs" : "4k",
        "size" : "1G",
        "numjobs" : "1",
        "runtime" : "10",
        "time_based" : "",
        "group_reporting" : ""
      },
      "read" : {
        "io_bytes" : 419340288,
        "io_kbytes" : 409512,
        "bw_bytes" : 41929835,
        "bw" : 40947,
        "iops" : 10236.776322,
        "runtime" : 10001,
        "total_ios" : 102378,
        "short_ios" : 0,
        "drop_ios" : 0,
        "slat_ns" : {
          "min" : 0,
          "max" : 0,
          "mean" : 0.000000,
          "stddev" : 0.000000,
          "N" : 102378
        },
        "clat_ns" : {
          "min" : 106109683,
          "max" : 10105282343,
          "mean" : 5059207316.858185,
          "stddev" : 2895483734.969705,
          "N" : 102378,
          "percentile" : {
            "1.000000" : 208666624,
            "5.000000" : 574619648,
            "10.000000" : 1027604480,
            "20.000000" : 2055208960,
            "30.000000" : 3036676096,
            "40.000000" : 4043309056,
            "50.000000" : 5066719232,
            "60.000000" : 6073352192,
            "70.000000" : 7012876288,
            "80.000000" : 8086618112,
            "90.000000" : 9059696640,
            "95.000000" : 9596567552,
            "99.000000" : 9999220736,
            "99.500000" : 9999220736,
            "99.900000" : 10133438464,
            "99.950000" : 10133438464,
            "99.990000" : 10133438464
          }
        },
        "lat_ns" : {
          "min" : 30778,
          "max" : 32936514,
          "mean" : 84169.069497,
          "stddev" : 337351.631732,
          "N" : 102378
        },
        "bw_min" : 38528,
        "bw_max" : 43736,
        "bw_agg" : 100.000000,
        "bw_mean" : 41046.736842,
        "bw_dev" : 1719.382345,
        "bw_samples" : 19,
        "iops_min" : 9632,
        "iops_max" : 10934,
        "iops_mean" : 10261.684211,
        "iops_stddev" : 429.845586,
        "iops_samples" : 19
      },
      "write" : {
        "io_bytes" : 418598912,
        "io_kbytes" : 408788,
        "bw_bytes" : 41855705,
        "bw" : 40874,
        "iops" : 10218.678132,
        "runtime" : 10001,
        "total_ios" : 102197,
        "short_ios" : 0,
        "drop_ios" : 0,
        "slat_ns" : {
          "min" : 0,
          "max" : 0,
          "mean" : 0.000000,
          "stddev" : 0.000000,
          "N" : 102197
        },
        "clat_ns" : {
          "min" : 106368217,
          "max" : 10105236056,
          "mean" : 5067377852.344915,
          "stddev" : 2902405340.462216,
          "N" : 102197,
          "percentile" : {
            "1.000000" : 204472320,
            "5.000000" : 574619648,
            "10.000000" : 1027604480,
            "20.000000" : 2038431744,
            "30.000000" : 3036676096,
            "40.000000" : 4043309056,
            "50.000000" : 5066719232,
            "60.000000" : 6073352192,
            "70.000000" : 7079985152,
            "80.000000" : 8086618112,
            "90.000000" : 9059696640,
            "95.000000" : 9596567552,
            "99.000000" : 9999220736,
            "99.500000" : 9999220736,
            "99.900000" : 10133438464,
            "99.950000" : 10133438464,
            "99.990000" : 10133438464
          }
        },
        "lat_ns" : {
          "min" : 46046,
          "max" : 32950209,
          "mean" : 108493.930839,
          "stddev" : 333633.092891,
          "N" : 102197
        },
        "bw_min" : 39040,
        "bw_max" : 43880,
        "bw_agg" : 100.000000,
        "bw_mean" : 40955.368421,
        "bw_dev" : 1443.239112,
        "bw_samples" : 19,
        "iops_min" : 9760,
        "iops_max" : 10970,
        "iops_mean" : 10238.842105,
        "iops_stddev" : 360.809778,
        "iops_samples" : 19
      },
      "trim" : {
        "io_bytes" : 0,
        "io_kbytes" : 0,
        "bw_bytes" : 0,
        "bw" : 0,
        "iops" : 0.000000,
        "runtime" : 0,
        "total_ios" : 0,
        "short_ios" : 0,
        "drop_ios" : 0,
        "slat_ns" : {
          "min" : 0,
          "max" : 0,
          "mean" : 0.000000,
          "stddev" : 0.000000,
          "N" : 0
        },
        "clat_ns" : {
          "min" : 0,
          "max" : 0,
          "mean" : 0.000000,
          "stddev" : 0.000000,
          "N" : 0
        },
        "lat_ns" : {
          "min" : 0,
          "max" : 0,
          "mean" : 0.000000,
          "stddev" : 0.000000,
          "N" : 0
        },
        "bw_min" : 0,
        "bw_max" : 0,
        "bw_agg" : 0.000000,
        "bw_mean" : 0.000000,
        "bw_dev" : 0.000000,
        "bw_samples" : 0,
        "iops_min" : 0,
        "iops_max" : 0,
        "iops_mean" : 0.000000,
        "iops_stddev" : 0.000000,
        "iops_samples" : 0
      },
      "sync" : {
        "total_ios" : 0,
        "lat_ns" : {
          "min" : 0,
          "max" : 0,
          "mean" : 0.000000,
          "stddev" : 0.000000,
          "N" : 0
        }
      },
      "job_runtime" : 10000,
      "usr_cpu" : 13.530000,
      "sys_cpu" : 47.240000,
      "ctx" : 134409,
      "majf" : 0,
      "minf" : 43,
      "iodepth_level" : {
        "1" : 0.100000,
        "2" : 99.999511,
        "4" : 0.000000,
        "8" : 0.000000,
        "16" : 0.000000,
        "32" : 0.000000,
        ">=64" : 0.000000
      },
      "iodepth_submit" : {
        "0" : 0.000000,
        "4" : 100.000000,
        "8" : 0.000000,
        "16" : 0.000000,
        "32" : 0.000000,
        "64" : 0.000000,
        ">=64" : 0.000000
      },
      "iodepth_complete" : {
        "0" : 0.000000,
        "4" : 100.000000,
        "8" : 0.000000,
        "16" : 0.000000,
        "32" : 0.000000,
        "64" : 0.000000,
        ">=64" : 0.000000
      },
      "latency_ns" : {
        "2" : 0.000000,
        "4" : 0.000000,
        "10" : 0.000000,
        "20" : 0.000000,
        "50" : 0.000000,
        "100" : 0.000000,
        "250" : 0.000000,
        "500" : 0.000000,
        "750" : 0.000000,
        "1000" : 0.000000
      },
      "latency_us" : {
        "2" : 0.000000,
        "4" : 0.000000,
        "10" : 0.000000,
        "20" : 0.000000,
        "50" : 0.000000,
        "100" : 0.000000,
        "250" : 0.000000,
        "500" : 0.000000,
        "750" : 0.000000,
        "1000" : 0.000000
      },
      "latency_ms" : {
        "2" : 0.000000,
        "4" : 0.000000,
        "10" : 0.000000,
        "20" : 0.000000,
        "50" : 0.000000,
        "100" : 0.000000,
        "250" : 1.479653,
        "500" : 2.672858,
        "750" : 2.814616,
        "1000" : 2.767200,
        "2000" : 9.764634,
        ">=2000" : 80.501039
      },
      "latency_depth" : 2,
      "latency_target" : 0,
      "latency_percentile" : 100.000000,
      "latency_window" : 0
    }
  ],
  "disk_util" : [
    {
      "name" : "sdb",
      "read_ios" : 0,
      "write_ios" : 125,
      "read_sectors" : 0,
      "write_sectors" : 36400,
      "read_merges" : 0,
      "write_merges" : 1054,
      "read_ticks" : 0,
      "write_ticks" : 245,
      "in_queue" : 251,
      "util" : 0.170153
    }
  ]
}
