{
  "fio version" : "fio-3.40",
  "timestamp" : 1761386405,
  "timestamp_ms" : 1761386405513,
  "time" : "Sat Oct 25 10:00:05 2025",
  "global options" : {
    "ioengine" : "librawstor",
    "filename" : "ost://127.0.0.1:8080/01988675-e1e5-7788-9ed4-2f2d30910d23"
  },
  "jobs" : [
    {
      "jobname" : "rawstor",
      "groupid" : 0,
      "job_start" : 1761386395373,
      "error" : 0,
      "eta" : 0,
      "elapsed" : 11,
      "job options" : {
        "name" : "rawstor",
        "iodepth" : "1",
        "rw" : "randrw",
        "bs" : "4k",
        "size" : "1G",
        "numjobs" : "1",
        "runtime" : "10",
        "time_based" : "",
        "group_reporting" : ""
      },
      "read" : {
        "io_bytes" : 244019200,
        "io_kbytes" : 238300,
        "bw_bytes" : 24399480,
        "bw" : 23827,
        "iops" : 5956.904310,
        "runtime" : 10001,
        "total_ios" : 59575,
        "short_ios" : 0,
        "drop_ios" : 0,
        "slat_ns" : {
          "min" : 40,
          "max" : 18124,
          "mean" : 183.664138,
          "stddev" : 178.763816,
          "N" : 59575
        },
        "clat_ns" : {
          "min" : 41137,
          "max" : 26895194,
          "mean" : 71003.338414,
          "stddev" : 243934.861705,
          "N" : 59575,
          "percentile" : {
            "1.000000" : 51456,
            "5.000000" : 55040,
            "10.000000" : 56576,
            "20.000000" : 60160,
            "30.000000" : 62720,
            "40.000000" : 64768,
            "50.000000" : 67072,
            "60.000000" : 69120,
            "70.000000" : 72192,
            "80.000000" : 75264,
            "90.000000" : 81408,
            "95.000000" : 87552,
            "99.000000" : 101888,
            "99.500000" : 109056,
            "99.900000" : 130560,
            "99.950000" : 158720,
            "99.990000" : 21364736
          }
        },
        "lat_ns" : {
          "min" : 41288,
          "max" : 26895354,
          "mean" : 71187.002551,
          "stddev" : 243935.418793,
          "N" : 59575
        },
        "bw_min" : 22208,
        "bw_max" : 26184,
        "bw_agg" : 100.000000,
        "bw_mean" : 23830.000000,
        "bw_dev" : 999.232969,
        "bw_samples" : 20,
        "iops_min" : 5552,
        "iops_max" : 6546,
        "iops_mean" : 5957.500000,
        "iops_stddev" : 249.808242,
        "iops_samples" : 20
      },
      "write" : {
        "io_bytes" : 243499008,
        "io_kbytes" : 237792,
        "bw_bytes" : 24347466,
        "bw" : 23776,
        "iops" : 5944.205579,
        "runtime" : 10001,
        "total_ios" : 59448,
        "short_ios" : 0,
        "drop_ios" : 0,
        "slat_ns" : {
          "min" : 90,
          "max" : 21140,
          "mean" : 266.919156,
          "stddev" : 257.945589,
          "N" : 59448
        },
        "clat_ns" : {
          "min" : 56666,
          "max" : 25777681,
          "mean" : 93391.855268,
          "stddev" : 149533.331654,
          "N" : 59448,
          "percentile" : {
            "1.000000" : 73216,
            "5.000000" : 77312,
            "10.000000" : 80384,
            "20.000000" : 83456,
            "30.000000" : 86528,
            "40.000000" : 88576,
            "50.000000" : 90624,
            "60.000000" : 93696,
            "70.000000" : 95744,
            "80.000000" : 99840,
            "90.000000" : 105984,
            "95.000000" : 112128,
            "99.000000" : 126464,
            "99.500000" : 134144,
            "99.900000" : 162816,
            "99.950000" : 187392,
            "99.990000" : 2023424
          }
        },
        "lat_ns" : {
          "min" : 56856,
          "max" : 25777852,
          "mean" : 93658.774425,
          "stddev" : 149534.419141,
          "N" : 59448
        },
        "bw_min" : 20968,
        "bw_max" : 26024,
        "bw_agg" : 100.000000,
        "bw_mean" : 23779.200000,
        "bw_dev" : 1066.440888,
        "bw_samples" : 20,
        "iops_min" : 5242,
        "iops_max" : 6506,
        "iops_mean" : 5944.800000,
        "iops_stddev" : 266.610222,
        "iops_samples" : 20
      },
      "trim" : {
        "io_bytes" : 0,
        "io_kbytes" : 0,
        "bw_bytes" : 0,
        "bw" : 0,
        "iops" : 0.000000,
        "runtime" : 0,
        "total_ios" : 0,
        "short_ios" : 0,
        "drop_ios" : 0,
        "slat_ns" : {
          "min" : 0,
          "max" : 0,
          "mean" : 0.000000,
          "stddev" : 0.000000,
          "N" : 0
        },
        "clat_ns" : {
          "min" : 0,
          "max" : 0,
          "mean" : 0.000000,
          "stddev" : 0.000000,
          "N" : 0
        },
        "lat_ns" : {
          "min" : 0,
          "max" : 0,
          "mean" : 0.000000,
          "stddev" : 0.000000,
          "N" : 0
        },
        "bw_min" : 0,
        "bw_max" : 0,
        "bw_agg" : 0.000000,
        "bw_mean" : 0.000000,
        "bw_dev" : 0.000000,
        "bw_samples" : 0,
        "iops_min" : 0,
        "iops_max" : 0,
        "iops_mean" : 0.000000,
        "iops_stddev" : 0.000000,
        "iops_samples" : 0
      },
      "sync" : {
        "total_ios" : 0,
        "lat_ns" : {
          "min" : 0,
          "max" : 0,
          "mean" : 0.000000,
          "stddev" : 0.000000,
          "N" : 0
        }
      },
      "job_runtime" : 10000,
      "usr_cpu" : 7.540000,
      "sys_cpu" : 34.050000,
      "ctx" : 119110,
      "majf" : 0,
      "minf" : 43,
      "iodepth_level" : {
        "1" : 100.000000,
        "2" : 0.000000,
        "4" : 0.000000,
        "8" : 0.000000,
        "16" : 0.000000,
        "32" : 0.000000,
        ">=64" : 0.000000
      },
      "iodepth_submit" : {
        "0" : 0.000000,
        "4" : 100.000000,
        "8" : 0.000000,
        "16" : 0.000000,
        "32" : 0.000000,
        "64" : 0.000000,
        ">=64" : 0.000000
      },
      "iodepth_complete" : {
        "0" : 0.000000,
        "4" : 100.000000,
        "8" : 0.000000,
        "16" : 0.000000,
        "32" : 0.000000,
        "64" : 0.000000,
        ">=64" : 0.000000
      },
      "latency_ns" : {
        "2" : 0.000000,
        "4" : 0.000000,
        "10" : 0.000000,
        "20" : 0.000000,
        "50" : 0.000000,
        "100" : 0.000000,
        "250" : 0.000000,
        "500" : 0.000000,
        "750" : 0.000000,
        "1000" : 0.000000
      },
      "latency_us" : {
        "2" : 0.000000,
        "4" : 0.000000,
        "10" : 0.000000,
        "20" : 0.000000,
        "50" : 0.231888,
        "100" : 89.661662,
        "250" : 10.077884,
        "500" : 0.015123,
        "750" : 0.010000,
        "1000" : 0.000000
      },
      "latency_ms" : {
        "2" : 0.010000,
        "4" : 0.010000,
        "10" : 0.010000,
        "20" : 0.000000,
        "50" : 0.010000,
        "100" : 0.000000,
        "250" : 0.000000,
        "500" : 0.000000,
        "750" : 0.000000,
        "1000" : 0.000000,
        "2000" : 0.000000,
        ">=2000" : 0.000000
      },
      "latency_depth" : 1,
      "latency_target" : 0,
      "latency_percentile" : 100.000000,
      "latency_window" : 0
    }
  ],
  "disk_util" : [
    {
      "name" : "sda",
      "read_ios" : 0,
      "write_ios" : 122,
      "read_sectors" : 0,
      "write_sectors" : 36480,
      "read_merges" : 0,
      "write_merges" : 1065,
      "read_ticks" : 0,
      "write_ticks" : 279,
      "in_queue" : 290,
      "util" : 0.270406
    }
  ]
}
