{
  "fio version" : "fio-3.40",
  "timestamp" : 1760609086,
  "timestamp_ms" : 1760609086586,
  "time" : "Thu Oct 16 10:04:46 2025",
  "global options" : {
    "ioengine" : "librawstor",
    "filename" : "file:///tmp/objects/0199ec7a-83da-71bf-ae27-d66d9361d928"
  },
  "jobs" : [
    {
      "jobname" : "rawstor",
      "groupid" : 0,
      "job_start" : 1760609076440,
      "error" : 0,
      "eta" : 0,
      "elapsed" : 11,
      "job options" : {
        "name" : "rawstor",
        "iodepth" : "1",
        "rw" : "randrw",
        "bs" : "4k",
        "size" : "1G",
        "numjobs" : "1",
        "runtime" : "10",
        "time_based" : "",
        "group_reporting" : ""
      },
      "read" : {
        "io_bytes" : 6930092032,
        "io_kbytes" : 6767668,
        "bw_bytes" : 692939909,
        "bw" : 676699,
        "iops" : 169174.782522,
        "runtime" : 10001,
        "total_ios" : 1691917,
        "short_ios" : 0,
        "drop_ios" : 0,
        "slat_ns" : {
          "min" : 9,
          "max" : 36999,
          "mean" : 27.720350,
          "stddev" : 64.970254,
          "N" : 1691917
        },
        "clat_ns" : {
          "min" : 1623,
          "max" : 133579,
          "mean" : 2343.457530,
          "stddev" : 1235.985775,
          "N" : 1691917,
          "percentile" : {
            "1.000000" : 1928,
            "5.000000" : 1976,
            "10.000000" : 2008,
            "20.000000" : 2064,
            "30.000000" : 2096,
            "40.000000" : 2096,
            "50.000000" : 2128,
            "60.000000" : 2160,
            "70.000000" : 2192,
            "80.000000" : 2256,
            "90.000000" : 2416,
            "95.000000" : 3472,
            "99.000000" : 6944,
            "99.500000" : 10944,
            "99.900000" : 17024,
            "99.950000" : 20352,
            "99.990000" : 28032
          }
        },
        "lat_ns" : {
          "min" : 1653,
          "max" : 133610,
          "mean" : 2371.177880,
          "stddev" : 1238.651870,
          "N" : 1691917
        },
        "bw_min" : 366792,
        "bw_max" : 758808,
        "bw_agg" : 99.504931,
        "bw_mean" : 673349.473684,
        "bw_dev" : 119551.977428,
        "bw_samples" : 19,
        "iops_min" : 91698,
        "iops_max" : 189702,
        "iops_mean" : 168337.368421,
        "iops_stddev" : 29887.994357,
        "iops_samples" : 19
      },
      "write" : {
        "io_bytes" : 6924468224,
        "io_kbytes" : 6762176,
        "bw_bytes" : 692377584,
        "bw" : 676149,
        "iops" : 169037.496250,
        "runtime" : 10001,
        "total_ios" : 1690544,
        "short_ios" : 0,
        "drop_ios" : 0,
        "slat_ns" : {
          "min" : 29,
          "max" : 19276,
          "mean" : 41.045197,
          "stddev" : 55.783829,
          "N" : 1690544
        },
        "clat_ns" : {
          "min" : 2104,
          "max" : 137848,
          "mean" : 2993.035413,
          "stddev" : 1198.244993,
          "N" : 1690544,
          "percentile" : {
            "1.000000" : 2352,
            "5.000000" : 2416,
            "10.000000" : 2448,
            "20.000000" : 2480,
            "30.000000" : 2512,
            "40.000000" : 2544,
            "50.000000" : 2576,
            "60.000000" : 2608,
            "70.000000" : 2640,
            "80.000000" : 2832,
            "90.000000" : 4832,
            "95.000000" : 5216,
            "99.000000" : 6176,
            "99.500000" : 7840,
            "99.900000" : 14144,
            "99.950000" : 15936,
            "99.990000" : 21376
          }
        },
        "lat_ns" : {
          "min" : 2144,
          "max" : 137888,
          "mean" : 3034.080610,
          "stddev" : 1200.781493,
          "N" : 1690544
        },
        "bw_min" : 367584,
        "bw_max" : 754896,
        "bw_agg" : 99.504402,
        "bw_mean" : 672799.578947,
        "bw_dev" : 119460.844396,
        "bw_samples" : 19,
        "iops_min" : 91896,
        "iops_max" : 188724,
        "iops_mean" : 168199.894737,
        "iops_stddev" : 29865.211099,
        "iops_samples" : 19
      },
      "trim" : {
        "io_bytes" : 0,
        "io_kbytes" : 0,
        "bw_bytes" : 0,
        "bw" : 0,
        "iops" : 0.000000,
        "runtime" : 0,
        "total_ios" : 0,
        "short_ios" : 0,
        "drop_ios" : 0,
        "slat_ns" : {
          "min" : 0,
          "max" : 0,
          "mean" : 0.000000,
          "stddev" : 0.000000,
          "N" : 0
        },
        "clat_ns" : {
          "min" : 0,
          "max" : 0,
          "mean" : 0.000000,
          "stddev" : 0.000000,
          "N" : 0
        },
        "lat_ns" : {
          "min" : 0,
          "max" : 0,
          "mean" : 0.000000,
          "stddev" : 0.000000,
          "N" : 0
        },
        "bw_min" : 0,
        "bw_max" : 0,
        "bw_agg" : 0.000000,
        "bw_mean" : 0.000000,
        "bw_dev" : 0.000000,
        "bw_samples" : 0,
        "iops_min" : 0,
        "iops_max" : 0,
        "iops_mean" : 0.000000,
        "iops_stddev" : 0.000000,
        "iops_samples" : 0
      },
      "sync" : {
        "total_ios" : 0,
        "lat_ns" : {
          "min" : 0,
          "max" : 0,
          "mean" : 0.000000,
          "stddev" : 0.000000,
          "N" : 0
        }
      },
      "job_runtime" : 10000,
      "usr_cpu" : 27.290000,
      "sys_cpu" : 72.690000,
      "ctx" : 63,
      "majf" : 0,
      "minf" : 36,
      "iodepth_level" : {
        "1" : 100.000000,
        "2" : 0.000000,
        "4" : 0.000000,
        "8" : 0.000000,
        "16" : 0.000000,
        "32" : 0.000000,
        ">=64" : 0.000000
      },
      "iodepth_submit" : {
        "0" : 0.000000,
        "4" : 100.000000,
        "8" : 0.000000,
        "16" : 0.000000,
        "32" : 0.000000,
        "64" : 0.000000,
        ">=64" : 0.000000
      },
      "iodepth_complete" : {
        "0" : 0.000000,
        "4" : 100.000000,
        "8" : 0.000000,
        "16" : 0.000000,
        "32" : 0.000000,
        "64" : 0.000000,
        ">=64" : 0.000000
      },
      "latency_ns" : {
        "2" : 0.000000,
        "4" : 0.000000,
        "10" : 0.000000,
        "20" : 0.000000,
        "50" : 0.000000,
        "100" : 0.000000,
        "250" : 0.000000,
        "500" : 0.000000,
        "750" : 0.000000,
        "1000" : 0.000000
      },
      "latency_us" : {
        "2" : 3.652400,
        "4" : 87.183592,
        "10" : 8.716435,
        "20" : 0.414580,
        "50" : 0.028973,
        "100" : 0.010000,
        "250" : 0.010000,
        "500" : 0.000000,
        "750" : 0.000000,
        "1000" : 0.000000
      },
      "latency_ms" : {
        "2" : 0.000000,
        "4" : 0.000000,
        "10" : 0.000000,
        "20" : 0.000000,
        "50" : 0.000000,
        "100" : 0.000000,
        "250" : 0.000000,
        "500" : 0.000000,
        "750" : 0.000000,
        "1000" : 0.000000,
        "2000" : 0.000000,
        ">=2000" : 0.000000
      },
      "latency_depth" : 1,
      "latency_target" : 0,
      "latency_percentile" : 100.000000,
      "latency_window" : 0
    }
  ],
  "disk_util" : [
    {
      "name" : "sdb",
      "read_ios" : 0,
      "write_ios" : 23,
      "read_sectors" : 0,
      "write_sectors" : 11656,
      "read_merges" : 0,
      "write_merges" : 48,
      "read_ticks" : 0,
      "write_ticks" : 27,
      "in_queue" : 27,
      "util" : 0.020020
    }
  ]
}
