{
  "fio version" : "fio-3.40",
  "timestamp" : 1766675091,
  "timestamp_ms" : 1766675091868,
  "time" : "Thu Dec 25 15:04:51 2025",
  "global options" : {
    "ioengine" : "librawstor",
    "filename" : "file:///tmp/objects/019b560a-68fc-7d4e-92cf-633d9ad6b076"
  },
  "jobs" : [
    {
      "jobname" : "rawstor",
      "groupid" : 0,
      "job_start" : 1766675081728,
      "error" : 0,
      "eta" : 0,
      "elapsed" : 11,
      "job options" : {
        "name" : "rawstor",
        "iodepth" : "1",
        "rw" : "randrw",
        "bs" : "4k",
        "size" : "1G",
        "numjobs" : "1",
        "runtime" : "10",
        "time_based" : "",
        "group_reporting" : ""
      },
      "read" : {
        "io_bytes" : 7319883776,
        "io_kbytes" : 7148324,
        "bw_bytes" : 731915186,
        "bw" : 714760,
        "iops" : 178690.230977,
        "runtime" : 10001,
        "total_ios" : 1787081,
        "short_ios" : 0,
        "drop_ios" : 0,
        "slat_ns" : {
          "min" : 9,
          "max" : 32290,
          "mean" : 27.393534,
          "stddev" : 60.190212,
          "N" : 1787081
        },
        "clat_ns" : {
          "min" : 1573,
          "max" : 108522,
          "mean" : 2204.938237,
          "stddev" : 1203.002633,
          "N" : 1787081,
          "percentile" : {
            "1.000000" : 1832,
            "5.000000" : 1880,
            "10.000000" : 1896,
            "20.000000" : 1928,
            "30.000000" : 1960,
            "40.000000" : 1992,
            "50.000000" : 2008,
            "60.000000" : 2024,
            "70.000000" : 2064,
            "80.000000" : 2096,
            "90.000000" : 2288,
            "95.000000" : 3344,
            "99.000000" : 6624,
            "99.500000" : 10432,
            "99.900000" : 16768,
            "99.950000" : 20096,
            "99.990000" : 28544
          }
        },
        "lat_ns" : {
          "min" : 1603,
          "max" : 108552,
          "mean" : 2232.331771,
          "stddev" : 1205.739279,
          "N" : 1787081
        },
        "bw_min" : 382992,
        "bw_max" : 790544,
        "bw_agg" : 100.000000,
        "bw_mean" : 714832.400000,
        "bw_dev" : 126479.233833,
        "bw_samples" : 20,
        "iops_min" : 95748,
        "iops_max" : 197636,
        "iops_mean" : 178708.100000,
        "iops_stddev" : 31619.808458,
        "iops_samples" : 20
      },
      "write" : {
        "io_bytes" : 7311478784,
        "io_kbytes" : 7140116,
        "bw_bytes" : 731074770,
        "bw" : 713940,
        "iops" : 178485.051495,
        "runtime" : 10001,
        "total_ios" : 1785029,
        "short_ios" : 0,
        "drop_ios" : 0,
        "slat_ns" : {
          "min" : 29,
          "max" : 20999,
          "mean" : 42.207598,
          "stddev" : 70.509937,
          "N" : 1785029
        },
        "clat_ns" : {
          "min" : 1984,
          "max" : 103182,
          "mean" : 2814.603998,
          "stddev" : 1157.622328,
          "N" : 1785029,
          "percentile" : {
            "1.000000" : 2256,
            "5.000000" : 2288,
            "10.000000" : 2320,
            "20.000000" : 2320,
            "30.000000" : 2352,
            "40.000000" : 2384,
            "50.000000" : 2416,
            "60.000000" : 2448,
            "70.000000" : 2480,
            "80.000000" : 2640,
            "90.000000" : 4576,
            "95.000000" : 4960,
            "99.000000" : 5984,
            "99.500000" : 7584,
            "99.900000" : 13888,
            "99.950000" : 15552,
            "99.990000" : 22912
          }
        },
        "lat_ns" : {
          "min" : 2024,
          "max" : 103222,
          "mean" : 2856.811596,
          "stddev" : 1161.676728,
          "N" : 1785029
        },
        "bw_min" : 383464,
        "bw_max" : 791680,
        "bw_agg" : 100.000000,
        "bw_mean" : 714011.600000,
        "bw_dev" : 126283.229860,
        "bw_samples" : 20,
        "iops_min" : 95866,
        "iops_max" : 197920,
        "iops_mean" : 178502.900000,
        "iops_stddev" : 31570.807465,
        "iops_samples" : 20
      },
      "trim" : {
        "io_bytes" : 0,
        "io_kbytes" : 0,
        "bw_bytes" : 0,
        "bw" : 0,
        "iops" : 0.000000,
        "runtime" : 0,
        "total_ios" : 0,
        "short_ios" : 0,
        "drop_ios" : 0,
        "slat_ns" : {
          "min" : 0,
          "max" : 0,
          "mean" : 0.000000,
          "stddev" : 0.000000,
          "N" : 0
        },
        "clat_ns" : {
          "min" : 0,
          "max" : 0,
          "mean" : 0.000000,
          "stddev" : 0.000000,
          "N" : 0
        },
        "lat_ns" : {
          "min" : 0,
          "max" : 0,
          "mean" : 0.000000,
          "stddev" : 0.000000,
          "N" : 0
        },
        "bw_min" : 0,
        "bw_max" : 0,
        "bw_agg" : 0.000000,
        "bw_mean" : 0.000000,
        "bw_dev" : 0.000000,
        "bw_samples" : 0,
        "iops_min" : 0,
        "iops_max" : 0,
        "iops_mean" : 0.000000,
        "iops_stddev" : 0.000000,
        "iops_samples" : 0
      },
      "sync" : {
        "total_ios" : 0,
        "lat_ns" : {
          "min" : 0,
          "max" : 0,
          "mean" : 0.000000,
          "stddev" : 0.000000,
          "N" : 0
        }
      },
      "job_runtime" : 10000,
      "usr_cpu" : 31.000000,
      "sys_cpu" : 68.980000,
      "ctx" : 71,
      "majf" : 0,
      "minf" : 38,
      "iodepth_level" : {
        "1" : 100.000000,
        "2" : 0.000000,
        "4" : 0.000000,
        "8" : 0.000000,
        "16" : 0.000000,
        "32" : 0.000000,
        ">=64" : 0.000000
      },
      "iodepth_submit" : {
        "0" : 0.000000,
        "4" : 100.000000,
        "8" : 0.000000,
        "16" : 0.000000,
        "32" : 0.000000,
        "64" : 0.000000,
        ">=64" : 0.000000
      },
      "iodepth_complete" : {
        "0" : 0.000000,
        "4" : 100.000000,
        "8" : 0.000000,
        "16" : 0.000000,
        "32" : 0.000000,
        "64" : 0.000000,
        ">=64" : 0.000000
      },
      "latency_ns" : {
        "2" : 0.000000,
        "4" : 0.000000,
        "10" : 0.000000,
        "20" : 0.000000,
        "50" : 0.000000,
        "100" : 0.000000,
        "250" : 0.000000,
        "500" : 0.000000,
        "750" : 0.000000,
        "1000" : 0.000000
      },
      "latency_us" : {
        "2" : 23.945819,
        "4" : 67.606121,
        "10" : 8.032899,
        "20" : 0.381539,
        "50" : 0.029898,
        "100" : 0.010000,
        "250" : 0.010000,
        "500" : 0.000000,
        "750" : 0.000000,
        "1000" : 0.000000
      },
      "latency_ms" : {
        "2" : 0.000000,
        "4" : 0.000000,
        "10" : 0.000000,
        "20" : 0.000000,
        "50" : 0.000000,
        "100" : 0.000000,
        "250" : 0.000000,
        "500" : 0.000000,
        "750" : 0.000000,
        "1000" : 0.000000,
        "2000" : 0.000000,
        ">=2000" : 0.000000
      },
      "latency_depth" : 1,
      "latency_target" : 0,
      "latency_percentile" : 100.000000,
      "latency_window" : 0
    }
  ],
  "disk_util" : [
    {
      "name" : "sda",
      "read_ios" : 0,
      "write_ios" : 124,
      "read_sectors" : 0,
      "write_sectors" : 11344,
      "read_merges" : 0,
      "write_merges" : 153,
      "read_ticks" : 0,
      "write_ticks" : 114,
      "in_queue" : 115,
      "util" : 0.060090
    }
  ]
}
