{
  "fio version" : "fio-3.40",
  "timestamp" : 1761254870,
  "timestamp_ms" : 1761254870249,
  "time" : "Thu Oct 23 21:27:50 2025",
  "global options" : {
    "ioengine" : "librawstor",
    "filename" : "file:///tmp/objects/019a12f8-644a-7194-94e3-40dd33b0c31b"
  },
  "jobs" : [
    {
      "jobname" : "rawstor",
      "groupid" : 0,
      "job_start" : 1761254860102,
      "error" : 0,
      "eta" : 0,
      "elapsed" : 11,
      "job options" : {
        "name" : "rawstor",
        "iodepth" : "1",
        "rw" : "randrw",
        "bs" : "4k",
        "size" : "1G",
        "numjobs" : "1",
        "runtime" : "10",
        "time_based" : "",
        "group_reporting" : ""
      },
      "read" : {
        "io_bytes" : 7182082048,
        "io_kbytes" : 7013752,
        "bw_bytes" : 718136391,
        "bw" : 701305,
        "iops" : 175326.267373,
        "runtime" : 10001,
        "total_ios" : 1753438,
        "short_ios" : 0,
        "drop_ios" : 0,
        "slat_ns" : {
          "min" : 9,
          "max" : 14517,
          "mean" : 28.958987,
          "stddev" : 54.586147,
          "N" : 1753438
        },
        "clat_ns" : {
          "min" : 1644,
          "max" : 137966,
          "mean" : 2248.977938,
          "stddev" : 1191.488298,
          "N" : 1753438,
          "percentile" : {
            "1.000000" : 1896,
            "5.000000" : 1944,
            "10.000000" : 1960,
            "20.000000" : 1992,
            "30.000000" : 2008,
            "40.000000" : 2024,
            "50.000000" : 2064,
            "60.000000" : 2064,
            "70.000000" : 2096,
            "80.000000" : 2160,
            "90.000000" : 2320,
            "95.000000" : 3344,
            "99.000000" : 6624,
            "99.500000" : 10432,
            "99.900000" : 16512,
            "99.950000" : 19840,
            "99.990000" : 28544
          }
        },
        "lat_ns" : {
          "min" : 1664,
          "max" : 137997,
          "mean" : 2277.936926,
          "stddev" : 1193.988162,
          "N" : 1753438
        },
        "bw_min" : 385616,
        "bw_max" : 775112,
        "bw_agg" : 99.509191,
        "bw_mean" : 697863.157895,
        "bw_dev" : 121158.086127,
        "bw_samples" : 19,
        "iops_min" : 96404,
        "iops_max" : 193776,
        "iops_mean" : 174465.894737,
        "iops_stddev" : 30289.584887,
        "iops_samples" : 19
      },
      "write" : {
        "io_bytes" : 7174942720,
        "io_kbytes" : 7006780,
        "bw_bytes" : 717422529,
        "bw" : 700607,
        "iops" : 175151.984802,
        "runtime" : 10001,
        "total_ios" : 1751695,
        "short_ios" : 0,
        "drop_ios" : 0,
        "slat_ns" : {
          "min" : 29,
          "max" : 20478,
          "mean" : 43.178087,
          "stddev" : 68.346555,
          "N" : 1751695
        },
        "clat_ns" : {
          "min" : 2184,
          "max" : 104214,
          "mean" : 2873.273441,
          "stddev" : 1122.754486,
          "N" : 1751695,
          "percentile" : {
            "1.000000" : 2352,
            "5.000000" : 2384,
            "10.000000" : 2384,
            "20.000000" : 2416,
            "30.000000" : 2448,
            "40.000000" : 2480,
            "50.000000" : 2480,
            "60.000000" : 2512,
            "70.000000" : 2544,
            "80.000000" : 2704,
            "90.000000" : 4512,
            "95.000000" : 4832,
            "99.000000" : 5920,
            "99.500000" : 7648,
            "99.900000" : 13888,
            "99.950000" : 15424,
            "99.990000" : 22912
          }
        },
        "lat_ns" : {
          "min" : 2224,
          "max" : 104254,
          "mean" : 2916.451528,
          "stddev" : 1126.975115,
          "N" : 1751695
        },
        "bw_min" : 386488,
        "bw_max" : 773664,
        "bw_agg" : 99.525278,
        "bw_mean" : 697282.947368,
        "bw_dev" : 121024.117316,
        "bw_samples" : 19,
        "iops_min" : 96622,
        "iops_max" : 193416,
        "iops_mean" : 174320.736842,
        "iops_stddev" : 30256.029329,
        "iops_samples" : 19
      },
      "trim" : {
        "io_bytes" : 0,
        "io_kbytes" : 0,
        "bw_bytes" : 0,
        "bw" : 0,
        "iops" : 0.000000,
        "runtime" : 0,
        "total_ios" : 0,
        "short_ios" : 0,
        "drop_ios" : 0,
        "slat_ns" : {
          "min" : 0,
          "max" : 0,
          "mean" : 0.000000,
          "stddev" : 0.000000,
          "N" : 0
        },
        "clat_ns" : {
          "min" : 0,
          "max" : 0,
          "mean" : 0.000000,
          "stddev" : 0.000000,
          "N" : 0
        },
        "lat_ns" : {
          "min" : 0,
          "max" : 0,
          "mean" : 0.000000,
          "stddev" : 0.000000,
          "N" : 0
        },
        "bw_min" : 0,
        "bw_max" : 0,
        "bw_agg" : 0.000000,
        "bw_mean" : 0.000000,
        "bw_dev" : 0.000000,
        "bw_samples" : 0,
        "iops_min" : 0,
        "iops_max" : 0,
        "iops_mean" : 0.000000,
        "iops_stddev" : 0.000000,
        "iops_samples" : 0
      },
      "sync" : {
        "total_ios" : 0,
        "lat_ns" : {
          "min" : 0,
          "max" : 0,
          "mean" : 0.000000,
          "stddev" : 0.000000,
          "N" : 0
        }
      },
      "job_runtime" : 10000,
      "usr_cpu" : 30.710000,
      "sys_cpu" : 69.270000,
      "ctx" : 62,
      "majf" : 0,
      "minf" : 37,
      "iodepth_level" : {
        "1" : 100.000000,
        "2" : 0.000000,
        "4" : 0.000000,
        "8" : 0.000000,
        "16" : 0.000000,
        "32" : 0.000000,
        ">=64" : 0.000000
      },
      "iodepth_submit" : {
        "0" : 0.000000,
        "4" : 100.000000,
        "8" : 0.000000,
        "16" : 0.000000,
        "32" : 0.000000,
        "64" : 0.000000,
        ">=64" : 0.000000
      },
      "iodepth_complete" : {
        "0" : 0.000000,
        "4" : 100.000000,
        "8" : 0.000000,
        "16" : 0.000000,
        "32" : 0.000000,
        "64" : 0.000000,
        ">=64" : 0.000000
      },
      "latency_ns" : {
        "2" : 0.000000,
        "4" : 0.000000,
        "10" : 0.000000,
        "20" : 0.000000,
        "50" : 0.000000,
        "100" : 0.000000,
        "250" : 0.000000,
        "500" : 0.000000,
        "750" : 0.000000,
        "1000" : 0.000000
      },
      "latency_us" : {
        "2" : 12.910694,
        "4" : 78.425897,
        "10" : 8.246677,
        "20" : 0.384236,
        "50" : 0.028530,
        "100" : 0.010000,
        "250" : 0.010000,
        "500" : 0.000000,
        "750" : 0.000000,
        "1000" : 0.000000
      },
      "latency_ms" : {
        "2" : 0.000000,
        "4" : 0.000000,
        "10" : 0.000000,
        "20" : 0.000000,
        "50" : 0.000000,
        "100" : 0.000000,
        "250" : 0.000000,
        "500" : 0.000000,
        "750" : 0.000000,
        "1000" : 0.000000,
        "2000" : 0.000000,
        ">=2000" : 0.000000
      },
      "latency_depth" : 1,
      "latency_target" : 0,
      "latency_percentile" : 100.000000,
      "latency_window" : 0
    }
  ],
  "disk_util" : [
    {
      "name" : "sdb",
      "read_ios" : 0,
      "write_ios" : 152,
      "read_sectors" : 0,
      "write_sectors" : 14640,
      "read_merges" : 0,
      "write_merges" : 169,
      "read_ticks" : 0,
      "write_ticks" : 72,
      "in_queue" : 72,
      "util" : 0.060048
    }
  ]
}
