{
  "fio version" : "fio-3.40",
  "timestamp" : 1760432152,
  "timestamp_ms" : 1760432152926,
  "time" : "Tue Oct 14 08:55:52 2025",
  "global options" : {
    "ioengine" : "librawstor",
    "filename" : "file:///tmp/objects/0199e1ee-b8bf-7f0a-a9bb-9fe3789be508"
  },
  "jobs" : [
    {
      "jobname" : "rawstor",
      "groupid" : 0,
      "job_start" : 1760432142780,
      "error" : 0,
      "eta" : 0,
      "elapsed" : 11,
      "job options" : {
        "name" : "rawstor",
        "iodepth" : "1",
        "rw" : "randrw",
        "bs" : "4k",
        "size" : "1G",
        "numjobs" : "1",
        "runtime" : "10",
        "time_based" : "",
        "group_reporting" : ""
      },
      "read" : {
        "io_bytes" : 7044800512,
        "io_kbytes" : 6879688,
        "bw_bytes" : 704409610,
        "bw" : 687900,
        "iops" : 171975.002500,
        "runtime" : 10001,
        "total_ios" : 1719922,
        "short_ios" : 0,
        "drop_ios" : 0,
        "slat_ns" : {
          "min" : 9,
          "max" : 14968,
          "mean" : 29.424224,
          "stddev" : 48.431026,
          "N" : 1719922
        },
        "clat_ns" : {
          "min" : 1613,
          "max" : 117961,
          "mean" : 2300.621314,
          "stddev" : 1221.398897,
          "N" : 1719922,
          "percentile" : {
            "1.000000" : 1912,
            "5.000000" : 1960,
            "10.000000" : 1992,
            "20.000000" : 2024,
            "30.000000" : 2064,
            "40.000000" : 2064,
            "50.000000" : 2096,
            "60.000000" : 2128,
            "70.000000" : 2160,
            "80.000000" : 2192,
            "90.000000" : 2384,
            "95.000000" : 3408,
            "99.000000" : 6752,
            "99.500000" : 10688,
            "99.900000" : 16768,
            "99.950000" : 20096,
            "99.990000" : 28800
          }
        },
        "lat_ns" : {
          "min" : 1643,
          "max" : 118041,
          "mean" : 2330.045538,
          "stddev" : 1223.546017,
          "N" : 1719922
        },
        "bw_min" : 384536,
        "bw_max" : 762560,
        "bw_agg" : 100.000000,
        "bw_mean" : 687968.800000,
        "bw_dev" : 118085.824073,
        "bw_samples" : 20,
        "iops_min" : 96134,
        "iops_max" : 190640,
        "iops_mean" : 171992.200000,
        "iops_stddev" : 29521.456018,
        "iops_samples" : 20
      },
      "write" : {
        "io_bytes" : 7038038016,
        "io_kbytes" : 6873084,
        "bw_bytes" : 703733428,
        "bw" : 687239,
        "iops" : 171809.919008,
        "runtime" : 10001,
        "total_ios" : 1718271,
        "short_ios" : 0,
        "drop_ios" : 0,
        "slat_ns" : {
          "min" : 29,
          "max" : 20078,
          "mean" : 42.407491,
          "stddev" : 57.162145,
          "N" : 1718271
        },
        "clat_ns" : {
          "min" : 2074,
          "max" : 107831,
          "mean" : 2935.554746,
          "stddev" : 1159.901328,
          "N" : 1718271,
          "percentile" : {
            "1.000000" : 2320,
            "5.000000" : 2384,
            "10.000000" : 2416,
            "20.000000" : 2448,
            "30.000000" : 2480,
            "40.000000" : 2480,
            "50.000000" : 2512,
            "60.000000" : 2544,
            "70.000000" : 2608,
            "80.000000" : 2768,
            "90.000000" : 4704,
            "95.000000" : 5088,
            "99.000000" : 6176,
            "99.500000" : 7840,
            "99.900000" : 13888,
            "99.950000" : 15552,
            "99.990000" : 22400
          }
        },
        "lat_ns" : {
          "min" : 2114,
          "max" : 107882,
          "mean" : 2977.962237,
          "stddev" : 1163.327488,
          "N" : 1718271
        },
        "bw_min" : 385256,
        "bw_max" : 759912,
        "bw_agg" : 100.000000,
        "bw_mean" : 687308.000000,
        "bw_dev" : 117957.059020,
        "bw_samples" : 20,
        "iops_min" : 96314,
        "iops_max" : 189978,
        "iops_mean" : 171827.100000,
        "iops_stddev" : 29489.309103,
        "iops_samples" : 20
      },
      "trim" : {
        "io_bytes" : 0,
        "io_kbytes" : 0,
        "bw_bytes" : 0,
        "bw" : 0,
        "iops" : 0.000000,
        "runtime" : 0,
        "total_ios" : 0,
        "short_ios" : 0,
        "drop_ios" : 0,
        "slat_ns" : {
          "min" : 0,
          "max" : 0,
          "mean" : 0.000000,
          "stddev" : 0.000000,
          "N" : 0
        },
        "clat_ns" : {
          "min" : 0,
          "max" : 0,
          "mean" : 0.000000,
          "stddev" : 0.000000,
          "N" : 0
        },
        "lat_ns" : {
          "min" : 0,
          "max" : 0,
          "mean" : 0.000000,
          "stddev" : 0.000000,
          "N" : 0
        },
        "bw_min" : 0,
        "bw_max" : 0,
        "bw_agg" : 0.000000,
        "bw_mean" : 0.000000,
        "bw_dev" : 0.000000,
        "bw_samples" : 0,
        "iops_min" : 0,
        "iops_max" : 0,
        "iops_mean" : 0.000000,
        "iops_stddev" : 0.000000,
        "iops_samples" : 0
      },
      "sync" : {
        "total_ios" : 0,
        "lat_ns" : {
          "min" : 0,
          "max" : 0,
          "mean" : 0.000000,
          "stddev" : 0.000000,
          "N" : 0
        }
      },
      "job_runtime" : 10000,
      "usr_cpu" : 28.130000,
      "sys_cpu" : 71.850000,
      "ctx" : 68,
      "majf" : 0,
      "minf" : 38,
      "iodepth_level" : {
        "1" : 100.000000,
        "2" : 0.000000,
        "4" : 0.000000,
        "8" : 0.000000,
        "16" : 0.000000,
        "32" : 0.000000,
        ">=64" : 0.000000
      },
      "iodepth_submit" : {
        "0" : 0.000000,
        "4" : 100.000000,
        "8" : 0.000000,
        "16" : 0.000000,
        "32" : 0.000000,
        "64" : 0.000000,
        ">=64" : 0.000000
      },
      "iodepth_complete" : {
        "0" : 0.000000,
        "4" : 100.000000,
        "8" : 0.000000,
        "16" : 0.000000,
        "32" : 0.000000,
        "64" : 0.000000,
        ">=64" : 0.000000
      },
      "latency_ns" : {
        "2" : 0.000000,
        "4" : 0.000000,
        "10" : 0.000000,
        "20" : 0.000000,
        "50" : 0.000000,
        "100" : 0.000000,
        "250" : 0.000000,
        "500" : 0.000000,
        "750" : 0.000000,
        "1000" : 0.000000
      },
      "latency_us" : {
        "2" : 6.119028,
        "4" : 84.953986,
        "10" : 8.493735,
        "20" : 0.400181,
        "50" : 0.029172,
        "100" : 0.010000,
        "250" : 0.010000,
        "500" : 0.000000,
        "750" : 0.000000,
        "1000" : 0.000000
      },
      "latency_ms" : {
        "2" : 0.000000,
        "4" : 0.000000,
        "10" : 0.000000,
        "20" : 0.000000,
        "50" : 0.000000,
        "100" : 0.000000,
        "250" : 0.000000,
        "500" : 0.000000,
        "750" : 0.000000,
        "1000" : 0.000000,
        "2000" : 0.000000,
        ">=2000" : 0.000000
      },
      "latency_depth" : 1,
      "latency_target" : 0,
      "latency_percentile" : 100.000000,
      "latency_window" : 0
    }
  ],
  "disk_util" : [
    {
      "name" : "sdb",
      "read_ios" : 0,
      "write_ios" : 33,
      "read_sectors" : 0,
      "write_sectors" : 5648,
      "read_merges" : 0,
      "write_merges" : 47,
      "read_ticks" : 0,
      "write_ticks" : 20,
      "in_queue" : 21,
      "util" : 0.020018
    }
  ]
}
