{
  "fio version" : "fio-3.40",
  "timestamp" : 1767879117,
  "timestamp_ms" : 1767879117426,
  "time" : "Thu Jan  8 13:31:57 2026",
  "global options" : {
    "ioengine" : "librawstor",
    "filename" : "ost://127.0.0.1:8080/01988675-e1e5-7788-9ed4-2f2d30910d23"
  },
  "jobs" : [
    {
      "jobname" : "rawstor",
      "groupid" : 0,
      "job_start" : 1767879107282,
      "error" : 0,
      "eta" : 0,
      "elapsed" : 11,
      "job options" : {
        "name" : "rawstor",
        "iodepth" : "1",
        "rw" : "randrw",
        "bs" : "4k",
        "size" : "1G",
        "numjobs" : "1",
        "runtime" : "10",
        "time_based" : "",
        "group_reporting" : ""
      },
      "read" : {
        "io_bytes" : 237629440,
        "io_kbytes" : 232060,
        "bw_bytes" : 23760567,
        "bw" : 23203,
        "iops" : 5800.919908,
        "runtime" : 10001,
        "total_ios" : 58015,
        "short_ios" : 0,
        "drop_ios" : 0,
        "slat_ns" : {
          "min" : 50,
          "max" : 20558,
          "mean" : 189.884220,
          "stddev" : 238.610122,
          "N" : 58015
        },
        "clat_ns" : {
          "min" : 39704,
          "max" : 26154479,
          "mean" : 72279.628010,
          "stddev" : 192560.053422,
          "N" : 58015,
          "percentile" : {
            "1.000000" : 53504,
            "5.000000" : 57088,
            "10.000000" : 58624,
            "20.000000" : 62208,
            "30.000000" : 64768,
            "40.000000" : 67072,
            "50.000000" : 69120,
            "60.000000" : 71168,
            "70.000000" : 74240,
            "80.000000" : 77312,
            "90.000000" : 82432,
            "95.000000" : 88576,
            "99.000000" : 101888,
            "99.500000" : 108032,
            "99.900000" : 129536,
            "99.950000" : 177152,
            "99.990000" : 3489792
          }
        },
        "lat_ns" : {
          "min" : 39874,
          "max" : 26154649,
          "mean" : 72469.512230,
          "stddev" : 192561.062221,
          "N" : 58015
        },
        "bw_min" : 21800,
        "bw_max" : 26032,
        "bw_agg" : 99.919501,
        "bw_mean" : 23185.684211,
        "bw_dev" : 1227.233431,
        "bw_samples" : 19,
        "iops_min" : 5450,
        "iops_max" : 6508,
        "iops_mean" : 5796.421053,
        "iops_stddev" : 306.808358,
        "iops_samples" : 19
      },
      "write" : {
        "io_bytes" : 236789760,
        "io_kbytes" : 231240,
        "bw_bytes" : 23676608,
        "bw" : 23121,
        "iops" : 5780.421958,
        "runtime" : 10001,
        "total_ios" : 57810,
        "short_ios" : 0,
        "drop_ios" : 0,
        "slat_ns" : {
          "min" : 90,
          "max" : 19116,
          "mean" : 275.327296,
          "stddev" : 287.757117,
          "N" : 57810
        },
        "clat_ns" : {
          "min" : 57758,
          "max" : 26584130,
          "mean" : 96673.121156,
          "stddev" : 187131.350907,
          "N" : 57810,
          "percentile" : {
            "1.000000" : 75264,
            "5.000000" : 80384,
            "10.000000" : 83456,
            "20.000000" : 86528,
            "30.000000" : 89600,
            "40.000000" : 91648,
            "50.000000" : 94720,
            "60.000000" : 96768,
            "70.000000" : 98816,
            "80.000000" : 102912,
            "90.000000" : 109056,
            "95.000000" : 114176,
            "99.000000" : 127488,
            "99.500000" : 134144,
            "99.900000" : 156672,
            "99.950000" : 175104,
            "99.990000" : 1003520
          }
        },
        "lat_ns" : {
          "min" : 57969,
          "max" : 26584340,
          "mean" : 96948.448452,
          "stddev" : 187132.148909,
          "N" : 57810
        },
        "bw_min" : 21200,
        "bw_max" : 25424,
        "bw_agg" : 99.793754,
        "bw_mean" : 23074.526316,
        "bw_dev" : 1063.816367,
        "bw_samples" : 19,
        "iops_min" : 5300,
        "iops_max" : 6356,
        "iops_mean" : 5768.631579,
        "iops_stddev" : 265.954092,
        "iops_samples" : 19
      },
      "trim" : {
        "io_bytes" : 0,
        "io_kbytes" : 0,
        "bw_bytes" : 0,
        "bw" : 0,
        "iops" : 0.000000,
        "runtime" : 0,
        "total_ios" : 0,
        "short_ios" : 0,
        "drop_ios" : 0,
        "slat_ns" : {
          "min" : 0,
          "max" : 0,
          "mean" : 0.000000,
          "stddev" : 0.000000,
          "N" : 0
        },
        "clat_ns" : {
          "min" : 0,
          "max" : 0,
          "mean" : 0.000000,
          "stddev" : 0.000000,
          "N" : 0
        },
        "lat_ns" : {
          "min" : 0,
          "max" : 0,
          "mean" : 0.000000,
          "stddev" : 0.000000,
          "N" : 0
        },
        "bw_min" : 0,
        "bw_max" : 0,
        "bw_agg" : 0.000000,
        "bw_mean" : 0.000000,
        "bw_dev" : 0.000000,
        "bw_samples" : 0,
        "iops_min" : 0,
        "iops_max" : 0,
        "iops_mean" : 0.000000,
        "iops_stddev" : 0.000000,
        "iops_samples" : 0
      },
      "sync" : {
        "total_ios" : 0,
        "lat_ns" : {
          "min" : 0,
          "max" : 0,
          "mean" : 0.000000,
          "stddev" : 0.000000,
          "N" : 0
        }
      },
      "job_runtime" : 10000,
      "usr_cpu" : 8.030000,
      "sys_cpu" : 33.860000,
      "ctx" : 115899,
      "majf" : 0,
      "minf" : 43,
      "iodepth_level" : {
        "1" : 100.000000,
        "2" : 0.000000,
        "4" : 0.000000,
        "8" : 0.000000,
        "16" : 0.000000,
        "32" : 0.000000,
        ">=64" : 0.000000
      },
      "iodepth_submit" : {
        "0" : 0.000000,
        "4" : 100.000000,
        "8" : 0.000000,
        "16" : 0.000000,
        "32" : 0.000000,
        "64" : 0.000000,
        ">=64" : 0.000000
      },
      "iodepth_complete" : {
        "0" : 0.000000,
        "4" : 100.000000,
        "8" : 0.000000,
        "16" : 0.000000,
        "32" : 0.000000,
        "64" : 0.000000,
        ">=64" : 0.000000
      },
      "latency_ns" : {
        "2" : 0.000000,
        "4" : 0.000000,
        "10" : 0.000000,
        "20" : 0.000000,
        "50" : 0.000000,
        "100" : 0.000000,
        "250" : 0.000000,
        "500" : 0.000000,
        "750" : 0.000000,
        "1000" : 0.000000
      },
      "latency_us" : {
        "2" : 0.000000,
        "4" : 0.000000,
        "10" : 0.000000,
        "20" : 0.000000,
        "50" : 0.071660,
        "100" : 85.632635,
        "250" : 14.266350,
        "500" : 0.016404,
        "750" : 0.000000,
        "1000" : 0.010000
      },
      "latency_ms" : {
        "2" : 0.010000,
        "4" : 0.010000,
        "10" : 0.010000,
        "20" : 0.010000,
        "50" : 0.010000,
        "100" : 0.000000,
        "250" : 0.000000,
        "500" : 0.000000,
        "750" : 0.000000,
        "1000" : 0.000000,
        "2000" : 0.000000,
        ">=2000" : 0.000000
      },
      "latency_depth" : 1,
      "latency_target" : 0,
      "latency_percentile" : 100.000000,
      "latency_window" : 0
    }
  ],
  "disk_util" : [
    {
      "name" : "sdb",
      "read_ios" : 0,
      "write_ios" : 133,
      "read_sectors" : 0,
      "write_sectors" : 61000,
      "read_merges" : 0,
      "write_merges" : 1131,
      "read_ticks" : 0,
      "write_ticks" : 314,
      "in_queue" : 319,
      "util" : 0.170136
    }
  ]
}
