{
  "fio version" : "fio-3.40",
  "timestamp" : 1757496639,
  "timestamp_ms" : 1757496639197,
  "time" : "Wed Sep 10 09:30:39 2025",
  "global options" : {
    "ioengine" : "librawstor",
    "filename" : "01988675-e1e5-7788-9ed4-2f2d30910d23"
  },
  "jobs" : [
    {
      "jobname" : "rawstor",
      "groupid" : 0,
      "job_start" : 1757496629052,
      "error" : 0,
      "eta" : 0,
      "elapsed" : 11,
      "job options" : {
        "name" : "rawstor",
        "iodepth" : "1",
        "rw" : "randrw",
        "bs" : "4k",
        "size" : "1G",
        "numjobs" : "1",
        "runtime" : "10",
        "time_based" : "",
        "group_reporting" : ""
      },
      "read" : {
        "io_bytes" : 253186048,
        "io_kbytes" : 247252,
        "bw_bytes" : 25316073,
        "bw" : 24722,
        "iops" : 6180.681932,
        "runtime" : 10001,
        "total_ios" : 61813,
        "short_ios" : 0,
        "drop_ios" : 0,
        "slat_ns" : {
          "min" : 40,
          "max" : 18244,
          "mean" : 160.927459,
          "stddev" : 174.508738,
          "N" : 61813
        },
        "clat_ns" : {
          "min" : 38532,
          "max" : 25795953,
          "mean" : 67228.785595,
          "stddev" : 171297.072783,
          "N" : 61813,
          "percentile" : {
            "1.000000" : 50432,
            "5.000000" : 53504,
            "10.000000" : 55040,
            "20.000000" : 58112,
            "30.000000" : 60672,
            "40.000000" : 62208,
            "50.000000" : 64256,
            "60.000000" : 66048,
            "70.000000" : 69120,
            "80.000000" : 72192,
            "90.000000" : 77312,
            "95.000000" : 83456,
            "99.000000" : 96768,
            "99.500000" : 103936,
            "99.900000" : 124416,
            "99.950000" : 148480,
            "99.990000" : 2539520
          }
        },
        "lat_ns" : {
          "min" : 38632,
          "max" : 25796053,
          "mean" : 67389.713054,
          "stddev" : 171297.863614,
          "N" : 61813
        },
        "bw_min" : 23792,
        "bw_max" : 27112,
        "bw_agg" : 100.000000,
        "bw_mean" : 24725.200000,
        "bw_dev" : 960.912812,
        "bw_samples" : 20,
        "iops_min" : 5948,
        "iops_max" : 6778,
        "iops_mean" : 6181.300000,
        "iops_stddev" : 240.228203,
        "iops_samples" : 20
      },
      "write" : {
        "io_bytes" : 252293120,
        "io_kbytes" : 246380,
        "bw_bytes" : 25226789,
        "bw" : 24635,
        "iops" : 6158.884112,
        "runtime" : 10001,
        "total_ios" : 61595,
        "short_ios" : 0,
        "drop_ios" : 0,
        "slat_ns" : {
          "min" : 69,
          "max" : 61055,
          "mean" : 227.474000,
          "stddev" : 348.830016,
          "N" : 61595
        },
        "clat_ns" : {
          "min" : 56406,
          "max" : 29624099,
          "mean" : 91280.179219,
          "stddev" : 214341.733532,
          "N" : 61595,
          "percentile" : {
            "1.000000" : 71168,
            "5.000000" : 75264,
            "10.000000" : 78336,
            "20.000000" : 81408,
            "30.000000" : 83456,
            "40.000000" : 85504,
            "50.000000" : 87552,
            "60.000000" : 89600,
            "70.000000" : 92672,
            "80.000000" : 95744,
            "90.000000" : 101888,
            "95.000000" : 107008,
            "99.000000" : 121344,
            "99.500000" : 129536,
            "99.900000" : 156672,
            "99.950000" : 193536,
            "99.990000" : 2637824
          }
        },
        "lat_ns" : {
          "min" : 56576,
          "max" : 29624270,
          "mean" : 91507.653219,
          "stddev" : 214342.159702,
          "N" : 61595
        },
        "bw_min" : 23200,
        "bw_max" : 26520,
        "bw_agg" : 100.000000,
        "bw_mean" : 24638.000000,
        "bw_dev" : 965.963495,
        "bw_samples" : 20,
        "iops_min" : 5800,
        "iops_max" : 6630,
        "iops_mean" : 6159.500000,
        "iops_stddev" : 241.490874,
        "iops_samples" : 20
      },
      "trim" : {
        "io_bytes" : 0,
        "io_kbytes" : 0,
        "bw_bytes" : 0,
        "bw" : 0,
        "iops" : 0.000000,
        "runtime" : 0,
        "total_ios" : 0,
        "short_ios" : 0,
        "drop_ios" : 0,
        "slat_ns" : {
          "min" : 0,
          "max" : 0,
          "mean" : 0.000000,
          "stddev" : 0.000000,
          "N" : 0
        },
        "clat_ns" : {
          "min" : 0,
          "max" : 0,
          "mean" : 0.000000,
          "stddev" : 0.000000,
          "N" : 0
        },
        "lat_ns" : {
          "min" : 0,
          "max" : 0,
          "mean" : 0.000000,
          "stddev" : 0.000000,
          "N" : 0
        },
        "bw_min" : 0,
        "bw_max" : 0,
        "bw_agg" : 0.000000,
        "bw_mean" : 0.000000,
        "bw_dev" : 0.000000,
        "bw_samples" : 0,
        "iops_min" : 0,
        "iops_max" : 0,
        "iops_mean" : 0.000000,
        "iops_stddev" : 0.000000,
        "iops_samples" : 0
      },
      "sync" : {
        "total_ios" : 0,
        "lat_ns" : {
          "min" : 0,
          "max" : 0,
          "mean" : 0.000000,
          "stddev" : 0.000000,
          "N" : 0
        }
      },
      "job_runtime" : 10000,
      "usr_cpu" : 6.580000,
      "sys_cpu" : 34.830000,
      "ctx" : 123465,
      "majf" : 0,
      "minf" : 284,
      "iodepth_level" : {
        "1" : 100.000000,
        "2" : 0.000000,
        "4" : 0.000000,
        "8" : 0.000000,
        "16" : 0.000000,
        "32" : 0.000000,
        ">=64" : 0.000000
      },
      "iodepth_submit" : {
        "0" : 0.000000,
        "4" : 100.000000,
        "8" : 0.000000,
        "16" : 0.000000,
        "32" : 0.000000,
        "64" : 0.000000,
        ">=64" : 0.000000
      },
      "iodepth_complete" : {
        "0" : 0.000000,
        "4" : 100.000000,
        "8" : 0.000000,
        "16" : 0.000000,
        "32" : 0.000000,
        "64" : 0.000000,
        ">=64" : 0.000000
      },
      "latency_ns" : {
        "2" : 0.000000,
        "4" : 0.000000,
        "10" : 0.000000,
        "20" : 0.000000,
        "50" : 0.000000,
        "100" : 0.000000,
        "250" : 0.000000,
        "500" : 0.000000,
        "750" : 0.000000,
        "1000" : 0.000000
      },
      "latency_us" : {
        "2" : 0.000000,
        "4" : 0.000000,
        "10" : 0.000000,
        "20" : 0.000000,
        "50" : 0.324128,
        "100" : 93.233016,
        "250" : 6.416926,
        "500" : 0.010000,
        "750" : 0.010000,
        "1000" : 0.010000
      },
      "latency_ms" : {
        "2" : 0.010000,
        "4" : 0.010000,
        "10" : 0.010000,
        "20" : 0.010000,
        "50" : 0.010000,
        "100" : 0.000000,
        "250" : 0.000000,
        "500" : 0.000000,
        "750" : 0.000000,
        "1000" : 0.000000,
        "2000" : 0.000000,
        ">=2000" : 0.000000
      },
      "latency_depth" : 1,
      "latency_target" : 0,
      "latency_percentile" : 100.000000,
      "latency_window" : 0
    }
  ],
  "disk_util" : [
    {
      "name" : "sdb",
      "read_ios" : 0,
      "write_ios" : 218,
      "read_sectors" : 0,
      "write_sectors" : 38944,
      "read_merges" : 0,
      "write_merges" : 1140,
      "read_ticks" : 0,
      "write_ticks" : 255,
      "in_queue" : 262,
      "util" : 0.230207
    }
  ]
}
