{
  "fio version" : "fio-3.40",
  "timestamp" : 1767389848,
  "timestamp_ms" : 1767389848051,
  "time" : "Fri Jan  2 21:37:28 2026",
  "global options" : {
    "ioengine" : "librawstor",
    "filename" : "ost://127.0.0.1:8080/01988675-e1e5-7788-9ed4-2f2d30910d23"
  },
  "jobs" : [
    {
      "jobname" : "rawstor",
      "groupid" : 0,
      "job_start" : 1767389837905,
      "error" : 0,
      "eta" : 0,
      "elapsed" : 11,
      "job options" : {
        "name" : "rawstor",
        "iodepth" : "1",
        "rw" : "randrw",
        "bs" : "4k",
        "size" : "1G",
        "numjobs" : "1",
        "runtime" : "10",
        "time_based" : "",
        "group_reporting" : ""
      },
      "read" : {
        "io_bytes" : 250736640,
        "io_kbytes" : 244860,
        "bw_bytes" : 25071156,
        "bw" : 24483,
        "iops" : 6120.887911,
        "runtime" : 10001,
        "total_ios" : 61215,
        "short_ios" : 0,
        "drop_ios" : 0,
        "slat_ns" : {
          "min" : 50,
          "max" : 17403,
          "mean" : 180.909548,
          "stddev" : 237.971644,
          "N" : 61215
        },
        "clat_ns" : {
          "min" : 37911,
          "max" : 23090583,
          "mean" : 67222.043943,
          "stddev" : 93994.697471,
          "N" : 61215,
          "percentile" : {
            "1.000000" : 51456,
            "5.000000" : 54528,
            "10.000000" : 56064,
            "20.000000" : 59136,
            "30.000000" : 61184,
            "40.000000" : 63232,
            "50.000000" : 65280,
            "60.000000" : 67072,
            "70.000000" : 70144,
            "80.000000" : 73216,
            "90.000000" : 78336,
            "95.000000" : 84480,
            "99.000000" : 98816,
            "99.500000" : 104960,
            "99.900000" : 132096,
            "99.950000" : 175104,
            "99.990000" : 485376
          }
        },
        "lat_ns" : {
          "min" : 38001,
          "max" : 23090723,
          "mean" : 67402.953492,
          "stddev" : 93997.006362,
          "N" : 61215
        },
        "bw_min" : 22848,
        "bw_max" : 25872,
        "bw_agg" : 100.000000,
        "bw_mean" : 24510.315789,
        "bw_dev" : 896.518021,
        "bw_samples" : 19,
        "iops_min" : 5712,
        "iops_max" : 6468,
        "iops_mean" : 6127.578947,
        "iops_stddev" : 224.129505,
        "iops_samples" : 19
      },
      "write" : {
        "io_bytes" : 249901056,
        "io_kbytes" : 244044,
        "bw_bytes" : 24987606,
        "bw" : 24401,
        "iops" : 6100.489951,
        "runtime" : 10001,
        "total_ios" : 61011,
        "short_ios" : 0,
        "drop_ios" : 0,
        "slat_ns" : {
          "min" : 80,
          "max" : 19897,
          "mean" : 257.933078,
          "stddev" : 253.783633,
          "N" : 61011
        },
        "clat_ns" : {
          "min" : 57267,
          "max" : 22693593,
          "mean" : 92854.537460,
          "stddev" : 212339.747586,
          "N" : 61011,
          "percentile" : {
            "1.000000" : 72192,
            "5.000000" : 77312,
            "10.000000" : 80384,
            "20.000000" : 82432,
            "30.000000" : 84480,
            "40.000000" : 86528,
            "50.000000" : 88576,
            "60.000000" : 91648,
            "70.000000" : 93696,
            "80.000000" : 96768,
            "90.000000" : 102912,
            "95.000000" : 109056,
            "99.000000" : 122368,
            "99.500000" : 132096,
            "99.900000" : 160768,
            "99.950000" : 222208,
            "99.990000" : 15532032
          }
        },
        "lat_ns" : {
          "min" : 57467,
          "max" : 22693763,
          "mean" : 93112.470538,
          "stddev" : 212340.196907,
          "N" : 61011
        },
        "bw_min" : 23152,
        "bw_max" : 25400,
        "bw_agg" : 100.000000,
        "bw_mean" : 24423.578947,
        "bw_dev" : 671.743198,
        "bw_samples" : 19,
        "iops_min" : 5788,
        "iops_max" : 6350,
        "iops_mean" : 6105.894737,
        "iops_stddev" : 167.935799,
        "iops_samples" : 19
      },
      "trim" : {
        "io_bytes" : 0,
        "io_kbytes" : 0,
        "bw_bytes" : 0,
        "bw" : 0,
        "iops" : 0.000000,
        "runtime" : 0,
        "total_ios" : 0,
        "short_ios" : 0,
        "drop_ios" : 0,
        "slat_ns" : {
          "min" : 0,
          "max" : 0,
          "mean" : 0.000000,
          "stddev" : 0.000000,
          "N" : 0
        },
        "clat_ns" : {
          "min" : 0,
          "max" : 0,
          "mean" : 0.000000,
          "stddev" : 0.000000,
          "N" : 0
        },
        "lat_ns" : {
          "min" : 0,
          "max" : 0,
          "mean" : 0.000000,
          "stddev" : 0.000000,
          "N" : 0
        },
        "bw_min" : 0,
        "bw_max" : 0,
        "bw_agg" : 0.000000,
        "bw_mean" : 0.000000,
        "bw_dev" : 0.000000,
        "bw_samples" : 0,
        "iops_min" : 0,
        "iops_max" : 0,
        "iops_mean" : 0.000000,
        "iops_stddev" : 0.000000,
        "iops_samples" : 0
      },
      "sync" : {
        "total_ios" : 0,
        "lat_ns" : {
          "min" : 0,
          "max" : 0,
          "mean" : 0.000000,
          "stddev" : 0.000000,
          "N" : 0
        }
      },
      "job_runtime" : 10000,
      "usr_cpu" : 7.520000,
      "sys_cpu" : 34.540000,
      "ctx" : 122299,
      "majf" : 0,
      "minf" : 42,
      "iodepth_level" : {
        "1" : 100.000000,
        "2" : 0.000000,
        "4" : 0.000000,
        "8" : 0.000000,
        "16" : 0.000000,
        "32" : 0.000000,
        ">=64" : 0.000000
      },
      "iodepth_submit" : {
        "0" : 0.000000,
        "4" : 100.000000,
        "8" : 0.000000,
        "16" : 0.000000,
        "32" : 0.000000,
        "64" : 0.000000,
        ">=64" : 0.000000
      },
      "iodepth_complete" : {
        "0" : 0.000000,
        "4" : 100.000000,
        "8" : 0.000000,
        "16" : 0.000000,
        "32" : 0.000000,
        "64" : 0.000000,
        ">=64" : 0.000000
      },
      "latency_ns" : {
        "2" : 0.000000,
        "4" : 0.000000,
        "10" : 0.000000,
        "20" : 0.000000,
        "50" : 0.000000,
        "100" : 0.000000,
        "250" : 0.000000,
        "500" : 0.000000,
        "750" : 0.000000,
        "1000" : 0.000000
      },
      "latency_us" : {
        "2" : 0.000000,
        "4" : 0.000000,
        "10" : 0.000000,
        "20" : 0.000000,
        "50" : 0.153813,
        "100" : 92.391962,
        "250" : 7.417407,
        "500" : 0.022090,
        "750" : 0.010000,
        "1000" : 0.000000
      },
      "latency_ms" : {
        "2" : 0.010000,
        "4" : 0.010000,
        "10" : 0.000000,
        "20" : 0.010000,
        "50" : 0.010000,
        "100" : 0.000000,
        "250" : 0.000000,
        "500" : 0.000000,
        "750" : 0.000000,
        "1000" : 0.000000,
        "2000" : 0.000000,
        ">=2000" : 0.000000
      },
      "latency_depth" : 1,
      "latency_target" : 0,
      "latency_percentile" : 100.000000,
      "latency_window" : 0
    }
  ],
  "disk_util" : [
    {
      "name" : "sdb",
      "read_ios" : 0,
      "write_ios" : 122,
      "read_sectors" : 0,
      "write_sectors" : 39272,
      "read_merges" : 0,
      "write_merges" : 1043,
      "read_ticks" : 0,
      "write_ticks" : 229,
      "in_queue" : 238,
      "util" : 0.190152
    }
  ]
}
