{
  "fio version" : "fio-3.40",
  "timestamp" : 1757876527,
  "timestamp_ms" : 1757876527327,
  "time" : "Sun Sep 14 19:02:07 2025",
  "global options" : {
    "ioengine" : "librawstor",
    "filename" : "01988675-e1e5-7788-9ed4-2f2d30910d23"
  },
  "jobs" : [
    {
      "jobname" : "rawstor",
      "groupid" : 0,
      "job_start" : 1757876517182,
      "error" : 0,
      "eta" : 0,
      "elapsed" : 11,
      "job options" : {
        "name" : "rawstor",
        "iodepth" : "1",
        "rw" : "randrw",
        "bs" : "4k",
        "size" : "1G",
        "numjobs" : "1",
        "runtime" : "10",
        "time_based" : "",
        "group_reporting" : ""
      },
      "read" : {
        "io_bytes" : 239271936,
        "io_kbytes" : 233664,
        "bw_bytes" : 23924801,
        "bw" : 23364,
        "iops" : 5841.015898,
        "runtime" : 10001,
        "total_ios" : 58416,
        "short_ios" : 0,
        "drop_ios" : 0,
        "slat_ns" : {
          "min" : 40,
          "max" : 17453,
          "mean" : 181.564006,
          "stddev" : 211.665769,
          "N" : 58416
        },
        "clat_ns" : {
          "min" : 40977,
          "max" : 30957908,
          "mean" : 71626.321761,
          "stddev" : 212171.157390,
          "N" : 58416,
          "percentile" : {
            "1.000000" : 51968,
            "5.000000" : 55552,
            "10.000000" : 58112,
            "20.000000" : 61184,
            "30.000000" : 63744,
            "40.000000" : 66048,
            "50.000000" : 68096,
            "60.000000" : 71168,
            "70.000000" : 73216,
            "80.000000" : 77312,
            "90.000000" : 83456,
            "95.000000" : 89600,
            "99.000000" : 105984,
            "99.500000" : 114176,
            "99.900000" : 140288,
            "99.950000" : 154624,
            "99.990000" : 2211840
          }
        },
        "lat_ns" : {
          "min" : 41097,
          "max" : 30957998,
          "mean" : 71807.885768,
          "stddev" : 212171.830437,
          "N" : 58416
        },
        "bw_min" : 21000,
        "bw_max" : 26328,
        "bw_agg" : 100.000000,
        "bw_mean" : 23366.400000,
        "bw_dev" : 1255.780336,
        "bw_samples" : 20,
        "iops_min" : 5250,
        "iops_max" : 6582,
        "iops_mean" : 5841.600000,
        "iops_stddev" : 313.945084,
        "iops_samples" : 20
      },
      "write" : {
        "io_bytes" : 238444544,
        "io_kbytes" : 232856,
        "bw_bytes" : 23842070,
        "bw" : 23283,
        "iops" : 5820.817918,
        "runtime" : 10001,
        "total_ios" : 58214,
        "short_ios" : 0,
        "drop_ios" : 0,
        "slat_ns" : {
          "min" : 60,
          "max" : 18294,
          "mean" : 254.045814,
          "stddev" : 242.494005,
          "N" : 58214
        },
        "clat_ns" : {
          "min" : 54933,
          "max" : 28634366,
          "mean" : 96142.352681,
          "stddev" : 223814.180254,
          "N" : 58214,
          "percentile" : {
            "1.000000" : 74240,
            "5.000000" : 79360,
            "10.000000" : 81408,
            "20.000000" : 84480,
            "30.000000" : 87552,
            "40.000000" : 90624,
            "50.000000" : 92672,
            "60.000000" : 94720,
            "70.000000" : 97792,
            "80.000000" : 101888,
            "90.000000" : 108032,
            "95.000000" : 114176,
            "99.000000" : 129536,
            "99.500000" : 138240,
            "99.900000" : 168960,
            "99.950000" : 242688,
            "99.990000" : 3063808
          }
        },
        "lat_ns" : {
          "min" : 55113,
          "max" : 28634546,
          "mean" : 96396.398495,
          "stddev" : 223814.913444,
          "N" : 58214
        },
        "bw_min" : 21504,
        "bw_max" : 26160,
        "bw_agg" : 100.000000,
        "bw_mean" : 23285.600000,
        "bw_dev" : 1144.672897,
        "bw_samples" : 20,
        "iops_min" : 5376,
        "iops_max" : 6540,
        "iops_mean" : 5821.400000,
        "iops_stddev" : 286.168224,
        "iops_samples" : 20
      },
      "trim" : {
        "io_bytes" : 0,
        "io_kbytes" : 0,
        "bw_bytes" : 0,
        "bw" : 0,
        "iops" : 0.000000,
        "runtime" : 0,
        "total_ios" : 0,
        "short_ios" : 0,
        "drop_ios" : 0,
        "slat_ns" : {
          "min" : 0,
          "max" : 0,
          "mean" : 0.000000,
          "stddev" : 0.000000,
          "N" : 0
        },
        "clat_ns" : {
          "min" : 0,
          "max" : 0,
          "mean" : 0.000000,
          "stddev" : 0.000000,
          "N" : 0
        },
        "lat_ns" : {
          "min" : 0,
          "max" : 0,
          "mean" : 0.000000,
          "stddev" : 0.000000,
          "N" : 0
        },
        "bw_min" : 0,
        "bw_max" : 0,
        "bw_agg" : 0.000000,
        "bw_mean" : 0.000000,
        "bw_dev" : 0.000000,
        "bw_samples" : 0,
        "iops_min" : 0,
        "iops_max" : 0,
        "iops_mean" : 0.000000,
        "iops_stddev" : 0.000000,
        "iops_samples" : 0
      },
      "sync" : {
        "total_ios" : 0,
        "lat_ns" : {
          "min" : 0,
          "max" : 0,
          "mean" : 0.000000,
          "stddev" : 0.000000,
          "N" : 0
        }
      },
      "job_runtime" : 10000,
      "usr_cpu" : 6.070000,
      "sys_cpu" : 33.650000,
      "ctx" : 116690,
      "majf" : 0,
      "minf" : 290,
      "iodepth_level" : {
        "1" : 100.000000,
        "2" : 0.000000,
        "4" : 0.000000,
        "8" : 0.000000,
        "16" : 0.000000,
        "32" : 0.000000,
        ">=64" : 0.000000
      },
      "iodepth_submit" : {
        "0" : 0.000000,
        "4" : 100.000000,
        "8" : 0.000000,
        "16" : 0.000000,
        "32" : 0.000000,
        "64" : 0.000000,
        ">=64" : 0.000000
      },
      "iodepth_complete" : {
        "0" : 0.000000,
        "4" : 100.000000,
        "8" : 0.000000,
        "16" : 0.000000,
        "32" : 0.000000,
        "64" : 0.000000,
        ">=64" : 0.000000
      },
      "latency_ns" : {
        "2" : 0.000000,
        "4" : 0.000000,
        "10" : 0.000000,
        "20" : 0.000000,
        "50" : 0.000000,
        "100" : 0.000000,
        "250" : 0.000000,
        "500" : 0.000000,
        "750" : 0.000000,
        "1000" : 0.000000
      },
      "latency_us" : {
        "2" : 0.000000,
        "4" : 0.000000,
        "10" : 0.000000,
        "20" : 0.000000,
        "50" : 0.102889,
        "100" : 87.404613,
        "250" : 12.463346,
        "500" : 0.012861,
        "750" : 0.010000,
        "1000" : 0.010000
      },
      "latency_ms" : {
        "2" : 0.000000,
        "4" : 0.010000,
        "10" : 0.010000,
        "20" : 0.000000,
        "50" : 0.010000,
        "100" : 0.000000,
        "250" : 0.000000,
        "500" : 0.000000,
        "750" : 0.000000,
        "1000" : 0.000000,
        "2000" : 0.000000,
        ">=2000" : 0.000000
      },
      "latency_depth" : 1,
      "latency_target" : 0,
      "latency_percentile" : 100.000000,
      "latency_window" : 0
    }
  ],
  "disk_util" : [
    {
      "name" : "sdb",
      "read_ios" : 0,
      "write_ios" : 219,
      "read_sectors" : 0,
      "write_sectors" : 40432,
      "read_merges" : 0,
      "write_merges" : 1133,
      "read_ticks" : 0,
      "write_ticks" : 281,
      "in_queue" : 289,
      "util" : 0.250225
    }
  ]
}
