{
  "fio version" : "fio-3.40",
  "timestamp" : 1767872711,
  "timestamp_ms" : 1767872711377,
  "time" : "Thu Jan  8 11:45:11 2026",
  "global options" : {
    "ioengine" : "librawstor",
    "filename" : "file:///tmp/objects/019b9d6c-a230-7cea-8f9e-42549cea4e3e"
  },
  "jobs" : [
    {
      "jobname" : "rawstor",
      "groupid" : 0,
      "job_start" : 1767872701230,
      "error" : 0,
      "eta" : 0,
      "elapsed" : 11,
      "job options" : {
        "name" : "rawstor",
        "iodepth" : "2",
        "rw" : "randrw",
        "bs" : "4k",
        "size" : "1G",
        "numjobs" : "1",
        "runtime" : "10",
        "time_based" : "",
        "group_reporting" : ""
      },
      "read" : {
        "io_bytes" : 2791784448,
        "io_kbytes" : 2726352,
        "bw_bytes" : 279178444,
        "bw" : 272635,
        "iops" : 68158.800000,
        "runtime" : 10000,
        "total_ios" : 681588,
        "short_ios" : 0,
        "drop_ios" : 0,
        "slat_ns" : {
          "min" : 0,
          "max" : 0,
          "mean" : 0.000000,
          "stddev" : 0.000000,
          "N" : 681588
        },
        "clat_ns" : {
          "min" : 105090885,
          "max" : 10104887238,
          "mean" : 5334313090.349557,
          "stddev" : 2808363268.873979,
          "N" : 681588,
          "percentile" : {
            "1.000000" : 219152384,
            "5.000000" : 708837376,
            "10.000000" : 1333788672,
            "20.000000" : 2533359616,
            "30.000000" : 3539992576,
            "40.000000" : 4462739456,
            "50.000000" : 5402263552,
            "60.000000" : 6274678784,
            "70.000000" : 7281311744,
            "80.000000" : 8220835840,
            "90.000000" : 9193914368,
            "95.000000" : 9596567552,
            "99.000000" : 9999220736,
            "99.500000" : 9999220736,
            "99.900000" : 10133438464,
            "99.950000" : 10133438464,
            "99.990000" : 10133438464
          }
        },
        "lat_ns" : {
          "min" : 1402,
          "max" : 148085,
          "mean" : 5465.536390,
          "stddev" : 3913.809151,
          "N" : 681588
        },
        "bw_min" : 205544,
        "bw_max" : 317848,
        "bw_agg" : 99.503659,
        "bw_mean" : 271282.947368,
        "bw_dev" : 31648.888001,
        "bw_samples" : 19,
        "iops_min" : 51386,
        "iops_max" : 79464,
        "iops_mean" : 67820.947368,
        "iops_stddev" : 7912.485138,
        "iops_samples" : 19
      },
      "write" : {
        "io_bytes" : 2788474880,
        "io_kbytes" : 2723120,
        "bw_bytes" : 278847488,
        "bw" : 272312,
        "iops" : 68078.000000,
        "runtime" : 10000,
        "total_ios" : 680780,
        "short_ios" : 0,
        "drop_ios" : 0,
        "slat_ns" : {
          "min" : 0,
          "max" : 0,
          "mean" : 0.000000,
          "stddev" : 0.000000,
          "N" : 680780
        },
        "clat_ns" : {
          "min" : 105196832,
          "max" : 10104884593,
          "mean" : 5333668161.023445,
          "stddev" : 2808167165.259384,
          "N" : 680780,
          "percentile" : {
            "1.000000" : 217055232,
            "5.000000" : 700448768,
            "10.000000" : 1333788672,
            "20.000000" : 2533359616,
            "30.000000" : 3539992576,
            "40.000000" : 4462739456,
            "50.000000" : 5402263552,
            "60.000000" : 6274678784,
            "70.000000" : 7281311744,
            "80.000000" : 8220835840,
            "90.000000" : 9193914368,
            "95.000000" : 9596567552,
            "99.000000" : 9999220736,
            "99.500000" : 9999220736,
            "99.900000" : 10133438464,
            "99.950000" : 10133438464,
            "99.990000" : 10133438464
          }
        },
        "lat_ns" : {
          "min" : 4038,
          "max" : 1712830,
          "mean" : 22919.736349,
          "stddev" : 7521.382595,
          "N" : 680780
        },
        "bw_min" : 205784,
        "bw_max" : 314264,
        "bw_agg" : 99.560431,
        "bw_mean" : 271115.368421,
        "bw_dev" : 31491.019651,
        "bw_samples" : 19,
        "iops_min" : 51446,
        "iops_max" : 78566,
        "iops_mean" : 67778.842105,
        "iops_stddev" : 7872.754913,
        "iops_samples" : 19
      },
      "trim" : {
        "io_bytes" : 0,
        "io_kbytes" : 0,
        "bw_bytes" : 0,
        "bw" : 0,
        "iops" : 0.000000,
        "runtime" : 0,
        "total_ios" : 0,
        "short_ios" : 0,
        "drop_ios" : 0,
        "slat_ns" : {
          "min" : 0,
          "max" : 0,
          "mean" : 0.000000,
          "stddev" : 0.000000,
          "N" : 0
        },
        "clat_ns" : {
          "min" : 0,
          "max" : 0,
          "mean" : 0.000000,
          "stddev" : 0.000000,
          "N" : 0
        },
        "lat_ns" : {
          "min" : 0,
          "max" : 0,
          "mean" : 0.000000,
          "stddev" : 0.000000,
          "N" : 0
        },
        "bw_min" : 0,
        "bw_max" : 0,
        "bw_agg" : 0.000000,
        "bw_mean" : 0.000000,
        "bw_dev" : 0.000000,
        "bw_samples" : 0,
        "iops_min" : 0,
        "iops_max" : 0,
        "iops_mean" : 0.000000,
        "iops_stddev" : 0.000000,
        "iops_samples" : 0
      },
      "sync" : {
        "total_ios" : 0,
        "lat_ns" : {
          "min" : 0,
          "max" : 0,
          "mean" : 0.000000,
          "stddev" : 0.000000,
          "N" : 0
        }
      },
      "job_runtime" : 10000,
      "usr_cpu" : 19.430000,
      "sys_cpu" : 49.450000,
      "ctx" : 277759,
      "majf" : 0,
      "minf" : 22,
      "iodepth_level" : {
        "1" : 0.100000,
        "2" : 99.999927,
        "4" : 0.000000,
        "8" : 0.000000,
        "16" : 0.000000,
        "32" : 0.000000,
        ">=64" : 0.000000
      },
      "iodepth_submit" : {
        "0" : 0.000000,
        "4" : 100.000000,
        "8" : 0.000000,
        "16" : 0.000000,
        "32" : 0.000000,
        "64" : 0.000000,
        ">=64" : 0.000000
      },
      "iodepth_complete" : {
        "0" : 0.000000,
        "4" : 100.000000,
        "8" : 0.000000,
        "16" : 0.000000,
        "32" : 0.000000,
        "64" : 0.000000,
        ">=64" : 0.000000
      },
      "latency_ns" : {
        "2" : 0.000000,
        "4" : 0.000000,
        "10" : 0.000000,
        "20" : 0.000000,
        "50" : 0.000000,
        "100" : 0.000000,
        "250" : 0.000000,
        "500" : 0.000000,
        "750" : 0.000000,
        "1000" : 0.000000
      },
      "latency_us" : {
        "2" : 0.000000,
        "4" : 0.000000,
        "10" : 0.000000,
        "20" : 0.000000,
        "50" : 0.000000,
        "100" : 0.000000,
        "250" : 0.000000,
        "500" : 0.000000,
        "750" : 0.000000,
        "1000" : 0.000000
      },
      "latency_ms" : {
        "2" : 0.000000,
        "4" : 0.000000,
        "10" : 0.000000,
        "20" : 0.000000,
        "50" : 0.000000,
        "100" : 0.000000,
        "250" : 1.288785,
        "500" : 1.923195,
        "750" : 2.203736,
        "1000" : 2.026325,
        "2000" : 7.673698,
        ">=2000" : 84.884260
      },
      "latency_depth" : 2,
      "latency_target" : 0,
      "latency_percentile" : 100.000000,
      "latency_window" : 0
    }
  ],
  "disk_util" : [
    {
      "name" : "sdb",
      "read_ios" : 2,
      "write_ios" : 195,
      "read_sectors" : 16,
      "write_sectors" : 20808,
      "read_merges" : 0,
      "write_merges" : 618,
      "read_ticks" : 1,
      "write_ticks" : 215,
      "in_queue" : 215,
      "util" : 0.090072
    }
  ]
}
